# This file uses centimeters as units for non-parametric coordinates.

mtllib sword.mtl
g default
v -3.444096 2.930824 -0.845782
v -3.342991 2.425625 0.656685
v -3.332289 3.008369 0.653791
v 3.211217 2.795139 -0.195486
v 3.328400 2.303120 0.614843
v 3.339097 2.885868 0.611949
v -3.301878 2.953785 0.124922
v -0.607559 3.034435 -1.335512
v -3.138536 2.890522 -0.249315
v -3.854618 3.132122 2.017524
v -2.080499 2.770775 -0.821816
v -1.642032 2.812332 -0.345918
v -3.183542 2.796665 2.582273
v -3.973553 2.350731 0.968533
v -3.428432 2.909931 2.681552
v 3.973553 2.963749 0.915010
v 3.934536 2.938660 0.469681
v 3.349249 2.866516 0.388481
v 3.921454 2.226917 0.473223
v -3.959620 3.109428 0.964763
v -2.149103 2.774719 -0.108864
v -0.002331 3.060539 -0.613345
v -1.055749 2.981438 -1.331190
v -3.016912 3.023170 1.345808
v 3.668020 2.845486 -0.687838
v 1.043403 2.953659 -0.619088
v 2.182066 2.696991 -0.847154
v 3.817904 2.985352 2.293851
v 1.920268 2.714912 -0.170177
v 3.206841 2.679214 2.542193
v 0.597211 3.023907 -0.616973
v 3.586563 2.824795 -0.853604
v 3.132650 2.909969 1.142612
v -1.400916 2.499920 -0.516082
v -2.836409 2.787857 2.073186
v -1.939702 2.585949 -0.872709
v -1.651360 2.548565 -1.070264
v -1.934277 2.588650 -0.145051
v -1.646800 2.549576 -0.344617
v -0.868751 2.307907 -0.604123
v -3.962532 2.360344 0.743814
v -3.927151 3.083054 0.518977
v -3.831562 2.409733 -0.086274
v -3.355326 2.433727 0.544136
v -3.310646 2.473911 0.127310
v -2.818903 2.559898 -0.212196
v -0.326848 2.251480 -0.607353
v -0.855641 3.022827 -0.607665
v -0.616983 2.275429 -0.605608
v -2.873024 2.471161 1.703150
v -2.861101 2.530106 1.835301
v -3.225403 2.508461 -0.153145
v -3.344963 2.999592 0.541316
v -3.355988 2.442848 0.433198
v -0.873123 2.311893 -1.329863
v -0.316786 3.047428 -1.337620
v -1.394462 2.851307 -0.517825
v -0.602839 3.046005 -0.609457
v -0.312039 3.059258 -0.611357
v -1.646640 2.806305 -1.071561
v -1.936146 2.781433 -0.873678
v -0.860271 3.011768 -1.333355
v -2.839071 2.641975 2.073915
v -2.864101 2.956028 1.700716
v -2.854334 2.898109 1.833486
v -2.813673 2.846394 -0.213623
v -3.305735 3.014843 0.766228
v -3.118464 3.024723 1.181805
v -3.949034 3.097153 0.740143
v -3.820093 3.034687 -0.089373
v -2.927101 2.409946 1.506906
v -2.887619 2.423302 1.590042
v -3.713594 3.099983 2.643536
v -2.876986 3.003407 1.587160
v -2.916002 3.017235 1.503891
v -3.562372 2.979404 2.732643
v -3.666653 3.058228 2.750994
v -3.629803 2.964066 -0.771798
v -3.570658 2.478271 -0.828523
v -3.562014 2.949425 -0.830879
v -3.145203 2.527531 -0.247499
v -3.059450 2.537357 -0.246147
v -3.193207 2.518661 -0.219966
v -3.053205 2.877407 -0.247846
v -3.186171 2.901173 -0.221873
v -3.800421 2.342304 2.345434
v -3.956331 3.118885 1.189276
v -3.956078 2.338238 1.414160
v -3.028246 2.406128 1.348889
v -3.279245 2.414379 0.879896
v -3.316675 2.419178 0.769216
v -3.268171 3.019554 0.876889
v -3.129810 2.406624 1.184877
v -3.217989 2.913406 -0.155164
v -3.345945 2.989452 0.430468
v -3.786034 3.125275 2.341528
v -3.941679 3.125706 1.410230
v -1.063141 2.345669 -0.602732
v -1.326024 2.465965 -0.565262
v -2.061403 2.607105 -0.099466
v -2.204632 2.600208 -0.818769
v -2.152147 2.607990 -0.108024
v -1.051274 2.991993 -0.605950
v -1.318446 2.882000 -0.567324
v -2.058343 2.772511 -0.100281
v -1.322199 2.873161 -1.290959
v 1.489717 2.472305 -0.457098
v 1.490073 2.766327 -1.183040
v -0.017441 2.238796 -0.609262
v 0.583099 2.253323 -0.613148
v 3.722945 2.296940 -0.458126
v 3.959685 2.952015 0.690552
v 3.849072 2.254848 0.055566
v 3.243242 2.373905 -0.077621
v 3.312708 2.341221 0.181388
v 2.695507 2.469532 -0.230241
v 0.292270 2.240082 -0.611224
v 0.835884 2.276508 -0.614810
v 3.584925 2.352345 2.690219
v 3.497749 2.398361 2.658135
v 2.873561 2.365700 1.667107
v 2.868290 2.404263 1.753127
v 3.251218 2.811310 -0.079801
v 3.339587 2.310581 0.502153
v 0.844132 2.980415 -1.344039
v 0.578572 2.257866 -1.339279
v -0.021897 2.243847 -1.335656
v 0.302332 3.036026 -1.341517
v 1.495240 2.773312 -0.458589
v 0.848994 2.991425 -0.618353
v 0.307103 3.047848 -0.615251
v 1.301156 2.824783 -1.307407
v -0.007137 3.048195 -1.339658
v 0.592419 3.012348 -1.343036
v 2.853271 2.683384 2.037489
v 3.594014 2.848034 2.687774
v 3.505192 2.804893 2.656092
v 2.700372 2.734390 -0.231568
v 3.033153 2.911942 1.307870
v 3.278191 2.899235 0.835822
v 3.733406 2.866756 -0.460978
v 3.861069 2.909348 0.052325
v 2.885011 2.317261 1.553827
v 2.922891 2.302322 1.470208
v 2.934062 2.909863 1.467196
v 3.689386 2.273491 2.708017
v 3.735011 2.230919 2.600383
v 2.882412 2.850319 1.664698
v 2.895645 2.897373 1.550945
v 3.748405 2.962719 2.596735
v 3.701333 2.922974 2.704778
v 3.607712 2.333317 -0.814762
v 3.488341 2.355896 -0.883827
v 3.496722 2.812279 -0.886112
v 3.616875 2.831112 -0.817237
v 3.171136 2.401791 -0.259875
v 3.086572 2.418201 -0.288598
v 3.093036 2.770645 -0.290357
v 3.150440 2.406937 -0.277640
v 3.203803 2.390194 -0.193467
v 3.178170 2.784302 -0.261781
v 3.157292 2.779690 -0.279501
v 3.959183 2.197712 1.143391
v 3.961777 2.980747 1.360673
v 3.868026 2.192581 1.972952
v 3.303264 2.297703 0.727700
v 3.121305 2.291874 1.145685
v 3.314207 2.893372 0.724712
v 3.267086 2.294064 0.838852
v 3.021865 2.295158 1.310952
v 3.350000 2.876701 0.499333
v 3.321974 2.844028 0.178890
v 3.973426 2.973297 1.139545
v 3.882681 2.990063 1.969007
v 1.299125 2.417519 -0.581727
v 2.135551 2.529293 -0.134903
v 1.026769 2.310860 -1.341169
v 1.230940 2.383789 -1.330525
v 2.057912 2.526428 -0.846958
v 1.912876 2.515106 -0.896875
v 1.031534 2.307335 -0.615870
v 1.236188 2.381237 -0.606453
v 2.044950 2.531734 -0.125226
v 1.916682 2.518112 -0.169214
v 1.245200 2.872177 -0.608904
v 1.306749 2.833805 -0.583789
v 2.061007 2.694736 -0.847793
v 1.038363 2.942944 -1.344299
v 1.239723 2.862598 -1.332894
v -3.186213 2.651039 2.582996
v -1.930641 2.785709 -0.146039
v -1.398316 2.843021 -1.241556
v -2.201390 2.777493 -0.819666
v -3.678802 2.980530 -0.641755
v 2.850606 2.537495 2.038217
v 3.959642 2.205040 0.918782
v 2.955027 2.758553 -0.874837
v 1.916504 2.710842 -0.897842
v 2.138596 2.696022 -0.135743
v -1.404580 2.501125 -1.239880
v -0.621405 2.279949 -1.331755
v -0.331331 2.256279 -1.333694
v -3.940186 2.371567 0.522520
v -3.688467 2.453182 -0.639136
v -3.435030 2.547718 2.683362
v -3.571465 2.483715 2.735115
v -3.120882 2.525150 -0.839000
v -3.114239 2.886032 -0.840782
v -3.727058 2.367931 2.647181
v -3.678576 2.409000 2.754204
v -3.452152 2.492111 -0.843586
v -3.638918 2.466522 -0.769323
v -3.869249 2.334637 2.021498
v -3.970573 2.343304 1.193122
v -1.329683 2.467701 -1.288938
v -1.067345 2.349361 -1.328033
v -2.083593 2.602470 -0.820981
v 1.484673 2.472446 -1.181581
v 0.287784 2.244877 -1.337564
v 0.831306 2.280533 -1.340544
v 3.946164 2.214943 0.694225
v 2.948975 2.429592 -0.873179
v 3.204169 2.533592 2.542942
v 2.875775 2.812897 1.751078
v 3.658352 2.318134 -0.685193
v 3.577708 2.340443 -0.851199
v 3.947330 2.193020 1.364603
v 3.803561 2.202637 2.297758
v 1.293717 2.419579 -1.305386
v 2.178821 2.519711 -0.846258
v 2.047986 2.697144 -0.126044
v 3.339209 2.319916 0.391212
v 0.066485 2.972652 -3.258068
v 0.489682 2.786480 -4.916141
v 0.387832 2.760822 -3.259081
v 0.446029 2.781044 -2.388189
v 0.296664 2.740345 -0.962711
v 0.358042 2.312107 -4.912996
v 0.284286 2.387669 -3.256607
v 0.329275 2.360294 -2.385401
v 0.219537 2.462364 -0.960884
v -0.045276 2.191257 -4.909845
v -0.032984 2.292751 -3.254127
v -0.028261 2.253235 -2.382607
v -0.016788 2.391670 -0.959034
v -0.443831 2.326820 -4.907967
v -0.346629 2.399128 -3.252651
v -0.381641 2.373306 -2.380941
v -0.250358 2.471081 -0.957922
v -0.475907 2.780621 -4.528377
v -0.643351 2.857613 -1.649402
v -0.111612 2.603737 -5.875972
v -0.121803 2.995789 -4.531676
v -0.140155 3.163296 -1.654078
v -0.058601 2.688183 -5.875739
v 0.065525 2.992153 -4.532851
v 0.083852 3.019478 -2.387047
v 0.126118 3.158573 -1.655743
v 0.004358 2.677078 -5.876086
v 0.237603 2.933632 -4.533661
v 0.370620 3.075291 -1.656902
v 0.445475 2.621796 -4.533466
v 0.665999 2.632153 -1.656627
v 0.038928 2.609814 -5.875978
v 0.434816 2.549648 -4.533049
v 0.470387 2.556313 -2.387254
v 0.650853 2.529598 -1.656041
v 0.024093 2.601170 -5.876822
v 0.406290 2.480545 -4.532531
v 0.440547 2.484009 -2.386709
v 0.610321 2.431465 -1.655288
v -0.016190 2.571289 -5.876420
v 0.142715 2.284912 -4.529902
v 0.235751 2.153374 -1.651562
v -0.224877 2.291668 -4.527597
v -0.220089 2.286289 -2.381545
v -0.286585 2.163048 -1.648286
v -0.072452 2.572151 -5.876068
v -0.481106 2.497032 -4.526965
v -0.488283 2.501266 -2.380884
v -0.650722 2.454773 -1.647389
v -0.536508 2.793407 -5.619356
v -0.557994 2.805843 -4.909569
v -0.436441 2.775978 -3.253910
v -0.482850 2.798050 -2.382363
v -0.317291 2.751583 -0.958858
v -0.334613 2.976341 -5.621528
v -0.139965 3.059761 -4.913464
v -0.107524 2.975952 -3.256977
v -0.112249 3.023144 -2.385816
v -0.072279 2.900612 -0.961138
v -0.542290 2.475510 -5.617771
v -0.139349 3.034767 -5.623055
v 0.070786 3.030891 -5.624372
v 0.081230 3.055698 -4.914851
v 0.057319 2.898117 -0.961955
v 0.263796 2.965321 -5.625282
v 0.410290 2.848000 -5.625642
v 0.458844 2.775238 -5.625596
v 0.284399 2.986664 -4.915808
v 0.411533 2.764385 -4.533943
v 0.226362 2.918503 -3.258821
v 0.263996 2.958401 -2.387895
v 0.617738 2.834560 -1.657301
v 0.176361 2.857594 -0.962524
v 0.030100 2.622826 -5.876966
v 0.496918 2.615471 -5.625062
v 0.529804 2.618397 -4.915577
v 0.419433 2.628727 -3.258638
v 0.481555 2.631805 -2.387689
v 0.320165 2.641769 -0.962386
v 0.484983 2.534561 -5.624593
v 0.517194 2.533108 -4.915085
v 0.409546 2.561733 -3.258248
v 0.312815 2.592045 -0.962112
v 0.452991 2.457092 -5.624013
v 0.333775 2.324532 -5.622610
v 0.483541 2.451714 -4.914474
v 0.299990 2.362267 -4.531279
v 0.383044 2.497540 -3.257769
v 0.459270 2.263493 -1.653517
v 0.293092 2.544334 -0.961734
v 0.157333 2.237476 -5.621064
v -0.025784 2.687412 -5.875942
v 0.055880 2.215984 -5.620314
v -0.049372 2.209755 -5.619615
v 0.172359 2.220673 -4.911370
v -0.041593 2.260193 -4.528610
v 0.138170 2.315662 -3.255331
v 0.164671 2.279270 -2.383959
v -0.026143 2.118111 -1.649725
v 0.110741 2.408875 -0.959934
v -0.154305 2.219604 -5.618997
v -0.261637 2.228580 -4.908649
v -0.203233 2.322083 -3.253187
v -0.143600 2.413506 -0.958341
v -0.254930 2.245079 -5.618480
v -0.428022 2.338463 -5.617833
v -0.379194 2.374969 -4.527021
v -0.505914 2.281116 -1.647460
v -0.493762 2.402756 -5.617727
v -0.564133 2.471077 -4.907903
v -0.441255 2.512699 -3.252600
v -0.320866 2.555573 -0.957881
v 0.128267 2.580601 21.620327
v 0.789139 2.507755 9.405790
v 0.443144 2.545200 15.645840
v 0.768359 2.539124 15.654877
v 0.031311 2.566223 6.199506
v 0.072470 2.597530 12.673040
v 0.106077 2.623352 17.952303
v 0.119015 2.573578 20.162676
v 0.558224 2.564709 20.025087
v 0.730188 2.551472 17.977613
v 0.787206 2.523994 12.670206
v 0.780073 2.491962 6.195304
v 0.435200 2.562286 19.086344
v 0.670232 2.558838 19.256519
v 0.285940 2.568680 19.795855
v -0.004544 2.538700 0.565185
v 0.117023 2.572094 19.849335
v 0.407532 2.565281 19.565523
v 0.427536 2.556820 17.924427
v 0.461935 2.530083 12.667336
v 0.454720 2.497803 6.196432
v 0.422568 2.470383 0.562790
v 0.540008 2.749390 21.444513
v 0.139115 2.763622 22.811693
v 0.858894 2.737339 20.224102
v 1.013874 2.729881 19.296886
v 1.075520 2.722466 17.998268
v 1.133217 2.694870 12.672363
v 1.126083 2.662830 6.193305
v 1.114287 2.710007 15.663485
v 1.093999 2.635139 0.557583
v 1.135174 2.678627 9.404892
v 1.111919 2.649036 3.369931
v 0.134783 2.934891 21.618542
v 0.391349 2.531475 0.562706
v 0.117893 2.632282 19.816624
v 0.035577 2.799431 6.198351
v 0.076757 2.830994 12.671885
v 0.110323 2.856556 17.951118
v 0.125528 2.927872 20.160919
v 0.564737 2.918999 20.023327
v 0.736727 2.905750 17.975855
v 0.793718 2.878284 12.668444
v 0.786537 2.845997 6.193544
v 0.754838 2.818497 0.558927
v 0.423487 2.558891 6.196214
v 0.430639 2.590919 12.666727
v 0.393698 2.617863 17.918844
v 0.364619 2.626411 19.536827
v 0.017639 2.785801 3.375853
v 0.123535 2.926380 19.847576
v 0.414019 2.919579 19.563761
v 0.434002 2.910851 17.922667
v 0.468401 2.884117 12.665573
v 0.461232 2.852093 6.194671
v 0.055996 2.814980 9.408373
v 0.128805 2.930168 20.682995
v 0.095736 2.845493 15.654598
v 0.118027 2.862549 19.156170
v 0.122160 2.865494 19.815470
v 0.368912 2.859612 19.535648
v 0.397942 2.851078 17.917662
v 0.434931 2.824387 12.665543
v 0.427775 2.792358 6.195057
v 0.231659 2.795761 6.196796
v 0.255825 2.827564 12.669378
v 0.336967 2.923744 20.119612
v 0.211361 2.548840 3.375631
v 0.242132 2.578098 9.407814
v 0.281952 2.572598 20.550098
v 0.251672 2.609158 15.651733
v 0.253714 2.626514 19.127640
v 0.370374 2.926575 20.815134
v 0.765897 2.478168 3.372635
v 0.254156 2.853817 17.939674
v 0.748372 2.464466 0.560687
v 0.772364 2.832203 3.370874
v 0.447076 2.838291 3.372605
v 0.765897 2.478168 3.372635
v 0.193380 2.534958 0.563932
v 0.795605 2.861790 9.404030
v 0.774875 2.893414 15.653090
v 0.409301 2.545101 3.374198
v 0.432559 2.574688 9.405523
v 0.411854 2.606041 15.644629
v 0.393531 2.623718 19.069130
v 0.260310 2.629536 19.763269
v 0.676746 2.913128 19.254759
v 0.134783 2.934891 21.618542
v 0.564737 2.918999 20.023327
v 0.215603 2.782055 3.374474
v 0.246421 2.811565 9.406656
v 0.288417 2.926628 20.548338
v 0.255943 2.842365 15.650555
v 0.257983 2.859722 19.126486
v 0.736727 2.905750 17.975855
v 0.793718 2.878284 12.668444
v 0.786537 2.845997 6.193544
v -0.000229 2.772163 0.564030
v 0.429082 2.824677 0.561030
v 0.470298 2.867886 9.404058
v 0.449612 2.899231 15.644081
v 0.441687 2.916576 19.084583
v 0.292429 2.922977 19.794090
v 0.370374 2.926575 20.815134
v 0.676746 2.913128 19.254759
v 0.774875 2.893414 15.653090
v 0.795605 2.861790 9.404030
v 0.754838 2.818497 0.558927
v 0.197669 2.768429 0.562774
v 1.172498 2.628052 -0.611011
v 0.358315 2.425873 -0.604919
v 0.758210 2.855995 -0.609555
v 0.413616 2.778564 3.373042
v 0.436849 2.808151 9.404366
v 0.416142 2.839504 15.643473
v 0.397825 2.856922 19.067951
v 0.264605 2.862740 19.762115
v 0.366368 2.863258 -0.607094
v 0.395590 2.764687 0.561547
v 0.013350 2.552330 3.377011
v -0.377932 2.876873 -0.602412
v 0.051729 2.581772 9.409529
v 0.122340 2.576141 20.684753
v 0.764333 2.860950 0.412540
v 0.091444 2.612022 15.655781
v 0.372951 2.868130 0.415045
v 0.113714 2.629086 19.157324
v 0.750206 2.418865 -0.607380
v 0.227417 2.562553 6.197954
v 0.251580 2.594349 12.670565
v 0.363858 2.572289 20.816895
v 0.330449 2.569458 20.121397
v 0.249915 2.620602 17.940832
v 0.364921 2.431007 0.417217
v 0.756305 2.423828 0.414712
v 1.178987 2.632938 0.411015
v 0.440566 2.484005 3.374364
v 1.172498 2.628052 -0.611011
v -0.379535 2.444649 0.421911
v 0.358315 2.425873 -0.604919
v 0.758210 2.855995 -0.609555
v 0.372951 2.868130 0.415045
v 0.463783 2.513596 9.405819
v -0.644482 2.550243 12.679173
v -0.262563 2.558041 15.650263
v -0.519947 2.574348 17.985455
v -0.759671 2.492107 0.570156
v -0.210859 2.574162 19.090410
v -0.321959 2.580925 20.030634
v -0.052554 2.574833 19.797956
v -0.177096 2.575871 19.569170
v -0.217978 2.568600 17.928467
v -0.319181 2.544411 12.672235
v -0.394341 2.513557 6.201749
v -0.279129 2.764389 21.449602
v -0.321959 2.580925 20.030634
v -0.613564 2.764488 20.233313
v -0.780308 2.763004 19.308161
v -0.858464 2.757851 18.010387
v -0.519947 2.574348 17.985455
v -0.983885 2.733639 12.685642
v -1.059166 2.702816 6.207013
v -0.926946 2.747475 15.676294
v -0.644482 2.550243 12.679173
v -1.027368 2.718376 9.418451
v -0.719684 2.519390 6.204707
v -1.080921 2.689098 3.383693
v -0.132345 2.635624 19.539948
v -0.181978 2.628387 17.922432
v -0.285742 2.604141 12.671196
v -0.360888 2.573292 6.201128
v -1.098821 2.675461 0.571344
v -0.382643 2.559578 3.379168
v -0.315445 2.935207 20.028849
v -0.513433 2.928638 17.983694
v -0.637966 2.904530 12.677412
v -0.713171 2.873688 6.202947
v -0.427413 2.840221 0.566396
v -0.378328 2.793041 3.378013
v -0.160495 2.803089 6.199254
v -0.198201 2.775642 0.565256
v -0.324844 2.822067 9.409136
v -0.102358 2.834175 12.671642
v -0.086434 2.931549 20.122284
v -0.184635 2.556087 3.378102
v -0.138704 2.585186 9.410225
v -0.038973 2.578411 20.552105
v -0.068835 2.614899 15.653728
v -0.026642 2.631454 19.129385
v -0.111010 2.935299 20.818132
v -0.224806 2.851231 15.647490
v -0.033668 2.859074 17.941481
v -0.162891 2.867062 19.071491
v -0.020885 2.867825 19.763906
v -0.687887 2.534966 9.415047
v -0.587665 2.564098 15.663382
v -0.443739 2.579334 19.263521
v -0.092948 2.577263 20.124046
v -0.734915 2.859966 3.380334
v -0.387877 2.867592 6.199989
v -0.117477 2.581264 20.819918
v -0.443739 2.579334 19.263521
v -0.587665 2.564098 15.663382
v -0.753159 2.846397 0.568370
v -0.687887 2.534966 9.415047
v -0.759671 2.492107 0.570156
v -0.681421 2.888996 9.413288
v -0.312716 2.898441 12.670477
v -0.356103 2.883167 9.409229
v -0.581152 2.918385 15.661594
v -0.211467 2.922886 17.926706
v -0.256050 2.912327 15.648500
v -0.437224 2.933620 19.261736
v -0.400413 2.545918 0.567667
v -0.170562 2.930416 19.567408
v -0.204370 2.928452 19.088648
v -0.046067 2.929123 19.796194
v -0.180368 2.789288 3.376946
v -0.134415 2.818653 9.409040
v -0.032457 2.932697 20.550346
v -0.064523 2.848358 15.652573
v -0.022327 2.864918 19.128231
v -0.409578 2.854130 3.377978
v -0.396124 2.779385 0.566509
v -0.356599 2.806755 6.199970
v -0.281426 2.837608 12.670040
v -0.177711 2.861591 17.921278
v -0.734915 2.859966 3.380334
v -0.128050 2.868828 19.538765
v -1.192124 2.671524 -0.596188
v -0.777803 2.447014 -0.597779
v -0.385908 2.439739 -0.600235
v -0.377932 2.876873 -0.602412
v -0.770956 2.451839 0.424281
v -0.762928 2.888966 0.422110
v -0.202468 2.542435 0.566411
v -0.164808 2.569630 6.200409
v -0.106599 2.600964 12.672800
v -0.329160 2.588600 9.410316
v -0.117477 2.581264 20.819918
v -0.037910 2.625858 17.942640
v -0.229074 2.618027 15.648643
v -0.025130 2.634884 19.765060
v -0.167186 2.633862 19.072643
v -1.185636 2.676411 0.425837
v -0.416089 2.499840 3.379737
v -0.719684 2.519390 6.204707
v -0.741380 2.505936 3.382095
v -0.777803 2.447014 -0.597779
v -0.379535 2.444649 0.421911
v -0.762928 2.888966 0.422110
v -0.371529 2.881775 0.419711
v -0.769771 2.884144 -0.599976
v -0.433879 2.486187 0.568156
v -0.362620 2.528873 9.411015
v -0.228824 2.198696 0.881039
v -0.694562 2.200554 -1.049677
v -1.327783 2.232033 -0.582032
v -1.152644 2.246796 1.199503
v -0.172316 2.249138 2.912106
v -2.723457 2.033245 -0.313812
v -1.432226 2.198647 0.689144
v -1.492970 2.190285 0.201939
v -2.379158 2.227722 1.140309
v -0.093594 2.297592 2.236292
v -0.192515 2.182728 -0.505633
v -0.323909 2.186878 -0.766845
v -2.450566 2.067802 -0.054040
v -1.736870 2.176842 -0.028611
v 0.830160 2.193390 -1.030190
v 0.680943 2.171463 1.557829
v 2.642090 2.031528 -1.582575
v 1.490734 2.125099 0.046214
v 1.150893 2.112701 1.198831
v 1.449886 2.104324 2.249501
v 2.130075 2.184345 1.421907
v 1.920221 2.129936 0.887563
v 1.963009 2.163589 1.225407
v 1.711352 2.129345 1.054496
v -1.504370 2.216480 0.943511
v 2.701554 1.910957 -0.354214
v 0.007855 2.183559 -0.785384
v -1.444232 2.040459 0.398259
v -1.448308 2.044651 0.496872
v -0.940843 2.199997 0.658820
v -2.759392 2.052063 -0.852862
v 1.110184 2.220016 -0.328753
v 1.236314 2.114391 2.500707
v -0.582765 2.101021 1.196252
v 1.267852 2.043186 -0.337385
v -0.512561 2.215908 0.918813
v -2.614574 2.167458 0.686841
v 1.764602 2.123478 1.980136
v 0.013060 1.918167 0.967530
v -0.336639 1.994148 0.568654
v -0.247740 1.928757 0.297641
v -1.242088 2.342991 -0.486411
v -0.377252 2.120762 -0.207132
v 0.018925 1.974522 1.347536
v -1.527036 2.442486 -1.061146
v -2.032741 2.427376 -1.070029
v 1.811598 2.407024 -1.109021
v 0.812050 2.295998 -0.613712
v 0.194623 2.026772 0.012084
v 1.362478 2.338314 -0.559539
v 0.162154 1.954948 1.090670
v 1.213222 2.287006 -0.413892
v 0.540089 2.165447 -0.356899
v 1.104787 2.233185 -0.533637
v 0.005034 1.849503 0.495115
v -1.124665 2.339039 -1.178851
v -0.318848 2.093037 -0.509659
v -1.292665 2.357365 -1.251920
v 1.429930 2.349941 -1.285125
v 0.450912 1.981812 -0.064745
v 0.131183 1.878876 0.596732
v 0.333982 2.080704 -0.506163
v 1.406901 2.286964 -1.175640
v 0.211369 1.905624 -0.106315
v 0.386722 1.962696 -0.284891
v 0.746414 2.122311 -0.640996
v 0.992196 2.214546 -0.869037
v -0.621067 2.377827 2.588274
v -0.314270 2.287277 1.345993
v -2.188468 2.509342 0.139223
v -2.872021 2.531322 -0.750954
v -2.297258 2.633736 -1.096167
v -1.585630 2.650513 -1.035759
v 0.011714 2.234463 0.299693
v -2.375614 2.602150 1.428603
v -2.693853 2.652210 1.086907
v -0.605909 2.439613 -0.280061
v -3.073469 2.399128 -0.066753
v -2.357853 2.519726 1.393323
v -1.709815 2.403984 1.790647
v -1.287598 2.455956 -0.168278
v -2.052050 2.457676 -0.145411
v -1.726068 2.483486 -0.235205
v -0.786438 2.309906 0.170315
v 0.534295 2.217606 0.619053
v 1.270811 2.469337 -0.097402
v 3.100627 2.348640 -0.117507
v 2.275636 2.462387 0.848275
v 0.985687 2.380920 0.088715
v 0.372534 2.245373 1.552170
v 0.215985 2.312672 3.060739
v 0.618497 2.290459 2.374748
v 1.641458 2.541420 -1.007403
v 1.980840 2.368084 1.535909
v 2.701534 2.467361 1.025540
v 1.669864 2.320179 1.817667
v 0.289267 2.157253 1.344276
v 0.573270 2.217285 2.629756
v -0.511618 2.112762 2.085755
v -2.233819 2.454197 -0.699337
v -1.855545 2.518787 -0.881066
v -1.271173 2.508774 -0.834184
v -2.517806 2.366631 -0.193018
v -1.527889 2.237236 1.442247
v -1.138340 2.334682 -0.370430
v -0.854786 2.249474 -0.213330
v -2.427885 2.400314 0.524952
v 1.030622 2.283154 -0.068289
v 1.305534 2.335075 -0.141889
v 0.526124 2.031971 2.165078
v 1.893869 2.480499 -0.902328
v 1.328471 2.498653 -0.839071
v 0.381542 2.039356 1.693411
v 1.798512 2.191593 1.298512
v 2.225178 2.304157 0.874811
v 1.359892 2.048683 1.488185
v -0.532086 3.095669 -0.679610
v -0.615989 3.066433 1.559138
v -2.640799 3.255974 -1.553240
v -1.474959 3.171108 0.197055
v -1.383522 3.112396 2.258651
v -2.611570 3.309078 0.337766
v -1.989113 3.157036 1.301460
v -0.656191 3.066181 1.594017
v -1.214722 3.114567 1.240207
v -1.851416 3.211006 0.245689
v 1.115755 3.158138 0.432546
v 0.733486 3.045849 -0.706324
v 1.377360 3.048141 -0.593132
v 0.272028 3.088211 2.824464
v 0.291075 3.071724 2.666451
v 2.726839 3.290928 -0.361083
v 1.014553 3.167038 0.605684
v 0.968536 3.146156 2.662820
v 1.783180 3.136230 1.975099
v 0.167627 3.039997 2.255236
v 1.578621 3.147278 1.822906
v 1.734522 3.144161 0.747542
v -0.149869 3.037235 2.385657
v 0.015003 3.143101 -1.560386
v 0.420151 3.087582 -0.962717
v 0.983015 3.298073 1.481334
v -1.064983 3.094318 -0.258317
v -0.876022 3.099651 2.670613
v -1.298736 3.279377 1.070280
v 2.085062 3.299099 -0.581426
v 2.644496 3.166641 0.650023
v 0.044029 3.342617 1.340722
v -1.678024 2.939690 -0.854800
v -1.537387 2.997353 -0.919939
v -0.155460 3.399059 0.353304
v 0.380222 3.341660 0.558774
v 1.581892 2.811569 -1.075978
v 0.038660 3.432018 0.805226
v -0.917253 3.021500 -1.061319
v -0.413520 3.309345 -0.072053
v -0.088351 3.422924 0.590214
v -1.413004 2.989727 -1.073336
v -0.178744 3.392509 -0.114287
v -0.997714 3.095127 -0.925590
v 0.319369 3.373814 0.145168
v 0.354619 3.206631 -0.511765
v 1.983313 2.907616 -1.244628
v -0.490104 3.050854 0.619648
v -3.108980 2.933243 -0.070421
v -2.237964 2.846458 0.871678
v -1.919888 2.833225 -0.113569
v -1.565054 2.797585 -0.179490
v -0.801696 2.949066 0.223432
v -0.305644 3.026840 1.551057
v -3.062130 3.017757 -0.069834
v -2.275557 2.831161 -1.054839
v -2.139632 2.918282 1.242658
v -0.621046 2.974194 -0.250115
v -1.921144 2.963955 1.698131
v -2.663542 2.847248 1.053803
v -1.611018 2.930225 1.832206
v -1.699216 2.981453 1.787781
v -1.914827 2.889465 1.737607
v 0.378495 3.075428 1.339121
v 2.210262 2.828899 0.108407
v 1.636793 2.606606 -1.050412
v 2.732308 2.662048 1.056486
v 0.396214 2.981098 0.004410
v 3.066272 2.933086 -0.118895
v 1.338151 2.849712 -0.176393
v 1.681285 2.941704 1.814569
v 2.141319 2.706902 -1.105185
v 0.420076 3.070919 0.044089
v 2.706687 2.748840 1.024139
v -0.392341 3.217823 0.507556
v -0.981707 3.004559 -0.070261
v -1.474627 2.965115 -0.112528
v -1.255830 2.961754 -0.139205
v -1.849566 2.845646 -0.882695
v -1.303279 3.167984 1.496973
v -1.265181 2.834568 -0.835793
v -0.241436 3.240768 1.264889
v -2.365484 2.992298 0.632380
v -1.717204 3.005951 0.056831
v 2.253557 2.829109 -0.733650
v 1.762427 2.732159 -0.919426
v 1.333095 2.749268 -0.840334
v 0.320373 3.267220 1.009973
v 2.523381 2.961903 -0.234920
v 1.381371 3.220776 1.482344
v 1.199999 2.948292 -0.393854
v 1.532670 2.907749 -0.453530
v 1.901283 2.942886 -0.356272
v 2.162157 3.046364 0.422870
v 2.427308 1.895706 -1.101900
v -0.186257 2.015339 -1.207047
v 0.025463 1.845203 0.547326
v 0.180248 2.248066 0.217179
v 0.192025 2.158802 0.279740
v 2.139617 2.422134 -0.809077
v 1.449780 2.337013 -0.136617
v 1.617036 2.509403 -0.913347
v 1.163297 2.315292 -0.116421
v 1.046143 2.442547 -0.680124
v 0.912561 2.244606 -0.004110
v 2.462186 3.142082 -1.494943
v 2.449601 3.337376 -0.781596
v -0.250353 3.130447 -1.333970
v -0.578243 3.119545 -1.024577
v 2.463265 3.265507 -0.095119
v 0.017305 3.395199 1.021767
v 0.015393 3.463051 0.539508
v -0.835268 3.118328 -0.550575
v -0.700090 3.069263 -0.911997
v -0.758956 3.162991 -0.708549
v -2.111545 2.895367 -0.782210
v -1.402897 2.960594 -0.130423
v -1.560081 2.823669 -0.901920
v -1.113092 2.977470 -0.116556
v 2.522353 2.134377 0.986848
v -0.866882 2.113010 1.316355
v 1.460653 1.944836 0.481003
v 1.123214 2.175522 -0.069268
v 1.590177 1.944996 0.532291
v 2.442299 2.058109 -1.489543
v 2.439106 1.948586 -0.088569
v -0.267944 2.170982 -1.329203
v -0.845566 2.209656 0.755749
v 0.014063 1.919041 1.038564
v 0.005743 1.846462 0.555522
v 0.003712 1.858219 0.359129
v -1.309690 2.290627 -1.136587
v -0.575452 2.298725 2.568166
v -0.585195 2.375172 2.431187
v -3.117231 2.485302 -0.068189
v -2.286867 2.526730 0.505552
v -0.947486 2.441307 0.091461
v 0.980005 2.446823 -0.546489
v 2.742493 2.486790 -0.918311
v 2.150169 2.595680 -1.148221
v 1.637213 2.627972 -1.050529
v 2.497059 2.564953 1.326813
v 2.993672 2.450981 0.587973
v 0.960418 2.537525 -0.580724
v 0.383882 2.309715 0.007751
v 0.481503 2.207237 0.741098
v -0.508003 2.113415 2.055880
v 0.026930 2.036041 2.627851
v 2.337080 2.348072 -0.632907
v 0.909422 2.400566 -0.576694
v -0.677711 3.119125 -1.054233
v -1.451385 3.168346 0.662218
v -1.782442 3.329029 0.649559
v -0.492192 3.058651 1.640543
v -0.361630 3.117386 0.921502
v -2.427494 3.326160 -0.060292
v 0.239978 3.046749 2.384477
v 0.355159 3.142738 0.904696
v 0.767772 3.126339 1.663463
v 0.507145 3.094017 1.719459
v -2.483217 3.192722 1.010111
v -2.594947 3.239834 0.681511
v 0.041121 3.395298 1.031209
v 0.104710 3.401554 0.566826
v 0.035394 3.463329 0.547470
v -0.395087 2.990421 2.073827
v -2.181675 2.877346 0.137385
v -1.584674 2.702477 -1.036009
v -2.975195 2.815880 0.625450
v -0.900207 2.781708 -0.584320
v 0.109023 3.068295 0.273405
v -0.434909 3.060776 0.741471
v 1.310395 2.731750 -0.814446
v 1.644208 2.693382 -1.008148
v 0.117860 3.157715 0.347102
v 1.875094 2.758724 -0.167832
v 1.526129 2.743786 -0.180114
v 1.276685 2.788010 -0.098979
v 2.149088 2.757347 1.623638
v 2.314888 2.816185 0.475739
v 1.293952 2.643200 -0.852494
v 0.994983 2.888756 0.086186
v 1.131697 2.833588 -0.018854
v 0.095917 3.217621 0.225409
v 0.153300 3.342552 1.001168
v 0.091928 3.288769 2.590117
v 0.028474 2.118080 2.671509
v 0.027375 2.130985 1.990494
v 0.028204 2.093773 2.905811
v -2.416706 2.034286 0.642145
v -0.886931 2.071983 -0.815923
v -2.546711 1.952686 -0.748528
v -1.578237 2.044834 0.550065
v 0.683019 2.044544 -0.893558
v 1.565403 2.013367 -0.405797
v 0.028528 2.136864 2.419319
v 0.846703 2.114101 0.766295
v 0.030334 2.197674 3.254045
v -1.897000 2.214100 0.908860
v -1.074067 2.260075 1.349391
v -1.122928 2.134628 2.196235
v -1.661624 2.254791 2.015926
v -2.088905 2.238171 1.523197
v -0.805279 2.281097 2.437134
v -1.857677 2.230919 1.194488
v 1.110183 2.113605 0.381077
v 0.546273 2.141804 0.913590
v 1.117905 2.133617 0.193498
v 0.262469 2.162205 0.878673
v 0.276001 2.249439 2.670547
v 2.628686 1.957767 0.308723
v 1.082405 2.109467 0.470425
v 1.387702 1.959373 0.971146
v 0.211962 2.177887 -0.503726
v 2.047468 2.109871 -1.081626
v -0.349947 2.201748 -0.857062
v 0.181256 2.010712 -1.205762
v 0.368802 2.194706 -0.853499
v -0.378248 2.210419 0.926012
v -0.043227 2.208351 3.198986
v -0.939326 2.212948 -0.938834
v -2.288553 2.229252 1.135793
v -1.505917 2.229733 -0.561409
v -0.174489 2.296394 2.413050
v 2.256734 1.973007 0.836216
v -0.595186 2.197021 -1.019988
v -2.571827 2.048645 -0.096345
v -1.610648 2.182377 0.241761
v 2.212410 2.163315 1.070836
v 0.750192 2.167667 1.668243
v 1.477232 2.103508 0.876539
v 1.955051 2.012329 1.491180
v -2.501157 2.213734 1.014996
v 0.713742 2.190548 -1.049371
v 2.554708 2.045017 -1.569652
v 2.097177 2.180889 1.349696
v 1.442886 2.107204 2.104620
v 1.591686 2.095860 0.675975
v 0.271105 2.165642 -1.326511
v 1.609754 2.121643 -0.036874
v 1.172649 1.979244 2.282748
v -2.332376 2.065563 0.904050
v -0.890871 2.118496 1.397994
v -0.009747 1.919994 1.029131
v -1.009826 2.252178 -0.246346
v -2.096218 2.411041 -0.974307
v -1.525889 2.404152 -0.743021
v -0.521821 2.043705 0.313983
v -0.854274 2.180824 -0.076265
v -0.028049 1.917553 0.806144
v -0.062565 1.913609 0.574939
v -1.687578 2.418407 -0.852196
v -0.214443 1.976871 0.848168
v -0.131197 1.976578 1.092080
v -1.688123 2.367416 -0.976188
v -2.305559 2.388836 -1.013092
v -0.450640 1.988205 0.090890
v -0.651201 2.071316 -0.119944
v -0.922065 2.198380 -0.398731
v -1.549189 2.355255 -0.916734
v -1.409819 2.337982 -0.827479
v 0.037579 1.916553 1.028884
v 0.039560 1.915390 0.961687
v 0.963012 2.172291 -0.161013
v 1.920000 2.377205 -0.951720
v 0.673814 2.041214 0.153851
v 0.354826 1.955624 0.565658
v 0.049463 1.912498 0.805734
v 0.069102 1.969223 1.308263
v 1.729005 2.337845 -0.992778
v 0.005723 1.894905 0.464652
v 0.258053 1.906528 0.296345
v 0.463685 1.954567 0.090027
v 0.602620 2.004345 -0.050169
v 0.884477 2.134121 -0.327152
v 1.526937 2.329109 -0.885209
v -0.017324 1.850456 0.490262
v -1.113894 2.305019 -0.812614
v -1.289405 2.340084 -0.973933
v -0.655918 2.119305 -0.329725
v -0.437337 2.010632 -0.065600
v -0.055449 1.875500 0.158645
v -0.028596 1.859421 0.357065
v -0.283348 1.944599 0.153110
v -1.424606 2.356594 -1.070188
v -1.948966 2.366371 -1.217431
v -1.630247 2.373138 -1.268041
v 0.001949 1.877071 0.038770
v -0.149946 2.022659 -0.319591
v -0.205783 1.918358 -0.106939
v -0.376404 1.982433 -0.286994
v -0.553206 2.194035 -0.765674
v -1.190863 2.273178 -1.060835
v -0.930392 2.306854 -1.057757
v -1.013461 2.237499 -0.921319
v 0.052604 1.878304 0.779941
v 0.814835 2.157051 -0.467445
v 1.548707 2.344410 -1.121554
v 1.100423 2.278732 -0.753227
v 0.622049 2.060314 -0.261829
v 0.292769 1.921555 0.152392
v 0.691662 2.226391 -0.861458
v 0.036044 1.856483 0.356866
v 0.195266 1.887684 0.390264
v 0.060427 1.871037 0.158528
v 1.278556 2.323116 -0.924794
v 0.160016 2.015427 -0.318142
v 0.911081 2.291470 -1.019418
v 1.092888 2.326176 -1.139604
v 1.972361 2.312477 -1.241650
v 1.661735 2.343121 -1.285730
v 0.565364 2.039284 -0.464647
v 1.329818 2.348057 -1.261900
v 1.349025 2.281773 -1.145344
v -2.184125 2.441307 -0.032159
v -1.903939 2.474518 -0.212143
v -1.620117 2.482445 -0.231670
v -2.353606 2.464943 0.509720
v -1.191211 2.439209 -0.131763
v -0.941868 2.368793 0.025479
v -0.582581 2.233078 0.396065
v -0.243316 2.202694 1.346412
v -0.309323 2.182861 0.955807
v -0.385350 2.274990 2.204512
v -3.002569 2.402710 -0.417497
v -2.074547 2.521389 -0.007164
v -2.587009 2.499321 -0.934974
v -1.752121 2.557911 -0.167875
v -2.114024 2.561504 -1.076379
v -1.478939 2.559067 -0.168453
v -2.433845 2.535618 1.318969
v -2.845179 2.643890 0.881321
v -2.336061 2.482082 0.700307
v -3.082991 2.537209 0.299507
v -2.339790 2.445713 0.310459
v -1.419447 2.552841 -0.912300
v -1.066180 2.590553 -0.722699
v -1.020971 2.395321 -0.035254
v -1.152345 2.506413 -0.055801
v -0.268882 2.200539 0.174862
v -0.070209 2.241924 0.277197
v -0.631485 2.317551 0.437084
v -0.267239 2.190437 1.142943
v -0.380094 2.267136 0.964847
v -0.357533 2.333382 1.876668
v -0.449480 2.267780 0.745427
v -3.042210 2.449738 0.285684
v -2.815287 2.555786 0.851130
v -2.835571 2.444386 -0.720637
v -2.280768 2.546780 -1.053446
v -1.592007 2.564865 -0.992977
v -1.086227 2.502934 -0.686166
v -0.632445 2.351345 -0.247019
v -0.078289 2.153683 0.351997
v -0.542593 2.290539 2.608284
v -2.668697 2.566029 1.055199
v -0.292108 2.251415 1.914389
v 0.019997 2.145321 1.141787
v 0.407775 2.212387 2.112523
v 0.291390 2.172478 1.560948
v 0.307650 2.144066 1.140339
v 1.059948 2.341259 -0.037499
v 0.624956 2.218857 2.584362
v 0.642927 2.221893 2.549081
v 0.188167 2.234432 3.008914
v 0.486721 2.216599 2.285241
v 0.542693 2.288849 2.242330
v 2.908437 2.324314 -0.626078
v 2.024508 2.440750 -0.090267
v 2.443433 2.458393 -1.042329
v 1.698296 2.500217 -0.193745
v 1.809370 2.538197 -1.065870
v 1.350977 2.484966 -0.130679
v 2.145768 2.417290 1.297915
v 2.101248 2.474747 1.269760
v 2.839161 2.424202 0.817894
v 2.307211 2.435642 0.664797
v 3.055251 2.268871 0.064841
v 2.242789 2.391956 0.195920
v 1.464434 2.622036 -0.963021
v 1.141646 2.488167 -0.686848
v 1.054776 2.406536 0.032335
v 1.233353 2.387844 -0.135865
v 0.800998 2.483330 -0.429457
v 0.897166 2.282921 0.093058
v 0.464661 2.139675 0.591725
v 0.379478 2.216293 1.143732
v 0.344218 2.134132 0.952722
v 0.349222 2.200180 1.912363
v 2.954494 2.361336 0.563137
v 3.053907 2.258797 -0.115558
v 2.707900 2.395512 -0.883008
v 2.137674 2.508789 -1.104205
v 1.473449 2.534603 -0.921740
v 0.822660 2.392242 -0.396828
v 0.404469 2.219353 0.048321
v 0.669218 2.293533 2.617766
v 2.133475 2.351536 -0.122386
v 2.359951 2.374020 0.673180
v 1.436371 2.415985 -0.205846
v 2.326898 2.314213 0.182667
v 1.848422 2.411602 -0.248660
v 0.030975 2.234612 3.144582
v 0.016985 2.133171 0.944510
v 0.022749 2.159103 1.344921
v 0.025088 2.172966 1.533636
v 0.029213 2.217205 2.147653
v 0.407116 2.130722 0.722249
v -1.729013 2.362801 0.060026
v -1.485082 2.393173 -0.109664
v -1.266361 2.388241 -0.136348
v -1.612199 2.252544 1.168934
v -1.848236 2.303028 0.649517
v -1.861628 2.319530 0.423445
v -0.935205 2.317802 -0.037376
v -0.716908 2.231155 0.134319
v -0.515931 2.144527 0.361826
v -0.259048 2.081459 1.100880
v -0.312626 2.082619 0.790778
v -0.058965 2.091614 0.230919
v -0.859837 2.415318 -0.580164
v -1.938354 2.330528 1.176050
v -0.293405 2.094421 1.532732
v -0.287004 2.012241 2.288624
v -1.618329 2.381523 -0.043765
v -1.339862 2.393082 -0.136295
v -1.057238 2.352791 -0.092703
v -2.002028 2.347324 1.115263
v -1.807338 2.292301 0.796986
v -1.864044 2.313629 0.499899
v -1.833870 2.334785 0.268466
v -1.129407 2.485497 -0.767429
v -0.609754 2.317768 -0.345161
v -0.204859 2.131535 0.106556
v -2.096770 2.288589 0.537878
v -0.075208 1.985027 1.236145
v -1.715087 2.273136 1.003411
v -2.414609 2.402889 -0.476655
v -2.376209 2.406120 0.635304
v -1.417499 2.523361 -0.878387
v -2.132879 2.379696 0.976105
v -2.510975 2.375164 0.258587
v -1.992125 2.501659 -0.840689
v -1.763707 2.287148 1.317796
v -1.988333 2.331024 -0.193701
v -1.676275 2.368412 -0.391387
v -2.138412 2.295483 0.255580
v -1.246342 2.352249 -0.399536
v -1.984738 2.266567 0.833084
v 1.585767 2.322216 -0.094803
v 1.378050 2.338348 -0.143478
v 1.095312 2.300323 -0.094684
v 1.853449 2.198124 0.702368
v 1.879683 2.207306 0.553523
v 1.827592 2.248692 0.173485
v 0.856503 2.223202 0.035337
v 0.433957 2.060379 0.509612
v -0.058782 1.994701 1.694683
v -0.131171 1.985313 0.776816
v 0.338244 1.971390 2.286607
v 0.529226 2.032986 1.982153
v 0.373992 2.036518 2.321924
v 1.703293 2.294418 -0.012617
v 2.021729 2.454235 -0.866063
v 1.519456 2.331551 -0.120647
v 1.472980 2.509544 -0.887106
v 1.233657 2.327175 -0.132526
v 2.342136 2.299492 0.705251
v 0.970185 2.264671 -0.038343
v 0.743905 2.177296 0.132750
v 0.339039 2.038212 0.787551
v 0.338991 2.039810 1.530278
v 2.441324 2.275612 0.494456
v 2.470564 2.275501 -0.377811
v 2.245436 2.386177 -0.731441
v 1.758131 2.499218 -0.918277
v 1.186003 2.475739 -0.768838
v 0.647799 2.298016 -0.340554
v 0.223417 2.117538 0.107394
v 2.033935 2.269337 1.093265
v -0.646712 3.262428 -0.900479
v -0.865215 3.256996 -0.821806
v -1.810974 3.342503 0.490088
v -1.529704 3.300343 -0.326220
v 0.045899 3.204628 1.777142
v -1.079620 3.283901 0.844069
v -1.558170 3.329681 0.427551
v -0.754725 3.249561 1.084751
v -0.422817 3.230598 1.272300
v 0.041323 3.245182 1.238840
v -0.979500 3.267521 0.958231
v -1.247427 3.308281 0.345861
v -1.146282 3.256504 -0.489570
v -1.236195 3.269413 -0.260736
v -1.233233 3.305130 0.523701
v -1.720379 3.152393 1.106136
v -1.554777 3.323238 0.543715
v -1.424924 3.318043 0.490523
v -1.915951 3.349716 -0.558502
v 0.982474 3.309818 0.992551
v 1.319632 3.251507 -0.081694
v 0.427350 3.262280 1.300655
v 1.105386 3.315170 0.896314
v 1.310939 3.289906 0.197532
v 0.357398 3.106586 -0.767609
v 0.813357 3.217442 -0.888804
v 1.214340 3.203457 -0.493592
v 1.295989 3.313313 0.509901
v 1.194337 3.318062 0.749816
v 2.554749 3.344955 -0.837578
v 1.762591 3.294086 0.636255
v 1.482330 3.310127 0.508797
v -0.828613 3.133503 0.751139
v -1.056668 3.147839 0.442728
v -1.722779 3.284386 1.640089
v 0.831667 3.303265 1.076218
v 0.031801 3.145023 0.684757
v -0.175262 3.123985 -0.510329
v -1.005521 3.079628 -0.459895
v -2.432804 3.232113 -1.463413
v -1.645545 3.131157 2.011575
v -1.349602 3.103481 2.035894
v 1.139937 3.087234 -0.073796
v 0.935648 3.168388 0.703679
v 1.134310 3.065773 -0.224698
v 1.157017 3.158722 1.407635
v 1.248742 3.159779 1.192665
v 0.927778 3.300861 1.301642
v 1.529877 3.145695 0.182266
v 1.141126 3.161659 1.224048
v 2.464818 3.241390 0.231219
v 1.321199 3.155128 1.278736
v 0.018677 3.290123 -1.333821
v 0.204463 3.275394 -1.212057
v -1.074319 3.146862 0.307019
v -2.533408 3.305492 0.289442
v -1.572551 3.170345 -0.026778
v -0.785748 3.081116 -0.686359
v -2.549946 3.242901 -1.541849
v -1.592305 3.183788 0.236792
v -1.914667 3.224812 -0.037234
v 0.564793 3.151920 0.908567
v 1.124511 3.155994 0.402463
v 0.121185 3.131691 3.193841
v 1.556495 3.048660 -0.575932
v 0.902245 3.134060 2.530493
v -1.070509 3.147751 0.385711
v 0.229137 3.114132 -0.508396
v 1.672004 3.148296 1.965769
v -0.333332 3.107128 -0.861571
v 0.385164 3.087959 -0.857955
v -2.309149 3.333679 0.897750
v -1.249743 3.302090 0.209044
v -1.534974 3.276428 1.386883
v -1.420727 3.320972 0.391904
v 2.259473 3.244648 0.898108
v 0.642314 3.284241 1.184405
v 1.303868 3.311592 0.469769
v 1.306912 3.234001 -0.232848
v 2.580872 3.285072 -0.140324
v 2.075079 3.190834 -0.065352
v 1.075369 3.030075 -0.458403
v -1.245814 3.307190 0.447887
v -2.392326 3.365459 0.635528
v -0.910695 3.141258 0.670243
v -0.870440 3.232815 1.392439
v -1.102797 3.233124 2.190767
v -0.846233 3.236549 1.310769
v -1.876941 2.944672 -0.932590
v -1.229959 3.002506 -0.489699
v -0.632719 3.238934 0.150333
v -0.431791 3.301342 0.390743
v -0.000942 3.395927 0.798783
v -0.035306 3.398834 0.567527
v -1.515874 2.949177 -0.745752
v -0.007244 3.341766 1.301932
v -1.676713 2.989471 -0.979270
v -0.356982 3.354752 0.154675
v -0.562273 3.284153 -0.056481
v -0.904840 3.136204 -0.403398
v -1.397475 3.010422 -0.830812
v -1.117220 3.062412 -0.602710
v 0.066740 3.397186 0.954300
v 2.125639 2.864384 -1.004223
v 1.584027 2.859875 -0.755972
v 0.901266 3.138206 -0.082057
v 0.562986 3.290691 0.304634
v 0.076686 3.398258 0.798336
v 1.740021 2.844826 -0.870295
v 0.264630 3.358250 0.838898
v 1.739240 2.893673 -0.995543
v 2.321700 2.893551 -1.048668
v 0.488979 3.333744 0.083173
v 0.693986 3.245049 -0.125260
v 0.831867 3.173260 -0.262667
v 0.974805 3.096294 -0.401479
v 1.605360 2.903053 -0.931892
v 1.469320 2.921303 -0.838264
v -0.004787 3.430519 0.772608
v -1.780536 2.988007 -1.176529
v -1.100539 3.032593 -0.816246
v -0.257162 3.371788 0.145988
v 0.000560 3.449642 0.349134
v -0.157202 3.408909 0.384140
v -0.026869 3.432480 0.150914
v -1.277246 3.002506 -0.977216
v -0.636001 3.206188 -0.335119
v -1.937390 2.997925 -1.220581
v -0.126821 3.284184 -0.325865
v -0.298222 3.218170 -0.515249
v -0.582335 3.233597 -0.532932
v -0.536136 3.123417 -0.770289
v -1.281221 2.982327 -1.255022
v -1.295752 3.050922 -1.140357
v -1.176344 3.064857 -1.064800
v 0.056851 3.460423 0.482024
v 1.833649 2.895298 -1.196601
v 0.475173 3.305592 -0.071350
v 0.832352 3.113079 -0.472213
v 0.089064 3.432770 0.150748
v 0.065271 3.450397 0.348932
v 1.480058 2.896816 -1.083341
v 1.048553 3.004852 -0.692272
v 1.348272 2.913486 -0.982731
v 1.419139 2.954659 -1.178980
v 1.439873 2.889683 -1.287826
v 0.030396 3.427723 0.031031
v 0.062559 3.317749 -0.215680
v 0.183168 3.280125 -0.324442
v 0.238633 3.390053 -0.113686
v 0.587384 3.239861 -0.470611
v 0.536615 3.120865 -0.707132
v 0.765222 3.148777 -0.646115
v 0.706650 3.044456 -0.865541
v 1.361498 2.962128 -1.148669
v 1.173943 2.914986 -1.187055
v 0.868896 2.986160 -0.985032
v 0.947494 3.067196 -0.818757
v -2.043541 2.920918 -0.147723
v -1.718766 2.882362 -0.237183
v -1.387480 2.885487 -0.199639
v -2.284534 2.906673 0.884203
v -2.328130 2.915520 0.698163
v -2.330589 2.948006 0.307936
v -1.010849 2.946678 -0.038005
v -0.773335 3.025356 0.166763
v -0.421049 3.134716 0.590820
v -0.333693 3.070137 2.110716
v -2.144256 2.925755 1.565011
v -0.223954 3.110744 1.558429
v -0.249889 3.135658 1.138239
v -0.561599 3.052677 2.564418
v -0.411686 3.062840 2.284002
v -0.569536 2.979500 2.651785
v -3.036741 2.923332 -0.436759
v -2.174947 2.943336 -0.034679
v -2.610441 2.804619 -0.974587
v -1.896164 2.898190 -0.214265
v -2.123323 2.723892 -1.120561
v -1.762989 2.788887 -1.047872
v -1.301356 2.812931 -0.125499
v -1.612866 2.879475 -0.233648
v -2.809692 2.860744 0.849604
v -2.274970 2.854614 0.689632
v -3.032688 2.969704 0.283099
v -2.251307 2.877769 0.314318
v -1.080176 2.835075 -0.687799
v -1.007013 2.877140 0.033081
v -0.235266 3.027069 0.120197
v -0.059902 3.157207 0.346996
v -0.566722 3.097038 0.391748
v -0.321975 3.054474 1.143029
v -0.291713 3.142853 0.951032
v -0.276867 3.083199 1.910251
v -2.936579 2.903244 0.599475
v -2.991444 3.008141 -0.420504
v -2.579831 2.891075 -0.936920
v -2.109452 2.810272 -1.077615
v -1.587876 2.788570 -0.994088
v -0.920159 2.871162 -0.550645
v -0.252080 3.115677 0.170307
v -0.612571 2.973953 2.514123
v -2.351130 2.885624 1.391515
v 0.036199 3.180218 0.939312
v 0.025743 3.167328 1.134256
v 0.041077 3.158138 1.339939
v -0.029719 3.092869 3.078988
v 0.045534 3.108082 2.143233
v -0.360884 3.143982 0.721113
v 2.478809 2.746201 1.291418
v 1.146774 2.768066 -0.688251
v 1.242209 2.870346 -0.138264
v 2.112215 2.833515 1.364677
v 0.038779 3.170212 1.136667
v 0.363153 3.167465 0.947576
v 2.957344 2.774006 -0.652530
v 2.143037 2.873875 -0.124983
v 2.469551 2.656326 -1.084105
v 1.855992 2.823139 -0.250699
v 1.810013 2.603195 -1.109954
v 1.444049 2.834122 -0.207935
v 2.266747 2.791992 1.491303
v 2.066147 2.777435 1.336618
v 2.778395 2.763653 0.924211
v 2.940897 2.720932 0.725026
v 2.378263 2.865627 0.575551
v 2.301179 2.778488 0.755224
v 3.109887 2.833179 0.068414
v 2.337774 2.907253 0.179718
v 1.476584 2.707138 -0.922618
v 1.126749 2.678589 -0.723737
v 1.070666 2.924271 -0.040396
v 1.202348 2.809414 -0.061508
v 0.309515 3.113316 0.170954
v 0.675585 3.030071 0.429034
v 0.326271 3.160778 1.135292
v 0.434155 3.091351 0.956640
v 0.430989 3.037937 1.870479
v 2.193444 2.813740 1.219865
v 2.907755 2.810959 0.696112
v 2.352467 2.837044 0.764899
v 1.944588 2.914768 1.697007
v 0.042909 3.146152 1.528786
v 0.365936 3.110836 1.907851
v 0.990191 2.955818 0.020309
v 0.625916 3.109390 0.387926
v 2.918400 2.867493 -0.628783
v 2.303816 2.906910 0.088714
v 2.448690 2.746471 -1.043754
v 2.009183 2.844337 -0.211124
v 3.067284 2.924694 0.061555
v 0.430704 3.089340 2.798194
v 2.380629 2.880013 0.478162
v 1.812181 2.689884 -1.066632
v 1.663459 2.818207 -0.247780
v 0.307482 3.150223 1.339334
v 0.471684 3.011627 2.839282
v 1.769263 2.972038 1.769135
v -0.039196 3.328346 1.779741
v -0.050464 3.334663 1.229404
v -0.106459 3.331776 0.770127
v -0.289939 3.234905 1.611127
v -0.076292 3.330433 2.006947
v -0.370997 3.231613 1.827854
v -2.403889 2.985893 -0.479552
v -1.985407 2.867825 -0.842502
v -1.411955 2.824623 -0.879881
v -1.183436 2.967968 -0.131340
v -2.121280 3.013103 0.972952
v -2.521140 3.034557 0.107512
v -1.838428 3.049522 0.342066
v -0.922273 3.020840 -0.040863
v -0.700963 3.101189 0.129986
v -0.038350 3.217548 0.225315
v -0.291358 3.241520 0.785012
v -0.347640 3.231270 0.606596
v -2.462914 3.010826 0.394898
v -2.249444 2.994156 0.816330
v -2.505667 3.028786 -0.196325
v -2.225162 2.925880 -0.701674
v -1.706879 2.830666 -0.902691
v -1.122660 2.853245 -0.769266
v -0.597136 3.006042 -0.348582
v -0.271753 3.149223 0.005901
v -1.989302 3.041924 1.111823
v -0.451904 3.238621 2.162721
v 0.049983 3.293873 2.621580
v 0.036348 3.333714 0.764859
v 0.039881 3.335709 1.008006
v 0.043068 3.337234 1.243835
v -0.140697 3.329624 0.572564
v 1.765147 2.962734 0.038581
v 1.530198 2.916409 -0.123547
v 1.244731 2.931026 -0.135538
v 1.694811 3.103580 1.095186
v 1.884970 3.039604 0.623960
v 1.894993 3.021606 0.397765
v 0.983746 3.004383 -0.042032
v 0.652123 3.152462 0.242028
v 0.557733 3.193989 0.353251
v 0.361482 3.261742 0.781469
v 0.421223 3.265526 0.212117
v 1.785194 3.155441 1.181635
v 2.046847 2.971844 1.089786
v 0.905876 3.051586 -0.232626
v 1.097316 2.977318 -0.350217
v 0.324860 3.267979 1.262118
v 0.158279 3.337666 1.941390
v 0.396764 3.277458 2.315732
v 1.658818 2.934471 -0.061588
v 1.388566 2.914513 -0.146330
v 1.107465 2.963268 -0.097976
v 1.868740 3.037838 1.252961
v 1.847253 3.052658 0.772046
v 1.898292 3.028404 0.474034
v 1.841243 2.990772 0.169791
v 1.191561 2.778057 -0.770349
v 0.429489 3.096184 -0.102142
v 0.242914 3.179886 0.102118
v 2.543788 2.980370 0.070448
v 2.406215 2.933517 0.603485
v 2.423360 2.901234 -0.516309
v 2.027446 2.767906 -0.867622
v 1.477091 2.732723 -0.888209
v 0.917912 2.865139 -0.579030
v -0.456821 3.196907 0.408514
v 2.143201 3.047482 0.511819
v 2.174050 2.937763 0.949231
v 1.639144 3.208626 1.315416
v 2.034655 2.979923 -0.234746
v 1.734875 2.915390 -0.430241
v 2.176541 3.037357 0.121131
v 1.309505 2.927532 -0.425838
v 0.179311 3.340393 0.768520
v 0.048488 3.340469 1.859351
v 0.136292 3.343571 1.228446
v 0.552732 3.211853 0.077917
v 2.038571 3.060722 0.797929
v 1.996402 3.073013 0.895707
v 2.722366 2.001083 -1.372253
v 0.019798 2.070976 1.244687
v -0.668799 2.057625 -0.894474
v -1.167761 2.086269 -0.483761
v -2.008885 2.034386 0.538497
v -1.439589 2.061306 -0.220659
v 0.028305 2.140343 2.234478
v -1.288298 2.075188 0.999199
v -1.268907 2.048573 0.454142
v -2.437547 1.961639 -0.698122
v -0.775897 2.094349 1.090515
v -1.272701 2.051392 0.215255
v -0.443507 2.103096 1.277924
v -0.283944 2.099560 1.324313
v -1.270569 2.046234 0.352144
v -1.263936 2.073326 -0.206253
v -1.242328 2.052399 0.573737
v -1.115973 2.063732 0.826925
v 0.325237 2.049755 1.321774
v 0.791924 2.049313 -0.883000
v 1.621821 1.978065 1.186454
v 1.169267 1.951279 0.756610
v 1.296763 2.005024 -0.075495
v 0.618979 2.009525 1.190756
v 1.286701 1.969559 0.204108
v 1.193209 2.052475 -0.487869
v 1.257690 1.949242 0.560472
v 1.973009 1.958981 0.704978
v 1.838259 1.998962 1.386861
v 0.945314 1.986034 1.496562
v -0.673302 2.213566 0.860023
v -0.213798 2.276390 2.671907
v -2.072159 2.146397 0.254784
v -2.555605 2.095943 0.295465
v -1.590453 2.192410 -0.021908
v -0.670645 2.278992 1.597936
v -1.264950 2.250336 1.297065
v -1.927630 2.235638 1.774489
v -0.891365 2.264442 2.674774
v 0.694337 2.123455 0.858357
v -0.506430 2.280949 1.644400
v 0.013864 2.166042 0.689617
v -0.548111 2.222473 -0.675282
v -1.020585 2.258137 -0.455812
v -0.801044 2.246170 -0.682198
v -2.452687 2.147869 -1.458008
v -2.570125 2.140709 -1.536349
v -1.364868 2.271442 2.040061
v -1.474480 2.263363 1.753462
v -1.571629 2.197666 0.693742
v 0.104131 2.200985 3.198481
v 1.361841 2.200790 -0.588911
v 2.441600 1.975918 0.237527
v 1.540841 2.193665 -0.571698
v 1.137958 2.118271 1.412813
v 1.266907 2.112717 1.231775
v 0.236882 2.271488 2.411963
v -1.209862 2.265839 2.486516
v 1.336877 1.955528 0.922436
v 1.510789 2.105247 0.187467
v 0.282024 2.257320 2.018512
v 0.613173 2.188213 -1.018363
v 0.577455 2.214397 -0.671908
v 2.053930 2.037735 -0.059621
v 2.555887 1.924366 -0.133548
v 2.090590 2.176548 1.577950
v 1.559749 2.118172 1.828037
v 1.653061 2.115494 1.970906
v 0.884437 2.163517 2.535325
v 1.625737 2.092216 0.224719
v 2.527181 1.886787 -1.178820
v -0.003283 2.146442 -1.555414
v -0.004963 2.001438 -1.327390
v 0.403712 2.192760 -0.958268
v -0.386826 2.200882 -0.962209
v 0.995095 2.107075 0.610976
v -1.091681 2.200859 0.311735
v -2.633858 2.095573 0.343796
v -1.674861 2.213825 -0.704127
v -0.630436 2.277122 1.563069
v 1.444373 2.023552 -0.336527
v 2.066268 1.942547 -0.811406
v -2.661425 2.130844 -1.547624
v -1.399035 2.266369 2.262876
v 0.340365 2.177986 -0.762977
v 0.234112 2.227798 2.910919
v 2.077467 2.039482 0.229091
v 1.453265 2.091789 0.673187
v 1.404815 2.120060 1.495772
v 0.155617 2.280941 2.235686
v -1.087906 2.200691 0.390440
v 0.718454 2.225670 -0.702234
v 0.950241 2.150295 2.667752
v -1.960111 2.053173 0.727655
v -1.556337 2.053493 -0.268780
v -1.384244 2.081791 1.108993
v -1.001204 2.083298 0.964128
v -1.581880 2.037304 0.433986
v -1.674862 2.094444 1.470894
v -1.723116 2.039303 -0.349338
v 0.891102 1.983345 1.313896
v 0.794583 1.982117 1.089620
v 1.282845 1.951744 0.441184
v 0.993472 1.966290 0.977053
v -1.059626 2.201027 0.480188
v -1.093943 2.208691 0.200593
v 2.404893 2.166668 1.114084
v 1.060703 2.231274 -0.454409
v -1.083791 2.241486 -0.205233
v -0.013667 1.919136 0.961959
v -0.182006 2.039169 0.011315
v -1.326495 2.429790 -0.983572
v -0.718120 2.118618 0.079971
v 0.010751 1.915680 0.808559
v -0.707340 2.284443 -0.564099
v -1.021439 2.384819 -0.804857
v 0.047574 1.995171 0.140710
v -0.579686 2.221691 -0.434025
v -1.774703 2.441383 -1.089298
v -0.032267 1.976830 1.308726
v -0.831329 2.333290 -0.669805
v -1.886568 2.419960 -0.929986
v -0.784413 2.134304 -0.258979
v -1.131636 2.277855 -0.598806
v 0.396343 2.100151 -0.204177
v 1.472606 2.425705 -1.036065
v 1.650545 2.385956 -0.813500
v 0.077254 1.905781 0.574269
v 1.007443 2.362873 -0.757452
v 1.143147 2.394188 -0.848323
v 0.238708 1.945835 0.845948
v 2.055614 2.373329 -1.096038
v 0.539292 1.997250 0.311087
v 2.116249 2.352867 -1.001665
v 2.311126 2.316071 -1.045773
v 1.248535 2.280220 -0.662439
v -0.116426 1.891792 0.597837
v 0.010180 1.880318 0.812953
v -0.184731 1.906265 0.391614
v -0.033179 1.883030 0.780324
v -1.791842 2.370697 -1.173441
v -0.603339 2.087883 -0.527236
v 0.027261 1.848045 0.490057
v 1.469891 2.343357 -1.080584
v 0.518950 2.157707 -0.702334
v 0.038074 1.983425 -0.209046
v 1.823289 2.330746 -1.193803
v 1.171531 2.257652 -1.020052
v -2.292171 2.491184 0.886250
v -0.438357 2.192139 0.595508
v -2.152574 2.473862 1.567251
v -0.348413 2.268433 2.114729
v -0.441279 2.356796 2.165581
v -1.619795 2.452473 1.834584
v -3.044712 2.489109 -0.434606
v -2.285397 2.434872 0.122595
v -1.925242 2.541191 -0.112111
v -2.614450 2.586449 -0.973482
v -1.569360 2.563328 -0.178320
v -2.124715 2.647919 -1.120177
v -1.226510 2.523552 -0.092334
v -2.162084 2.553177 1.604470
v -2.100876 2.537899 1.217962
v -2.453587 2.618935 1.353318
v -2.243421 2.549408 0.873160
v -2.943691 2.515717 0.601407
v -2.280710 2.540676 0.691193
v -2.979048 2.604565 0.626505
v -2.258025 2.513195 0.316131
v -0.927670 2.462528 -0.548624
v -1.407984 2.638870 -0.953312
v -1.014551 2.465336 0.035126
v -0.904453 2.550617 -0.583173
v -0.811977 2.387684 0.226235
v -0.248809 2.288147 0.123873
v -0.504272 2.278698 0.623495
v -0.318908 2.305073 1.554650
v -0.378512 2.181877 0.725896
v -0.336277 2.274136 1.146924
v -0.406810 2.349895 2.077013
v -0.580648 2.373272 2.654807
v -0.608668 2.377392 2.476929
v -1.975345 2.514179 1.422599
v -0.240310 2.218548 1.562868
v -1.773413 2.476349 1.670172
v 1.329987 2.404675 -0.174177
v 0.468631 2.282940 2.074485
v 0.571229 2.215019 2.440871
v 2.950788 2.416019 -0.650763
v 2.202318 2.396259 0.110563
v 2.000722 2.385059 -0.208850
v 2.467562 2.547375 -1.083579
v 1.869910 2.476189 -0.166441
v 1.656271 2.423542 -0.245811
v 1.810432 2.624561 -1.110071
v 1.521734 2.503719 -0.178932
v 2.346794 2.543217 1.470320
v 1.936062 2.424000 1.514424
v 2.730284 2.553371 1.057030
v 2.872827 2.512218 0.847739
v 2.370729 2.342648 0.480853
v 3.101168 2.358597 0.070769
v 2.307433 2.408867 0.477767
v 1.124911 2.578079 -0.723238
v 1.195770 2.450905 -0.059734
v 0.978397 2.313183 0.023497
v 0.915411 2.353142 0.153337
v 0.672009 2.197460 0.320928
v 0.093741 2.235992 0.277522
v 0.717006 2.274384 0.365971
v 0.362958 2.229404 1.343318
v 0.417905 2.207607 0.961023
v 0.416880 2.270264 1.874306
v 1.969922 2.424103 1.718653
v 1.756641 2.285885 1.772545
v 0.692622 2.291328 2.549456
v 2.082022 2.464008 1.662135
v 2.322184 2.403233 0.860829
v 2.292979 2.314659 0.091654
v 0.032392 2.312702 3.216454
v 0.616535 2.296913 2.684266
v -0.993956 2.336063 -0.066936
v -0.825494 2.277424 0.036329
v -0.380037 2.055897 0.235190
v -1.038395 2.310925 -0.328788
v 0.075176 2.086426 0.231065
v -0.360799 2.102901 1.768273
v -0.333014 2.099888 1.695962
v -0.319991 2.081863 2.324100
v -1.321049 2.200085 1.501789
v -2.260306 2.401653 0.819298
v -0.368528 2.093212 0.612252
v -2.044677 2.280285 0.694210
v -0.679913 2.177734 -0.064203
v -0.472705 2.104782 2.168364
v -0.412724 2.106937 0.513108
v -0.262585 2.086086 1.270620
v -2.088218 2.310833 -0.033826
v -1.577331 2.371838 -0.411896
v -2.116902 2.291512 0.450398
v -1.848885 2.352646 -0.314911
v 0.294294 2.036949 1.098345
v -0.089479 1.984756 1.088109
v 2.530098 2.232475 0.074186
v 1.775127 2.178444 0.918556
v 1.880245 2.218319 0.401776
v 0.537542 2.094448 0.358731
v 1.695274 2.154018 1.363889
v 1.643706 2.139721 1.151154
v 0.302307 2.038113 1.268245
v 0.025644 1.970898 2.566856
v 0.047812 3.189716 2.390970
v -1.434725 3.153885 0.888061
v -2.521219 3.425266 -0.916021
v -1.412827 3.288807 -0.268685
v -2.413720 3.414673 -0.853722
v -2.734718 3.325211 -1.053157
v 0.047510 3.185535 2.254200
v 0.048537 3.212345 2.666080
v 0.048999 3.229202 2.821237
v 1.479980 3.244118 -0.249602
v 1.785063 3.307140 0.449137
v 1.219410 3.304169 2.257993
v 1.480609 3.310444 0.376081
v -0.199384 3.062794 2.667996
v -1.076895 3.138077 0.195975
v 0.047569 3.138142 3.249386
v -0.026319 3.129826 3.194411
v -0.922741 3.116749 -0.943319
v -1.311582 3.115520 -0.586442
v -2.271307 3.170780 1.131118
v -1.489504 3.124828 -0.565866
v -1.058730 3.097401 1.345219
v -0.306771 3.122070 -0.771501
v -2.547957 3.349209 -0.102826
v -1.739452 3.171268 0.809457
v -1.544028 3.120605 1.921553
v -2.080126 3.159023 1.440312
v -0.790659 3.077526 2.433177
v -1.383598 3.109764 1.583094
v -1.553768 3.171375 0.688887
v -1.886618 3.177540 -0.932309
v 1.136214 3.132126 0.188523
v 0.838346 3.166504 0.779792
v 0.846249 3.070816 -1.034558
v 2.652451 3.253323 0.302292
v 2.421318 3.060966 1.109616
v 1.628140 3.123577 -0.041874
v 1.459231 3.161392 0.817704
v -1.194394 3.108170 2.482323
v 1.308622 3.305157 0.333035
v 0.698437 3.123795 1.553070
v 0.629578 3.083839 -1.022830
v 1.509242 3.164593 0.645274
v 2.065796 3.108906 -1.086609
v 2.574988 3.150364 -1.575145
v 2.229043 3.070808 1.066319
v 1.811211 3.164139 0.223507
v 2.113288 3.060425 1.345294
v 1.979846 3.081367 1.220837
v 1.462290 3.165596 2.099350
v 1.284138 3.168858 2.470603
v 1.549529 3.148422 0.921618
v 0.024921 3.113213 -0.790004
v -0.370196 3.108643 -0.966731
v 0.288526 3.116135 -1.331245
v -0.078100 3.032982 2.255994
v -0.179379 3.080811 2.825933
v -2.361749 3.175579 1.135593
v -1.136783 3.112080 1.195191
v 1.132942 3.148083 0.298094
v 2.350251 3.298820 0.582376
v -2.642433 3.364540 -0.185179
v -0.656590 3.124489 0.855480
v 2.662785 3.160622 -1.588200
v 2.106939 3.067158 1.573538
v 1.469417 3.169575 2.244179
v -1.255151 3.280590 1.018260
v -0.561920 3.236973 1.190603
v 1.594774 3.249649 -0.303114
v 1.509067 3.125454 0.041235
v -1.860897 3.150291 1.833513
v 0.723207 3.163158 0.847824
v 2.489725 3.070824 1.061363
v 2.757574 3.235756 -0.955665
v -0.496032 3.116806 0.914320
v 0.040126 3.395485 0.960184
v 0.013416 3.395386 0.954606
v -1.518535 2.907845 -1.063469
v -0.105456 3.289238 0.061782
v -0.836459 3.154545 -0.081124
v -0.496523 3.132248 -0.366223
v 0.037896 3.396427 0.801188
v -0.312178 3.328484 0.561991
v -0.819218 2.995445 -0.673088
v -1.317635 2.913872 -0.985997
v -0.189349 3.343906 0.841345
v -0.693465 3.040512 -0.567881
v -2.023312 2.941532 -1.072602
v -0.106129 3.343624 1.085281
v -0.287751 3.224442 -0.135061
v -0.994533 3.087128 -0.250506
v -2.086100 2.961075 -0.977063
v -1.765961 2.917816 -1.091656
v -1.011077 2.949364 -0.807681
v -2.294509 2.990566 -1.016069
v 0.033571 3.413902 0.457084
v -0.764939 3.196384 -0.264279
v 0.163689 3.288750 0.062140
v 1.386961 2.822163 -0.992394
v 0.071675 3.309193 0.134178
v 0.761352 3.210110 0.072651
v 0.759674 3.004486 -0.561784
v 0.888575 2.944935 -0.667523
v 1.083176 2.877754 -0.805309
v 0.187839 3.354435 1.083688
v 0.626219 3.077579 -0.433114
v 1.819164 2.820412 -1.111065
v 0.094361 3.345760 1.301398
v 0.416272 3.188091 -0.209588
v 1.062170 3.051308 -0.251171
v 1.928652 2.847832 -0.954065
v 2.064297 2.845276 -1.098378
v 1.301099 2.937027 -0.492320
v 0.220698 3.402363 0.352037
v 1.190661 2.996868 -0.602870
v 0.034576 3.459774 0.487113
v 0.012184 3.459675 0.482248
v -1.112639 2.995129 -1.182117
v 0.032904 3.449490 0.351211
v -1.619178 2.978844 -1.271057
v -0.351626 3.333122 -0.293724
v 0.159566 3.426891 0.589006
v 1.558756 2.892338 -1.124280
v 1.339871 2.895454 -1.264617
v 0.643319 3.218945 -0.267591
v 0.223214 3.413548 0.382668
v 0.081111 3.431854 0.772184
v 1.671749 2.887875 -1.288432
v 0.411706 3.324993 -0.291669
v 1.244159 2.981693 -1.069545
v -2.275854 2.955093 0.120008
v -2.012012 2.939972 1.448386
v -0.226409 3.124432 1.341807
v 0.029159 3.104488 2.144893
v 0.029690 3.155479 1.338226
v 0.018450 3.177673 0.930108
v -0.468105 2.981941 2.242286
v -0.528460 3.060062 2.604454
v -2.865807 2.871376 -0.752630
v -2.068328 2.859585 -0.008859
v -2.295220 2.744797 -1.096725
v -1.747516 2.809586 -0.169132
v -1.765277 2.703018 -1.090880
v -1.474583 2.798344 -0.169651
v -1.279567 2.894669 -0.170450
v -2.371874 2.804218 1.427590
v -1.968682 2.877441 1.420777
v -2.691854 2.762482 1.086359
v -2.095022 2.856045 1.216391
v -2.842815 2.774220 0.880674
v -2.345045 2.931347 0.507385
v -3.076639 2.883587 0.297788
v -2.280634 2.867306 0.503869
v -1.063333 2.746460 -0.723476
v -1.220945 2.825340 -0.093834
v -0.930792 2.970795 0.022473
v -0.597747 2.884922 -0.282282
v -0.939106 2.899273 0.089175
v -0.055036 3.068161 0.273069
v -0.618747 3.014797 0.433600
v -0.300409 3.042545 1.342223
v -0.365539 3.061199 0.960898
v -0.345226 3.003181 1.873325
v -2.826200 2.957233 -0.723193
v -0.610106 2.975613 2.585304
v -0.574168 2.975330 2.428209
v 0.031751 3.143719 1.527039
v -2.156709 2.847061 1.603008
v 0.045446 3.022865 3.212909
v -0.043265 3.013573 3.142568
v 0.046857 3.100426 3.140263
v 2.142966 2.835770 1.585288
v 0.620466 3.090549 2.600360
v 0.424067 3.098507 2.108104
v 0.662578 3.014481 2.423848
v 2.715353 2.801239 -0.885036
v 3.109663 2.841160 -0.119956
v 2.030883 2.788979 -0.091989
v 2.746526 2.708397 -0.919421
v 1.702713 2.740540 -0.194956
v 2.150582 2.619164 -1.148322
v 1.356215 2.769344 -0.132095
v 2.279752 2.710712 1.528586
v 2.030112 2.863235 1.482807
v 2.146422 2.757839 1.194042
v 2.498825 2.661774 1.326343
v 2.281275 2.767605 0.846749
v 2.963270 2.840672 0.560758
v 2.806290 2.675652 0.956004
v 2.318437 2.804417 0.569968
v 2.999151 2.749870 0.586488
v 2.250895 2.832779 0.193719
v 0.986773 2.816685 -0.548335
v 1.464389 2.619659 -0.963010
v 1.063072 2.860027 0.030092
v 0.963895 2.726414 -0.581667
v 0.730453 3.007763 0.362327
v 0.289337 3.023869 0.121282
v 0.550014 3.073654 0.614806
v 0.387507 3.061058 1.548099
v 0.483274 3.153748 0.586669
v 0.395430 3.085796 1.139408
v 0.482246 3.025288 2.070808
v 2.329957 2.825050 0.858738
v 0.658577 3.012306 2.647363
v 1.929904 2.845219 1.737335
v 1.984267 2.807915 1.458049
v 0.309061 3.136959 1.556129
v 0.688315 3.085690 0.316501
v -1.695211 3.106182 1.348523
v -0.811172 3.058025 0.032431
v -0.073664 3.333389 1.002311
v -0.850657 2.915230 -0.582648
v -0.183105 3.330044 2.201087
v -0.298441 3.257652 2.318254
v -0.456617 3.229694 1.980029
v -1.561247 3.129082 1.211464
v -1.925060 3.057053 1.172431
v -1.699838 3.104393 0.999283
v -1.834030 3.075974 0.645687
v -1.850276 3.064682 0.496166
v -0.542022 3.165798 0.302372
v -0.243526 3.244331 1.012970
v -1.607310 2.982212 -0.046754
v -1.045590 2.989883 -0.095863
v -1.792765 3.086880 0.793029
v -1.795199 3.029629 0.190398
v -1.329453 2.959473 -0.139120
v 1.043474 2.983028 -0.071782
v 1.791462 3.070114 0.914124
v 0.871708 3.050491 0.031221
v 0.135246 3.336094 1.779049
v 1.665762 3.120861 1.383846
v 0.337375 3.292133 0.295184
v 0.433022 3.268646 1.759354
v 0.380486 3.267761 1.608263
v 1.562492 3.153969 1.278232
v 2.296796 2.924088 0.790426
v 2.453540 2.944626 0.491117
v 0.412911 3.248798 0.602780
v 0.548916 3.275028 2.158904
v 0.484193 3.222923 0.454826
v 2.130363 3.015182 -0.072251
v 2.093809 3.051052 0.667485
v -0.221672 2.295841 2.019958
v -0.014250 1.847240 0.547569
v -0.163006 3.283985 -1.213380
v 0.064724 3.397030 1.021517
v 0.055138 3.463654 0.539275
v 1.153826 2.895405 -0.093081
v 1.172498 2.628052 -0.611011
v 0.758210 2.855995 -0.609555
v 0.750206 2.418865 -0.607380
v -0.777803 2.447014 -0.597779
v -1.192124 2.671524 -0.596188
v -0.769771 2.884144 -0.599976
v 0.540008 2.749390 21.444513
v 0.139115 2.763622 22.811693
v 0.858894 2.737339 20.224102
v 1.013874 2.729881 19.296886
v 1.075520 2.722466 17.998268
v 1.133217 2.694870 12.672363
v 1.126083 2.662830 6.193305
v 1.114287 2.710007 15.663485
v 1.135174 2.678627 9.404892
v 1.111919 2.649036 3.369931
v 1.093999 2.635139 0.557583
v 1.178987 2.632938 0.411015
v -0.279129 2.764389 21.449602
v -0.613564 2.764488 20.233313
v -0.780308 2.763004 19.308161
v -0.858464 2.757851 18.010387
v -0.983885 2.733639 12.685642
v -1.059166 2.702816 6.207013
v -0.926946 2.747475 15.676294
v -1.098821 2.675461 0.571344
v -1.027368 2.718376 9.418451
v -1.080921 2.689098 3.383693
v -1.192124 2.671524 -0.596188
v -1.185636 2.676411 0.425837
v 1.093999 2.635139 0.557583
v -0.400413 2.545918 0.567667
v 0.391349 2.531475 0.562706
v 0.754838 2.818497 0.558927
v 0.748372 2.464466 0.560687
v 0.429082 2.824677 0.561030
v 0.754838 2.818497 0.558927
v 0.395590 2.764687 0.561547
v 0.429082 2.824677 0.561030
v 0.756305 2.423828 0.414712
v 0.364921 2.431007 0.417217
v 0.397274 2.430325 0.417029
v 0.764333 2.860950 0.412540
v 0.397274 2.430325 0.417029
v 0.756305 2.423828 0.414712
v 1.178987 2.632938 0.411015
v 0.405279 2.867455 0.414855
v -0.371529 2.881775 0.419711
v 0.372951 2.868130 0.415045
v 0.422568 2.470383 0.562790
v -1.098821 2.675461 0.571344
v -0.759671 2.492107 0.570156
v -0.427413 2.840221 0.566396
v -0.433879 2.486187 0.568156
v -0.396124 2.779385 0.566509
v -0.753159 2.846397 0.568370
v -0.770956 2.451839 0.424281
v -0.762928 2.888966 0.422110
v -0.403858 2.882458 0.419927
v -0.411887 2.445332 0.422099
v -1.185636 2.676411 0.425837
v -0.379535 2.444649 0.421911
v -0.762928 2.888966 0.422110
v -0.403858 2.882458 0.419927
v -0.433879 2.486187 0.568156
v -0.759671 2.492107 0.570156
v 1.093999 2.635139 0.557583
v 1.178987 2.632938 0.411015
v -1.098821 2.675461 0.571344
v -1.185636 2.676411 0.425837
v 0.750206 2.418865 -0.607380
v 0.366368 2.863258 -0.607094
v 0.756305 2.423828 0.414712
v 0.364921 2.431007 0.417217
v 0.764333 2.860950 0.412540
v -0.385908 2.439739 -0.600235
v -0.769771 2.884144 -0.599976
v -0.770956 2.451839 0.424281
v -0.371529 2.881775 0.419711
v 0.117893 2.632282 19.816624
v 0.364619 2.626411 19.536827
v 0.393698 2.617863 17.918844
v 0.430639 2.590919 12.666727
v 0.423487 2.558891 6.196214
v 0.391349 2.531475 0.562706
v 0.413616 2.778564 3.373042
v 0.122160 2.865494 19.815470
v 0.368912 2.859612 19.535648
v 0.397942 2.851078 17.917662
v 0.434931 2.824387 12.665543
v 0.427775 2.792358 6.195057
v 0.395590 2.764687 0.561547
v 0.436849 2.808151 9.404366
v 0.416142 2.839504 15.643473
v 0.397825 2.856922 19.067951
v 0.264605 2.862740 19.762115
v 0.409301 2.545101 3.374198
v 0.432559 2.574688 9.405523
v 0.411854 2.606041 15.644629
v 0.260310 2.629536 19.763269
v 0.393531 2.623718 19.069130
v -0.132345 2.635624 19.539948
v -0.181978 2.628387 17.922432
v -0.285742 2.604141 12.671196
v -0.360888 2.573292 6.201128
v -0.400413 2.545918 0.567667
v -0.378328 2.793041 3.378013
v -0.128050 2.868828 19.538765
v -0.177711 2.861591 17.921278
v -0.281426 2.837608 12.670040
v -0.356599 2.806755 6.199970
v -0.324844 2.822067 9.409136
v -0.224806 2.851231 15.647490
v -0.162891 2.867062 19.071491
v -0.020885 2.867825 19.763906
v -0.396124 2.779385 0.566509
v -0.382643 2.559578 3.379168
v -0.329160 2.588600 9.410316
v -0.229074 2.618027 15.648643
v -0.025130 2.634884 19.765060
v -0.167186 2.633862 19.072643
v 0.128267 2.580601 21.620327
v 0.789139 2.507755 9.405790
v 0.768359 2.539124 15.654877
v 0.558224 2.564709 20.025087
v 0.730188 2.551472 17.977613
v 0.787206 2.523994 12.670206
v 0.780073 2.491962 6.195304
v 0.748372 2.464466 0.560687
v 0.670232 2.558838 19.256519
v 0.772364 2.832203 3.370874
v 0.363858 2.572289 20.816895
v -0.315445 2.935207 20.028849
v -0.513433 2.928638 17.983694
v -0.637966 2.904530 12.677412
v -0.713171 2.873688 6.202947
v -0.753159 2.846397 0.568370
v -0.111010 2.935299 20.818132
v -0.681421 2.888996 9.413288
v -0.581152 2.918385 15.661594
v -0.437224 2.933620 19.261736
v -0.741380 2.505936 3.382095
v 0.443144 2.545200 15.645840
v 0.435200 2.562286 19.086344
v 0.285940 2.568680 19.795855
v 0.117023 2.572094 19.849335
v 0.407532 2.565281 19.565523
v 0.427536 2.556820 17.924427
v 0.461935 2.530083 12.667336
v 0.454720 2.497803 6.196432
v 0.440566 2.484005 3.374364
v 0.123535 2.926380 19.847576
v 0.414019 2.919579 19.563761
v 0.434002 2.910851 17.922667
v 0.468401 2.884117 12.665573
v 0.461232 2.852093 6.194671
v 0.429082 2.824677 0.561030
v 0.447076 2.838291 3.372605
v 0.470298 2.867886 9.404058
v 0.449612 2.899231 15.644081
v 0.441687 2.916576 19.084583
v 0.292429 2.922977 19.794090
v 0.422568 2.470383 0.562790
v 0.463783 2.513596 9.405819
v -0.262563 2.558041 15.650263
v -0.210859 2.574162 19.090410
v -0.052554 2.574833 19.797956
v -0.177096 2.575871 19.569170
v -0.217978 2.568600 17.928467
v -0.319181 2.544411 12.672235
v -0.394341 2.513557 6.201749
v -0.170562 2.930416 19.567408
v -0.211467 2.922886 17.926706
v -0.312716 2.898441 12.670477
v -0.387877 2.867592 6.199989
v -0.409578 2.854130 3.377978
v -0.427413 2.840221 0.566396
v -0.356103 2.883167 9.409229
v -0.256050 2.912327 15.648500
v -0.204370 2.928452 19.088648
v -0.046067 2.929123 19.796194
v -0.416089 2.499840 3.379737
v -0.433879 2.486187 0.568156
v -0.362620 2.528873 9.411015
v 0.391349 2.531475 0.562706
v 0.395590 2.764687 0.561547
v 0.364921 2.431007 0.417217
v 0.405279 2.867455 0.414855
v 0.372951 2.868130 0.415045
v 0.422568 2.470383 0.562790
v -0.400413 2.545918 0.567667
v -0.427413 2.840221 0.566396
v -0.396124 2.779385 0.566509
v -0.411887 2.445332 0.422099
v -0.379535 2.444649 0.421911
v -0.371529 2.881775 0.419711
v 0.764333 2.860950 0.412540
v 0.748372 2.464466 0.560687
v -0.753159 2.846397 0.568370
v -0.770956 2.451839 0.424281
v 0.128267 2.580601 21.620327
v 0.139115 2.763622 22.811693
v 0.139115 2.763622 22.811693
v 0.134783 2.934891 21.618542
vt 0.433980 0.865140
vt 0.421360 0.868650
vt 0.421390 0.844170
vt 0.434000 0.847720
vt 0.448930 0.861460
vt 0.448910 0.851470
vt 0.648700 0.860670
vt 0.624210 0.864280
vt 0.624760 0.854600
vt 0.648760 0.854820
vt 0.387400 0.839970
vt 0.375760 0.839640
vt 0.375210 0.811730
vt 0.386830 0.811890
vt 0.363290 0.839850
vt 0.363290 0.811790
vt 0.405430 0.841000
vt 0.397510 0.840500
vt 0.396800 0.812160
vt 0.404430 0.812310
vt 0.418240 0.814990
vt 0.429110 0.819790
vt 0.443530 0.824200
vt 0.433610 0.939380
vt 0.433610 0.927460
vt 0.447650 0.928530
vt 0.447650 0.938290
vt 0.421490 0.941000
vt 0.421490 0.925810
vt 0.428990 0.893050
vt 0.443400 0.888690
vt 0.418140 0.897820
vt 0.386700 0.900820
vt 0.387360 0.872750
vt 0.397480 0.872250
vt 0.396680 0.900580
vt 0.405400 0.871780
vt 0.404300 0.900460
vt 0.363290 0.872810
vt 0.375720 0.873040
vt 0.375080 0.900940
vt 0.363290 0.900850
vt 0.572740 0.918220
vt 0.581790 0.917680
vt 0.581820 0.948440
vt 0.572770 0.947930
vt 0.590960 0.917210
vt 0.590960 0.948890
vt 0.547610 0.919960
vt 0.547640 0.946270
vt 0.524310 0.944510
vt 0.524280 0.921840
vt 0.532700 0.869420
vt 0.547410 0.871400
vt 0.551730 0.895970
vt 0.529330 0.890710
vt 0.560260 0.898450
vt 0.552540 0.872050
vt 0.557710 0.872570
vt 0.569140 0.900990
vt 0.514560 0.893250
vt 0.517320 0.868650
vt 0.491130 0.848770
vt 0.491170 0.864920
vt 0.460160 0.861220
vt 0.460110 0.851840
vt 0.503450 0.846950
vt 0.503590 0.867010
vt 0.613420 0.848450
vt 0.613420 0.866470
vt 0.607350 0.867770
vt 0.607350 0.847150
vt 0.643450 0.821610
vt 0.643450 0.814960
vt 0.673480 0.922240
vt 0.679520 0.925300
vt 0.679400 0.941150
vt 0.673360 0.944090
vt 0.643710 0.892870
vt 0.643770 0.899550
vt 0.494380 0.823350
vt 0.457120 0.824970
vt 0.504930 0.818530
vt 0.495090 0.925190
vt 0.508670 0.923600
vt 0.508730 0.942850
vt 0.495150 0.941370
vt 0.458150 0.928690
vt 0.458170 0.938090
vt 0.504030 0.895350
vt 0.494190 0.890340
vt 0.456850 0.888040
vt 0.517520 0.845740
vt 0.532900 0.845220
vt 0.552600 0.842880
vt 0.557740 0.842430
vt 0.547520 0.843470
vt 0.515200 0.821280
vt 0.529530 0.824300
vt 0.560090 0.816560
vt 0.568790 0.814070
vt 0.551610 0.819030
vt 0.398270 0.948160
vt 0.398280 0.918640
vt 0.406230 0.920010
vt 0.406230 0.946790
vt 0.388040 0.949240
vt 0.388040 0.917550
vt 0.363720 0.916530
vt 0.376270 0.916820
vt 0.376270 0.949970
vt 0.363720 0.950270
vt 0.642430 0.881030
vt 0.690250 0.930290
vt 0.690190 0.936470
vt 0.642400 0.833430
vt 0.624590 0.850700
vt 0.601900 0.868710
vt 0.642230 0.905060
vt 0.590320 0.871020
vt 0.597870 0.869580
vt 0.637070 0.906380
vt 0.624270 0.906940
vt 0.597840 0.845380
vt 0.590290 0.843960
vt 0.601900 0.846230
vt 0.667130 0.919060
vt 0.667010 0.947190
vt 0.647710 0.916120
vt 0.660890 0.917020
vt 0.660770 0.949180
vt 0.647660 0.950020
vt 0.641910 0.809500
vt 0.636780 0.808240
vt 0.624010 0.807800
vt 0.518250 0.922500
vt 0.518330 0.943880
vt 0.513950 0.923040
vt 0.514010 0.943360
vt 0.508640 0.868370
vt 0.512590 0.868910
vt 0.511800 0.896460
vt 0.508180 0.897570
vt 0.508610 0.845760
vt 0.512650 0.845400
vt 0.509160 0.816590
vt 0.512650 0.817950
vt 0.634160 0.916020
vt 0.634110 0.950080
vt 0.600100 0.916800
vt 0.600100 0.949280
vt 0.609120 0.916480
vt 0.609120 0.949590
vt 0.582430 0.872050
vt 0.610810 0.906990
vt 0.562900 0.872790
vt 0.577730 0.903000
vt 0.568010 0.872860
vt 0.586320 0.904670
vt 0.562870 0.842180
vt 0.567980 0.842130
vt 0.582400 0.842950
vt 0.586170 0.810290
vt 0.610600 0.807850
vt 0.577530 0.812000
vt 0.417490 0.842740
vt 0.417460 0.870070
vt 0.455790 0.860720
vt 0.455750 0.852280
vt 0.415080 0.813380
vt 0.451440 0.825200
vt 0.417750 0.942180
vt 0.417760 0.924620
vt 0.453450 0.928770
vt 0.453450 0.938030
vt 0.414960 0.899430
vt 0.451190 0.887740
vt 0.309090 0.842740
vt 0.309100 0.870070
vt 0.299450 0.866910
vt 0.299440 0.845930
vt 0.277650 0.861460
vt 0.277660 0.851470
vt 0.101830 0.854600
vt 0.102040 0.860870
vt 0.077860 0.860670
vt 0.077800 0.854820
vt 0.339740 0.811890
vt 0.339180 0.839970
vt 0.329060 0.840500
vt 0.329770 0.812160
vt 0.321140 0.841000
vt 0.322140 0.812310
vt 0.350810 0.839640
vt 0.351360 0.811730
vt 0.311490 0.813380
vt 0.303530 0.817350
vt 0.283030 0.824200
vt 0.300450 0.926760
vt 0.309710 0.924620
vt 0.309720 0.942180
vt 0.300450 0.940070
vt 0.279820 0.928530
vt 0.279810 0.938290
vt 0.303630 0.895470
vt 0.283160 0.888690
vt 0.311610 0.899430
vt 0.339220 0.872750
vt 0.350850 0.873040
vt 0.351480 0.900940
vt 0.339870 0.900820
vt 0.321170 0.871780
vt 0.329090 0.872250
vt 0.329890 0.900580
vt 0.322270 0.900460
vt 0.193440 0.945270
vt 0.193480 0.921030
vt 0.203180 0.921840
vt 0.203140 0.944510
vt 0.171910 0.946830
vt 0.171950 0.919380
vt 0.136510 0.917210
vt 0.145660 0.917680
vt 0.145650 0.948440
vt 0.136500 0.948890
vt 0.154710 0.918220
vt 0.154690 0.947930
vt 0.190580 0.892050
vt 0.189130 0.870010
vt 0.202470 0.868660
vt 0.206730 0.890130
vt 0.209260 0.868650
vt 0.212030 0.893250
vt 0.168850 0.872570
vt 0.174040 0.872050
vt 0.166310 0.898450
vt 0.157420 0.900990
vt 0.179160 0.871400
vt 0.174860 0.895970
vt 0.266420 0.861220
vt 0.240390 0.864290
vt 0.240430 0.849280
vt 0.266460 0.851840
vt 0.119240 0.867770
vt 0.115270 0.866940
vt 0.115260 0.847980
vt 0.119240 0.847150
vt 0.083040 0.819290
vt 0.083120 0.814960
vt 0.084180 0.833430
vt 0.050140 0.942120
vt 0.050010 0.924280
vt 0.053980 0.922240
vt 0.054120 0.944090
vt 0.037230 0.930290
vt 0.037270 0.936470
vt 0.082780 0.895190
vt 0.082820 0.899550
vt 0.102380 0.864280
vt 0.084140 0.881030
vt 0.237600 0.823940
vt 0.269450 0.824970
vt 0.238120 0.940770
vt 0.238160 0.925830
vt 0.269320 0.928690
vt 0.269290 0.938090
vt 0.237850 0.889590
vt 0.269730 0.888040
vt 0.202240 0.845820
vt 0.209050 0.845740
vt 0.188960 0.844700
vt 0.173970 0.842880
vt 0.179060 0.843470
vt 0.168830 0.842430
vt 0.206280 0.824550
vt 0.211370 0.821280
vt 0.190580 0.822950
vt 0.174970 0.819030
vt 0.166480 0.816560
vt 0.157780 0.814070
vt 0.321230 0.920010
vt 0.329190 0.918640
vt 0.329190 0.948160
vt 0.321240 0.946790
vt 0.339420 0.917550
vt 0.339420 0.949240
vt 0.351190 0.916820
vt 0.351190 0.949970
vt 0.124680 0.868710
vt 0.084330 0.905060
vt 0.128700 0.869580
vt 0.089500 0.906380
vt 0.136260 0.871020
vt 0.102300 0.906940
vt 0.124680 0.846230
vt 0.128720 0.845380
vt 0.136290 0.843960
vt 0.060320 0.919060
vt 0.060440 0.947190
vt 0.066680 0.949180
vt 0.066590 0.917020
vt 0.079740 0.916120
vt 0.079810 0.950020
vt 0.089800 0.808240
vt 0.102560 0.807800
vt 0.084650 0.809500
vt 0.209200 0.922500
vt 0.209150 0.943880
vt 0.211400 0.922800
vt 0.211350 0.943590
vt 0.215830 0.943140
vt 0.215890 0.923280
vt 0.213990 0.868910
vt 0.214790 0.896460
vt 0.215940 0.868790
vt 0.216460 0.897460
vt 0.220210 0.867750
vt 0.220400 0.896790
vt 0.220290 0.846290
vt 0.215920 0.845460
vt 0.213890 0.845400
vt 0.219440 0.817250
vt 0.215500 0.816790
vt 0.213890 0.817950
vt 0.118340 0.916480
vt 0.127360 0.916800
vt 0.127360 0.949280
vt 0.118350 0.949590
vt 0.093310 0.916020
vt 0.093360 0.950080
vt 0.144140 0.872050
vt 0.158560 0.872860
vt 0.140240 0.904670
vt 0.115760 0.906990
vt 0.148840 0.903000
vt 0.163670 0.872790
vt 0.163700 0.842180
vt 0.158600 0.842130
vt 0.144180 0.842950
vt 0.149040 0.812000
vt 0.140400 0.810290
vt 0.115990 0.807850
vt 0.312280 0.870970
vt 0.312250 0.841840
vt 0.270770 0.860720
vt 0.270830 0.852280
vt 0.314130 0.812560
vt 0.275140 0.825200
vt 0.312640 0.943610
vt 0.312640 0.923190
vt 0.274020 0.928770
vt 0.273990 0.938030
vt 0.314240 0.900230
vt 0.275370 0.887740
vt 0.146640 0.389830
vt 0.139280 0.369030
vt 0.146640 0.369030
vt 0.129340 0.389830
vt 0.129340 0.369030
vt 0.146640 0.340190
vt 0.129340 0.340190
vt 0.129340 0.324460
vt 0.146640 0.324460
vt 0.146640 0.270200
vt 0.129340 0.270200
vt 0.129340 0.232970
vt 0.146640 0.232970
vt 0.129340 0.202480
vt 0.146640 0.202480
vt 0.146640 0.171750
vt 0.129340 0.171750
vt 0.117420 0.389830
vt 0.117420 0.369030
vt 0.154230 0.389830
vt 0.154230 0.369030
vt 0.154230 0.340190
vt 0.154230 0.324460
vt 0.154230 0.270200
vt 0.154230 0.232970
vt 0.154230 0.202480
vt 0.154230 0.171750
vt 0.117420 0.324460
vt 0.117420 0.270200
vt 0.161600 0.369030
vt 0.161600 0.389830
vt 0.161600 0.340190
vt 0.161600 0.324460
vt 0.161600 0.270200
vt 0.161600 0.232970
vt 0.161600 0.202480
vt 0.161600 0.171750
vt 0.117420 0.232970
vt 0.171540 0.389830
vt 0.168390 0.369030
vt 0.171540 0.369030
vt 0.171540 0.340190
vt 0.171540 0.324460
vt 0.171540 0.270200
vt 0.171540 0.232970
vt 0.171540 0.202480
vt 0.171540 0.171750
vt 0.177500 0.369030
vt 0.177500 0.389830
vt 0.177500 0.340190
vt 0.177500 0.324460
vt 0.177500 0.270200
vt 0.177500 0.232970
vt 0.177500 0.202480
vt 0.177500 0.171750
vt 0.117420 0.340190
vt 0.123380 0.398590
vt 0.122860 0.398970
vt 0.122500 0.398360
vt 0.125960 0.396300
vt 0.075220 0.389830
vt 0.072200 0.389830
vt 0.072200 0.369030
vt 0.075220 0.369030
vt 0.069260 0.389830
vt 0.069260 0.369030
vt 0.072200 0.340190
vt 0.075220 0.340190
vt 0.069260 0.340190
vt 0.072200 0.324460
vt 0.075220 0.324460
vt 0.069260 0.324460
vt 0.072200 0.270200
vt 0.075220 0.270200
vt 0.069260 0.270200
vt 0.072200 0.232970
vt 0.075220 0.232970
vt 0.069260 0.232970
vt 0.072200 0.202480
vt 0.075220 0.202480
vt 0.069260 0.202480
vt 0.072200 0.171750
vt 0.075220 0.171750
vt 0.069260 0.171750
vt 0.081680 0.389830
vt 0.081680 0.369030
vt 0.081680 0.340190
vt 0.081680 0.324460
vt 0.081680 0.270200
vt 0.081680 0.232970
vt 0.081680 0.202480
vt 0.081680 0.171750
vt 0.117420 0.202480
vt 0.088790 0.369030
vt 0.088790 0.389830
vt 0.088790 0.340190
vt 0.088790 0.324460
vt 0.088790 0.270200
vt 0.088790 0.232970
vt 0.088790 0.202480
vt 0.088790 0.171750
vt 0.096320 0.389830
vt 0.092530 0.369030
vt 0.096320 0.369030
vt 0.096320 0.340190
vt 0.096320 0.324460
vt 0.096320 0.270200
vt 0.096320 0.232970
vt 0.096320 0.202480
vt 0.096320 0.171750
vt 0.103850 0.389830
vt 0.100110 0.369030
vt 0.103850 0.369030
vt 0.103850 0.340190
vt 0.103850 0.324460
vt 0.103850 0.270200
vt 0.103850 0.232970
vt 0.103850 0.202480
vt 0.103850 0.171750
vt 0.110960 0.389830
vt 0.110960 0.369030
vt 0.110960 0.340190
vt 0.110960 0.324460
vt 0.110960 0.270200
vt 0.110960 0.232970
vt 0.110960 0.202480
vt 0.110960 0.171750
vt 0.117420 0.171750
vt 0.114270 0.369030
vt 0.930180 0.908530
vt 0.930330 0.795020
vt 0.938340 0.795060
vt 0.938020 0.908410
vt 0.930240 0.681030
vt 0.938190 0.681080
vt 0.922320 0.795010
vt 0.922320 0.681020
vt 0.922260 0.908550
vt 0.929520 0.419600
vt 0.930010 0.551380
vt 0.922320 0.551350
vt 0.922320 0.419540
vt 0.937730 0.551410
vt 0.936800 0.419690
vt 0.931980 0.090240
vt 0.928760 0.101040
vt 0.922230 0.095640
vt 0.922230 0.057920
vt 0.930850 0.118300
vt 0.922230 0.116680
vt 0.940110 0.122160
vt 0.928790 0.299160
vt 0.935260 0.299390
vt 0.928090 0.206740
vt 0.933870 0.207530
vt 0.922320 0.299070
vt 0.922290 0.206340
vt 0.927830 0.158870
vt 0.933430 0.161100
vt 0.927660 0.133300
vt 0.931840 0.142300
vt 0.922260 0.157760
vt 0.922230 0.131270
vt 0.793200 0.795060
vt 0.801210 0.795020
vt 0.801380 0.908530
vt 0.793520 0.908410
vt 0.809220 0.795010
vt 0.809300 0.908550
vt 0.801270 0.681030
vt 0.809220 0.681020
vt 0.793320 0.681080
vt 0.809220 0.551350
vt 0.801500 0.551380
vt 0.801990 0.419600
vt 0.809220 0.419540
vt 0.793810 0.551410
vt 0.794740 0.419690
vt 0.809300 0.095640
vt 0.802800 0.101040
vt 0.799550 0.090240
vt 0.809300 0.057920
vt 0.800690 0.118300
vt 0.791400 0.122160
vt 0.809300 0.116680
vt 0.796300 0.299390
vt 0.802750 0.299160
vt 0.809220 0.299070
vt 0.803470 0.206740
vt 0.809270 0.206340
vt 0.797670 0.207530
vt 0.798130 0.161100
vt 0.803700 0.158870
vt 0.809300 0.157760
vt 0.803880 0.133300
vt 0.809300 0.131270
vt 0.799700 0.142300
vt 0.940310 0.908900
vt 0.941120 0.795140
vt 0.954300 0.795190
vt 0.953570 0.909020
vt 0.940980 0.681090
vt 0.954150 0.681080
vt 0.777970 0.909020
vt 0.777240 0.795190
vt 0.790410 0.795140
vt 0.791230 0.908900
vt 0.777390 0.681080
vt 0.790560 0.681090
vt 0.937520 0.915460
vt 0.953510 0.915200
vt 0.953480 0.956450
vt 0.937470 0.956740
vt 0.940510 0.551410
vt 0.953660 0.551320
vt 0.939560 0.419600
vt 0.952670 0.419370
vt 0.937990 0.299270
vt 0.951130 0.298720
vt 0.936650 0.207180
vt 0.948810 0.204830
vt 0.936190 0.160200
vt 0.945390 0.153150
vt 0.934450 0.140760
vt 0.778050 0.956450
vt 0.778020 0.915200
vt 0.794010 0.915460
vt 0.794070 0.956740
vt 0.929280 0.131360
vt 0.922230 0.129040
vt 0.777850 0.551320
vt 0.791020 0.551410
vt 0.778840 0.419370
vt 0.791980 0.419600
vt 0.780400 0.298720
vt 0.793520 0.299270
vt 0.782700 0.204830
vt 0.794880 0.207180
vt 0.786120 0.153150
vt 0.795320 0.160200
vt 0.797090 0.140760
vt 0.802250 0.131360
vt 0.809300 0.129040
vt 0.940110 0.122160
vt 0.931980 0.090240
vt 0.940250 0.064270
vt 0.953770 0.113540
vt 0.922230 0.057920
vt 0.922230 0.009460
vt 0.948810 0.204830
vt 0.945390 0.153150
vt 0.960820 0.151030
vt 0.964310 0.203670
vt 0.809300 0.057920
vt 0.799550 0.090240
vt 0.791280 0.064270
vt 0.809300 0.009460
vt 0.791400 0.122160
vt 0.777760 0.113540
vt 0.952670 0.419370
vt 0.951130 0.298720
vt 0.966710 0.298140
vt 0.968280 0.419110
vt 0.786120 0.153150
vt 0.770740 0.151030
vt 0.782700 0.204830
vt 0.767200 0.203670
vt 0.954150 0.681080
vt 0.953660 0.551320
vt 0.969270 0.551200
vt 0.969730 0.681050
vt 0.780400 0.298720
vt 0.764850 0.298140
vt 0.778840 0.419370
vt 0.763280 0.419110
vt 0.953570 0.909020
vt 0.954300 0.795190
vt 0.969880 0.795210
vt 0.969300 0.908950
vt 0.777850 0.551320
vt 0.762270 0.551200
vt 0.777390 0.681080
vt 0.761800 0.681050
vt 0.777240 0.795190
vt 0.761660 0.795210
vt 0.777970 0.909020
vt 0.762240 0.908950
vt 0.758990 0.956370
vt 0.759110 0.915070
vt 0.778020 0.915200
vt 0.778050 0.956450
vt 0.953480 0.956450
vt 0.953510 0.915200
vt 0.972430 0.915070
vt 0.972550 0.956370
vt 0.794070 0.956740
vt 0.794010 0.915460
vt 0.824570 0.915450
vt 0.824540 0.956740
vt 0.906970 0.915450
vt 0.937520 0.915460
vt 0.937470 0.956740
vt 0.907000 0.956740
vt 0.938020 0.908410
vt 0.938340 0.795060
vt 0.941120 0.795140
vt 0.940310 0.908900
vt 0.938190 0.681080
vt 0.940980 0.681090
vt 0.937730 0.551410
vt 0.940510 0.551410
vt 0.936800 0.419690
vt 0.939560 0.419600
vt 0.935260 0.299390
vt 0.937990 0.299270
vt 0.933870 0.207530
vt 0.936650 0.207180
vt 0.933430 0.161100
vt 0.936190 0.160200
vt 0.931840 0.142300
vt 0.934450 0.140760
vt 0.927660 0.133300
vt 0.929280 0.131360
vt 0.922230 0.131270
vt 0.922230 0.129040
vt 0.793320 0.681080
vt 0.793200 0.795060
vt 0.790410 0.795140
vt 0.790560 0.681090
vt 0.791020 0.551410
vt 0.793810 0.551410
vt 0.794740 0.419690
vt 0.791980 0.419600
vt 0.793520 0.299270
vt 0.796300 0.299390
vt 0.797670 0.207530
vt 0.794880 0.207180
vt 0.795320 0.160200
vt 0.798130 0.161100
vt 0.799700 0.142300
vt 0.797090 0.140760
vt 0.802250 0.131360
vt 0.803880 0.133300
vt 0.809300 0.131270
vt 0.809300 0.129040
vt 0.793520 0.908410
vt 0.791230 0.908900
vt 0.953570 0.909020
vt 0.953510 0.915200
vt 0.939060 0.915130
vt 0.940310 0.908900
vt 0.791230 0.908900
vt 0.792500 0.915130
vt 0.778020 0.915200
vt 0.777970 0.909020
vt 0.777970 0.909020
vt 0.778020 0.915200
vt 0.759110 0.915070
vt 0.762240 0.908950
vt 0.969300 0.908950
vt 0.972430 0.915070
vt 0.953510 0.915200
vt 0.953570 0.909020
vt 0.938020 0.908410
vt 0.937520 0.915460
vt 0.906970 0.915450
vt 0.906450 0.908410
vt 0.825060 0.908410
vt 0.824570 0.915450
vt 0.794010 0.915460
vt 0.793520 0.908410
vt 0.940310 0.908900
vt 0.939060 0.915130
vt 0.937520 0.915460
vt 0.938020 0.908410
vt 0.793520 0.908410
vt 0.794010 0.915460
vt 0.792500 0.915130
vt 0.791230 0.908900
vt 0.779620 0.972880
vt 0.779620 0.990540
vt 0.762730 0.981630
vt 0.841370 0.972880
vt 0.841370 0.990540
vt 0.906270 0.795050
vt 0.914280 0.795020
vt 0.914310 0.908530
vt 0.906450 0.908410
vt 0.914370 0.681030
vt 0.906450 0.681080
vt 0.914600 0.551380
vt 0.915070 0.419600
vt 0.906910 0.551410
vt 0.907840 0.419690
vt 0.915730 0.101040
vt 0.912510 0.090240
vt 0.913640 0.118300
vt 0.904360 0.122160
vt 0.909410 0.299390
vt 0.915850 0.299190
vt 0.916490 0.206740
vt 0.910680 0.207530
vt 0.911090 0.161100
vt 0.916660 0.158870
vt 0.916810 0.133300
vt 0.912660 0.142300
vt 0.817200 0.908530
vt 0.817250 0.795020
vt 0.825260 0.795050
vt 0.825060 0.908410
vt 0.817170 0.681030
vt 0.825090 0.681080
vt 0.816470 0.419600
vt 0.816930 0.551380
vt 0.824650 0.551410
vt 0.823700 0.419690
vt 0.819050 0.090240
vt 0.815800 0.101040
vt 0.817920 0.118300
vt 0.827180 0.122160
vt 0.815660 0.299190
vt 0.822130 0.299390
vt 0.815050 0.206740
vt 0.820850 0.207530
vt 0.814870 0.158870
vt 0.820470 0.161100
vt 0.814730 0.133300
vt 0.818880 0.142300
vt 0.890340 0.795190
vt 0.903490 0.795140
vt 0.904160 0.908900
vt 0.890900 0.909010
vt 0.903630 0.681090
vt 0.890460 0.681080
vt 0.828050 0.795140
vt 0.841220 0.795190
vt 0.840610 0.909010
vt 0.827350 0.908900
vt 0.841050 0.681080
vt 0.827900 0.681090
vt 0.891010 0.956440
vt 0.890980 0.915190
vt 0.906970 0.915450
vt 0.907000 0.956740
vt 0.890980 0.551320
vt 0.904100 0.551410
vt 0.905080 0.419600
vt 0.891940 0.419370
vt 0.893510 0.298720
vt 0.906650 0.299270
vt 0.907900 0.207180
vt 0.895740 0.204830
vt 0.899080 0.153150
vt 0.908310 0.160200
vt 0.910020 0.140760
vt 0.824570 0.915450
vt 0.840550 0.915190
vt 0.840550 0.956440
vt 0.824540 0.956740
vt 0.915210 0.131360
vt 0.827410 0.551410
vt 0.840580 0.551320
vt 0.839570 0.419370
vt 0.826450 0.419600
vt 0.824860 0.299270
vt 0.838000 0.298720
vt 0.835770 0.204830
vt 0.823640 0.207180
vt 0.823230 0.160200
vt 0.832430 0.153150
vt 0.821520 0.140760
vt 0.816350 0.131360
vt 0.904240 0.064270
vt 0.912510 0.090240
vt 0.904360 0.122160
vt 0.890690 0.113570
vt 0.922230 0.057920
vt 0.922230 0.009460
vt 0.883700 0.151060
vt 0.899080 0.153150
vt 0.895740 0.204830
vt 0.880220 0.203670
vt 0.827320 0.064270
vt 0.819050 0.090240
vt 0.809300 0.057920
vt 0.809300 0.009460
vt 0.827180 0.122160
vt 0.840840 0.113570
vt 0.877930 0.298140
vt 0.893510 0.298720
vt 0.891940 0.419370
vt 0.876360 0.419110
vt 0.847840 0.151060
vt 0.832430 0.153150
vt 0.835770 0.204830
vt 0.851320 0.203670
vt 0.875370 0.551200
vt 0.890980 0.551320
vt 0.890460 0.681080
vt 0.874880 0.681050
vt 0.853580 0.298140
vt 0.838000 0.298720
vt 0.839570 0.419370
vt 0.855150 0.419110
vt 0.874730 0.795200
vt 0.890340 0.795190
vt 0.890900 0.909010
vt 0.875200 0.908940
vt 0.856160 0.551200
vt 0.840580 0.551320
vt 0.841050 0.681080
vt 0.856660 0.681050
vt 0.856800 0.795200
vt 0.841220 0.795190
vt 0.840610 0.909010
vt 0.856340 0.908940
vt 0.840550 0.956440
vt 0.840550 0.915190
vt 0.859470 0.915050
vt 0.859590 0.956360
vt 0.872060 0.915050
vt 0.890980 0.915190
vt 0.891010 0.956440
vt 0.871950 0.956360
vt 0.906450 0.681080
vt 0.906270 0.795050
vt 0.903490 0.795140
vt 0.903630 0.681090
vt 0.904100 0.551410
vt 0.906910 0.551410
vt 0.907840 0.419690
vt 0.905080 0.419600
vt 0.906650 0.299270
vt 0.909410 0.299390
vt 0.910680 0.207530
vt 0.907900 0.207180
vt 0.908310 0.160200
vt 0.911090 0.161100
vt 0.912660 0.142300
vt 0.910020 0.140760
vt 0.915210 0.131360
vt 0.916810 0.133300
vt 0.828050 0.795140
vt 0.825260 0.795050
vt 0.825090 0.681080
vt 0.827900 0.681090
vt 0.824650 0.551410
vt 0.827410 0.551410
vt 0.823700 0.419690
vt 0.826450 0.419600
vt 0.822130 0.299390
vt 0.824860 0.299270
vt 0.820850 0.207530
vt 0.823640 0.207180
vt 0.820470 0.161100
vt 0.823230 0.160200
vt 0.818880 0.142300
vt 0.821520 0.140760
vt 0.814730 0.133300
vt 0.816350 0.131360
vt 0.906450 0.908410
vt 0.904160 0.908900
vt 0.827350 0.908900
vt 0.825060 0.908410
vt 0.905460 0.915130
vt 0.890980 0.915190
vt 0.890900 0.909010
vt 0.904160 0.908900
vt 0.840550 0.915190
vt 0.826100 0.915130
vt 0.827350 0.908900
vt 0.840610 0.909010
vt 0.859470 0.915050
vt 0.840550 0.915190
vt 0.840610 0.909010
vt 0.856340 0.908940
vt 0.890980 0.915190
vt 0.872060 0.915050
vt 0.875200 0.908940
vt 0.890900 0.909010
vt 0.906970 0.915450
vt 0.905460 0.915130
vt 0.904160 0.908900
vt 0.906450 0.908410
vt 0.826100 0.915130
vt 0.824570 0.915450
vt 0.825060 0.908410
vt 0.827350 0.908900
vt 0.858250 0.981640
vt 0.634080 0.604260
vt 0.622560 0.603970
vt 0.622560 0.593390
vt 0.635180 0.593280
vt 0.622560 0.656390
vt 0.622560 0.624930
vt 0.636220 0.621410
vt 0.636280 0.653670
vt 0.655810 0.748310
vt 0.662770 0.759860
vt 0.646550 0.763490
vt 0.640200 0.750660
vt 0.622560 0.584110
vt 0.622560 0.568870
vt 0.627080 0.570830
vt 0.633700 0.583050
vt 0.683870 0.743480
vt 0.691210 0.753350
vt 0.674550 0.763820
vt 0.670140 0.755440
vt 0.665150 0.768690
vt 0.742510 0.707730
vt 0.735860 0.692610
vt 0.747240 0.689870
vt 0.745790 0.705180
vt 0.723070 0.711460
vt 0.719640 0.696750
vt 0.696870 0.753720
vt 0.701340 0.735670
vt 0.707750 0.739660
vt 0.703110 0.758300
vt 0.696870 0.733090
vt 0.666750 0.651440
vt 0.679430 0.653240
vt 0.680790 0.657520
vt 0.665850 0.654820
vt 0.691210 0.667770
vt 0.700900 0.677090
vt 0.698260 0.684600
vt 0.687290 0.672390
vt 0.622560 0.613400
vt 0.632860 0.612400
vt 0.688740 0.697910
vt 0.696400 0.696110
vt 0.696900 0.703090
vt 0.689930 0.705190
vt 0.702090 0.694560
vt 0.702580 0.701320
vt 0.662190 0.664440
vt 0.673160 0.671140
vt 0.663960 0.683360
vt 0.656100 0.678090
vt 0.643480 0.655500
vt 0.649950 0.658550
vt 0.647220 0.675720
vt 0.641710 0.675520
vt 0.635440 0.676190
vt 0.647450 0.635640
vt 0.651280 0.637800
vt 0.622560 0.679080
vt 0.677860 0.707530
vt 0.690400 0.711810
vt 0.678240 0.712620
vt 0.703110 0.714850
vt 0.660950 0.769180
vt 0.673250 0.737830
vt 0.664750 0.745550
vt 0.677370 0.729480
vt 0.689500 0.731140
vt 0.680500 0.679700
vt 0.687150 0.692280
vt 0.675080 0.698230
vt 0.669850 0.689070
vt 0.735860 0.755240
vt 0.740220 0.757350
vt 0.739960 0.789680
vt 0.734730 0.786800
vt 0.751880 0.761590
vt 0.744220 0.789520
vt 0.701740 0.684810
vt 0.714890 0.678050
vt 0.718020 0.689320
vt 0.717350 0.639080
vt 0.722580 0.650810
vt 0.713610 0.666210
vt 0.703340 0.653270
vt 0.690110 0.616360
vt 0.689290 0.626050
vt 0.676470 0.619350
vt 0.683870 0.605420
vt 0.611010 0.604260
vt 0.609910 0.593280
vt 0.608890 0.621410
vt 0.608830 0.653670
vt 0.589280 0.748310
vt 0.582340 0.759860
vt 0.578600 0.758650
vt 0.584110 0.747310
vt 0.598560 0.763490
vt 0.604920 0.750660
vt 0.618030 0.570830
vt 0.611390 0.583050
vt 0.575410 0.767480
vt 0.553910 0.753350
vt 0.561220 0.743480
vt 0.548220 0.753720
vt 0.544850 0.742390
vt 0.549640 0.739280
vt 0.565020 0.657070
vt 0.565140 0.650630
vt 0.578020 0.646910
vt 0.580110 0.654380
vt 0.546830 0.684600
vt 0.545780 0.679100
vt 0.553880 0.673460
vt 0.555880 0.675700
vt 0.537800 0.671440
vt 0.544910 0.663990
vt 0.612230 0.612400
vt 0.573750 0.691520
vt 0.562520 0.683040
vt 0.573550 0.669950
vt 0.582340 0.682430
vt 0.583790 0.663990
vt 0.589570 0.677730
vt 0.554490 0.724590
vt 0.554690 0.711810
vt 0.566880 0.712620
vt 0.567020 0.723770
vt 0.541980 0.718510
vt 0.541980 0.714850
vt 0.595140 0.658550
vt 0.609650 0.676190
vt 0.597890 0.675720
vt 0.593800 0.637800
vt 0.579960 0.768690
vt 0.584110 0.769180
vt 0.571840 0.737830
vt 0.557650 0.737570
vt 0.569370 0.733680
vt 0.570010 0.698230
vt 0.557940 0.692280
vt 0.523820 0.757640
vt 0.527500 0.771490
vt 0.510380 0.786800
vt 0.508990 0.768780
vt 0.505130 0.789680
vt 0.504990 0.771820
vt 0.500890 0.789520
vt 0.495530 0.780890
vt 0.527100 0.689320
vt 0.530200 0.678050
vt 0.543370 0.684810
vt 0.543000 0.694560
vt 0.536640 0.655590
vt 0.528690 0.663770
vt 0.523760 0.657750
vt 0.532030 0.651410
vt 0.522540 0.654370
vt 0.523410 0.647200
vt 0.568330 0.615550
vt 0.554980 0.622710
vt 0.554980 0.616360
vt 0.562350 0.604230
vt 0.548710 0.696110
vt 0.662140 0.607410
vt 0.668490 0.598370
vt 0.562380 0.656850
vt 0.556870 0.647990
vt 0.549060 0.635670
vt 0.556370 0.697910
vt 0.539310 0.713230
vt 0.126980 0.783410
vt 0.126980 0.773080
vt 0.134610 0.768350
vt 0.140630 0.774900
vt 0.143220 0.752980
vt 0.145260 0.758080
vt 0.126980 0.746600
vt 0.113330 0.774900
vt 0.119350 0.768350
vt 0.110740 0.752980
vt 0.108700 0.758080
vt 0.568470 0.702290
vt 0.507160 0.709440
vt 0.499310 0.705180
vt 0.503190 0.676380
vt 0.515660 0.684700
vt 0.522020 0.711460
vt 0.543720 0.630520
vt 0.537980 0.630260
vt 0.733050 0.683170
vt 0.731890 0.670910
vt 0.735920 0.671260
vt 0.741900 0.676380
vt 0.705890 0.721570
vt 0.710620 0.723030
vt 0.683750 0.655530
vt 0.676640 0.702290
vt 0.743060 0.730580
vt 0.749360 0.739940
vt 0.738160 0.728260
vt 0.705800 0.713230
vt 0.704180 0.629750
vt 0.693820 0.639020
vt 0.517780 0.671970
vt 0.509160 0.671260
vt 0.539200 0.721570
vt 0.591190 0.635480
vt 0.506930 0.728260
vt 0.522660 0.725090
vt 0.495740 0.739940
vt 0.502030 0.730580
vt 0.581300 0.603290
vt 0.576600 0.598370
vt 0.652500 0.637280
vt 0.126660 0.610150
vt 0.126790 0.612850
vt 0.125790 0.612630
vt 0.125790 0.609760
vt 0.132050 0.607380
vt 0.127910 0.598640
vt 0.125790 0.597080
vt 0.167970 0.664860
vt 0.172050 0.658560
vt 0.182250 0.668240
vt 0.177080 0.672910
vt 0.161690 0.659390
vt 0.164830 0.651890
vt 0.199910 0.683990
vt 0.207460 0.688170
vt 0.199120 0.689540
vt 0.193800 0.686470
vt 0.215590 0.691090
vt 0.223770 0.693890
vt 0.193740 0.678990
vt 0.188380 0.682460
vt 0.158240 0.646000
vt 0.155420 0.654140
vt 0.148630 0.637660
vt 0.145790 0.646680
vt 0.136310 0.639470
vt 0.140120 0.628360
vt 0.125790 0.619030
vt 0.127290 0.619140
vt 0.128590 0.628500
vt 0.125790 0.633040
vt 0.135230 0.617270
vt 0.202210 0.695630
vt 0.192400 0.693580
vt 0.212640 0.695630
vt 0.123830 0.647520
vt 0.134910 0.651990
vt 0.144570 0.659720
vt 0.154160 0.668180
vt 0.159840 0.673260
vt 0.165100 0.677360
vt 0.172790 0.682560
vt 0.184670 0.689900
vt 0.124780 0.612850
vt 0.124910 0.610150
vt 0.123660 0.598640
vt 0.119530 0.607380
vt 0.077450 0.670300
vt 0.072470 0.665210
vt 0.083160 0.655170
vt 0.086740 0.662120
vt 0.035980 0.691090
vt 0.044110 0.688170
vt 0.052450 0.689540
vt 0.027800 0.693890
vt 0.071600 0.675450
vt 0.066360 0.671050
vt 0.096500 0.643230
vt 0.099310 0.651630
vt 0.102940 0.637660
vt 0.105790 0.646680
vt 0.111450 0.628360
vt 0.115250 0.639470
vt 0.122990 0.628500
vt 0.124280 0.619140
vt 0.116330 0.617270
vt 0.054860 0.681540
vt 0.060460 0.684560
vt 0.049370 0.695630
vt 0.038930 0.695630
vt 0.116660 0.651990
vt 0.107000 0.659720
vt 0.100460 0.665410
vt 0.089070 0.675420
vt 0.081360 0.680860
vt 0.063250 0.691830
vt 0.076090 0.684300
vt 0.127590 0.685970
vt 0.127690 0.688290
vt 0.126780 0.688100
vt 0.126780 0.685650
vt 0.128590 0.676490
vt 0.132110 0.683850
vt 0.126780 0.675190
vt 0.157330 0.718970
vt 0.177670 0.738210
vt 0.172740 0.742850
vt 0.154950 0.727070
vt 0.189960 0.749280
vt 0.203900 0.756010
vt 0.209780 0.759320
vt 0.184560 0.752050
vt 0.184770 0.744900
vt 0.179920 0.748660
vt 0.144020 0.718280
vt 0.146260 0.709480
vt 0.138730 0.701720
vt 0.135650 0.712230
vt 0.128100 0.693700
vt 0.129140 0.701750
vt 0.126780 0.706790
vt 0.126780 0.693600
vt 0.134720 0.692250
vt 0.196840 0.759910
vt 0.183430 0.757600
vt 0.134630 0.721860
vt 0.125130 0.718250
vt 0.143160 0.728260
vt 0.153900 0.737720
vt 0.169410 0.749150
vt 0.176990 0.754140
vt 0.125860 0.688290
vt 0.125970 0.685970
vt 0.124970 0.676490
vt 0.121450 0.683850
vt 0.083250 0.740760
vt 0.078370 0.735860
vt 0.090290 0.724490
vt 0.093400 0.731700
vt 0.049660 0.756010
vt 0.060530 0.751290
vt 0.066770 0.753480
vt 0.043770 0.759320
vt 0.076010 0.746780
vt 0.071160 0.742680
vt 0.098960 0.716510
vt 0.101240 0.724800
vt 0.107300 0.709480
vt 0.109530 0.718280
vt 0.114820 0.701720
vt 0.117900 0.712230
vt 0.124410 0.701750
vt 0.125460 0.693700
vt 0.118830 0.692250
vt 0.063590 0.749280
vt 0.069000 0.752050
vt 0.066170 0.758930
vt 0.056720 0.759910
vt 0.118920 0.721860
vt 0.110400 0.728260
vt 0.102130 0.735480
vt 0.095010 0.741620
vt 0.086360 0.747670
vt 0.070120 0.757600
vt 0.079290 0.752320
vt 0.348130 0.507900
vt 0.362050 0.517070
vt 0.360020 0.531560
vt 0.348130 0.533230
vt 0.348130 0.467190
vt 0.364200 0.508800
vt 0.377770 0.605680
vt 0.360370 0.589300
vt 0.374780 0.579130
vt 0.383930 0.588010
vt 0.351810 0.582730
vt 0.368550 0.571080
vt 0.360310 0.540450
vt 0.348130 0.540990
vt 0.361330 0.548790
vt 0.348130 0.549390
vt 0.348130 0.557510
vt 0.363030 0.556470
vt 0.365970 0.565810
vt 0.394680 0.595730
vt 0.398700 0.622060
vt 0.392010 0.617080
vt 0.391100 0.593480
vt 0.411540 0.631230
vt 0.402050 0.599440
vt 0.418100 0.634960
vt 0.406090 0.600950
vt 0.370730 0.488200
vt 0.365520 0.505040
vt 0.369790 0.506840
vt 0.374660 0.495480
vt 0.368570 0.510480
vt 0.373950 0.485470
vt 0.348130 0.462780
vt 0.478810 0.616660
vt 0.475810 0.615180
vt 0.479390 0.601210
vt 0.482720 0.601730
vt 0.470730 0.629400
vt 0.468380 0.627010
vt 0.443530 0.598080
vt 0.437710 0.602170
vt 0.432110 0.599250
vt 0.438290 0.595790
vt 0.448170 0.592170
vt 0.443240 0.590490
vt 0.459430 0.638180
vt 0.457760 0.635090
vt 0.446010 0.642720
vt 0.445110 0.639210
vt 0.431390 0.604260
vt 0.424020 0.604580
vt 0.418160 0.599560
vt 0.425180 0.600330
vt 0.438860 0.643340
vt 0.438260 0.639690
vt 0.417040 0.638860
vt 0.419690 0.604130
vt 0.404720 0.596050
vt 0.414700 0.598880
vt 0.458180 0.538640
vt 0.455440 0.541030
vt 0.447690 0.533370
vt 0.450020 0.530650
vt 0.443310 0.547780
vt 0.439060 0.539470
vt 0.460810 0.542020
vt 0.457980 0.544300
vt 0.469670 0.553230
vt 0.466580 0.555660
vt 0.450810 0.561260
vt 0.447330 0.561900
vt 0.474680 0.562260
vt 0.471470 0.564720
vt 0.475330 0.575210
vt 0.478710 0.572980
vt 0.448250 0.569050
vt 0.451930 0.568920
vt 0.452030 0.576690
vt 0.447980 0.576330
vt 0.478290 0.588300
vt 0.482060 0.586880
vt 0.446360 0.583720
vt 0.450900 0.584730
vt 0.410290 0.634830
vt 0.396960 0.625380
vt 0.389880 0.620380
vt 0.395770 0.591710
vt 0.401680 0.594810
vt 0.392780 0.589740
vt 0.375720 0.609130
vt 0.386600 0.584790
vt 0.359150 0.593570
vt 0.351430 0.587820
vt 0.348130 0.587040
vt 0.378560 0.576620
vt 0.373150 0.569180
vt 0.365200 0.531600
vt 0.365200 0.540050
vt 0.366130 0.548100
vt 0.367840 0.555470
vt 0.370770 0.564300
vt 0.366680 0.518590
vt 0.372080 0.489730
vt 0.375500 0.488490
vt 0.375370 0.493450
vt 0.431040 0.522930
vt 0.427560 0.520230
vt 0.431430 0.528980
vt 0.336240 0.531560
vt 0.334210 0.517070
vt 0.332050 0.508800
vt 0.330850 0.594150
vt 0.318760 0.582020
vt 0.327700 0.571080
vt 0.340380 0.585370
vt 0.335950 0.540450
vt 0.330280 0.565810
vt 0.333230 0.556470
vt 0.334940 0.548790
vt 0.294200 0.599440
vt 0.301590 0.595730
vt 0.297550 0.622060
vt 0.284710 0.631230
vt 0.305170 0.593480
vt 0.304240 0.617080
vt 0.290180 0.600950
vt 0.278140 0.634960
vt 0.326480 0.494900
vt 0.323930 0.490310
vt 0.324710 0.488950
vt 0.326790 0.487240
vt 0.342160 0.472440
vt 0.329320 0.501510
vt 0.327700 0.510480
vt 0.325130 0.503500
vt 0.322580 0.497830
vt 0.339740 0.468730
vt 0.323430 0.483990
vt 0.221080 0.623410
vt 0.223850 0.621390
vt 0.232920 0.631480
vt 0.230880 0.634280
vt 0.213550 0.601730
vt 0.216880 0.601210
vt 0.255540 0.600360
vt 0.248090 0.592170
vt 0.253030 0.590490
vt 0.260930 0.597790
vt 0.261630 0.603450
vt 0.267590 0.600040
vt 0.243360 0.640950
vt 0.244650 0.637600
vt 0.258000 0.639690
vt 0.257410 0.643340
vt 0.268380 0.604620
vt 0.274600 0.600070
vt 0.276570 0.604130
vt 0.281560 0.598880
vt 0.271900 0.641430
vt 0.271130 0.637580
vt 0.279230 0.638860
vt 0.285760 0.602270
vt 0.288310 0.597150
vt 0.291530 0.596050
vt 0.240720 0.535520
vt 0.251290 0.543120
vt 0.245460 0.561260
vt 0.235470 0.542020
vt 0.251360 0.527110
vt 0.257570 0.533230
vt 0.260470 0.534820
vt 0.254200 0.544780
vt 0.248940 0.561900
vt 0.229680 0.555660
vt 0.226590 0.553230
vt 0.221590 0.562260
vt 0.224780 0.564720
vt 0.220940 0.575210
vt 0.217540 0.572980
vt 0.248020 0.569050
vt 0.244320 0.568920
vt 0.244230 0.576690
vt 0.248300 0.576330
vt 0.213700 0.594280
vt 0.217270 0.594920
vt 0.246490 0.588590
vt 0.251260 0.587240
vt 0.299310 0.625380
vt 0.285960 0.634830
vt 0.306370 0.620380
vt 0.294590 0.594810
vt 0.300500 0.591710
vt 0.303490 0.589740
vt 0.313580 0.614880
vt 0.311390 0.611530
vt 0.332370 0.598110
vt 0.306580 0.587390
vt 0.308780 0.590870
vt 0.315300 0.579280
vt 0.344830 0.587820
vt 0.341190 0.590070
vt 0.323100 0.569180
vt 0.331050 0.531600
vt 0.331070 0.540050
vt 0.328410 0.555470
vt 0.330140 0.548100
vt 0.325490 0.564300
vt 0.329590 0.518590
vt 0.320460 0.490020
vt 0.321370 0.486980
vt 0.255740 0.524350
vt 0.265230 0.522930
vt 0.268700 0.520230
vt 0.413930 0.742260
vt 0.419160 0.740460
vt 0.434300 0.748280
vt 0.428300 0.752770
vt 0.423770 0.736920
vt 0.438800 0.742010
vt 0.405590 0.741870
vt 0.408410 0.742270
vt 0.421100 0.755370
vt 0.417050 0.755910
vt 0.394740 0.738880
vt 0.397350 0.739790
vt 0.403690 0.754430
vt 0.399380 0.752940
vt 0.438450 0.691990
vt 0.426120 0.699660
vt 0.422620 0.692810
vt 0.431660 0.685500
vt 0.429860 0.714160
vt 0.428790 0.708210
vt 0.437100 0.706860
vt 0.439050 0.712720
vt 0.429860 0.723080
vt 0.430110 0.720090
vt 0.440570 0.719120
vt 0.441120 0.722630
vt 0.428410 0.729100
vt 0.441470 0.730420
vt 0.387630 0.746190
vt 0.387470 0.735240
vt 0.392270 0.737850
vt 0.395340 0.751010
vt 0.379680 0.740430
vt 0.382510 0.731680
vt 0.366090 0.728840
vt 0.373410 0.722960
vt 0.369000 0.716930
vt 0.346280 0.731510
vt 0.353090 0.688140
vt 0.362660 0.686520
vt 0.362620 0.693340
vt 0.353680 0.694180
vt 0.364750 0.705800
vt 0.355410 0.706840
vt 0.367100 0.712970
vt 0.376690 0.754020
vt 0.357860 0.736310
vt 0.351650 0.731510
vt 0.398570 0.771150
vt 0.387920 0.763060
vt 0.404170 0.774330
vt 0.352410 0.669470
vt 0.363910 0.675990
vt 0.348970 0.634060
vt 0.365520 0.669440
vt 0.413250 0.677260
vt 0.422290 0.679570
vt 0.363850 0.642460
vt 0.361180 0.645000
vt 0.348970 0.630420
vt 0.366570 0.666500
vt 0.370120 0.649090
vt 0.371570 0.654140
vt 0.371600 0.652820
vt 0.451740 0.761310
vt 0.443860 0.770130
vt 0.456700 0.749770
vt 0.453450 0.715810
vt 0.455120 0.720340
vt 0.450040 0.707830
vt 0.410100 0.776420
vt 0.427890 0.777220
vt 0.445580 0.700840
vt 0.440560 0.694920
vt 0.457620 0.731490
vt 0.433590 0.775710
vt 0.276370 0.738880
vt 0.281350 0.741620
vt 0.249750 0.766190
vt 0.243230 0.755740
vt 0.270710 0.731970
vt 0.239970 0.737530
vt 0.286770 0.742490
vt 0.289540 0.742270
vt 0.264370 0.775710
vt 0.259000 0.773350
vt 0.292360 0.741870
vt 0.270030 0.777220
vt 0.284020 0.742260
vt 0.254090 0.770130
vt 0.297900 0.740590
vt 0.300580 0.739790
vt 0.287830 0.776420
vt 0.281880 0.777590
vt 0.303180 0.738880
vt 0.293770 0.774330
vt 0.295140 0.741290
vt 0.275920 0.777830
vt 0.266270 0.685500
vt 0.275310 0.692810
vt 0.270900 0.702420
vt 0.257390 0.694920
vt 0.268550 0.711200
vt 0.250050 0.704260
vt 0.246050 0.711650
vt 0.267810 0.717120
vt 0.268070 0.723080
vt 0.242810 0.720340
vt 0.308070 0.736630
vt 0.310460 0.735240
vt 0.310030 0.763060
vt 0.304920 0.767460
vt 0.305660 0.737850
vt 0.299350 0.771150
vt 0.321240 0.754020
vt 0.315410 0.731680
vt 0.324520 0.722960
vt 0.340090 0.736310
vt 0.328930 0.716930
vt 0.335330 0.693340
vt 0.335270 0.686520
vt 0.333200 0.705800
vt 0.334040 0.675990
vt 0.332410 0.669440
vt 0.270450 0.682590
vt 0.284700 0.677260
vt 0.336770 0.645000
vt 0.334080 0.642460
vt 0.327260 0.657300
vt 0.327820 0.649090
vt 0.578400 0.455550
vt 0.569080 0.443190
vt 0.580020 0.436430
vt 0.586400 0.450160
vt 0.608080 0.362120
vt 0.621510 0.362410
vt 0.621510 0.374570
vt 0.609440 0.375030
vt 0.595890 0.447750
vt 0.592700 0.430280
vt 0.599320 0.427260
vt 0.601520 0.447780
vt 0.621510 0.404920
vt 0.621510 0.427810
vt 0.595250 0.406340
vt 0.563570 0.486160
vt 0.551590 0.485090
vt 0.552110 0.478330
vt 0.563950 0.480830
vt 0.616840 0.339290
vt 0.621510 0.337520
vt 0.621510 0.356030
vt 0.608920 0.355190
vt 0.566930 0.538930
vt 0.571080 0.529190
vt 0.579210 0.534070
vt 0.577350 0.543370
vt 0.550050 0.527830
vt 0.558230 0.517300
vt 0.504780 0.465190
vt 0.498760 0.480420
vt 0.495510 0.477840
vt 0.492840 0.462230
vt 0.528490 0.471420
vt 0.525880 0.485350
vt 0.544130 0.529380
vt 0.540440 0.513570
vt 0.545200 0.510620
vt 0.553010 0.508320
vt 0.564790 0.505710
vt 0.568410 0.512380
vt 0.554230 0.466960
vt 0.563660 0.449080
vt 0.574070 0.459560
vt 0.566210 0.472560
vt 0.560780 0.428860
vt 0.562350 0.424450
vt 0.575320 0.422760
vt 0.576220 0.426250
vt 0.541780 0.451000
vt 0.554230 0.439450
vt 0.556230 0.441510
vt 0.542240 0.457730
vt 0.610660 0.381450
vt 0.621510 0.382080
vt 0.553380 0.470610
vt 0.544480 0.476270
vt 0.545430 0.468810
vt 0.539600 0.467190
vt 0.538880 0.474410
vt 0.529590 0.463760
vt 0.494540 0.508320
vt 0.498440 0.504620
vt 0.500050 0.537830
vt 0.487980 0.544910
vt 0.503190 0.502080
vt 0.504380 0.535260
vt 0.591420 0.408720
vt 0.621510 0.451320
vt 0.538270 0.488050
vt 0.596590 0.537830
vt 0.581850 0.543530
vt 0.586690 0.522030
vt 0.603000 0.524410
vt 0.577210 0.519550
vt 0.500050 0.564450
vt 0.495990 0.564580
vt 0.505360 0.561870
vt 0.517960 0.425260
vt 0.525820 0.405880
vt 0.534900 0.416900
vt 0.521320 0.431850
vt 0.565220 0.389570
vt 0.552190 0.396300
vt 0.551530 0.386230
vt 0.557770 0.374770
vt 0.531620 0.441280
vt 0.543170 0.427000
vt 0.539720 0.457240
vt 0.532230 0.452910
vt 0.528340 0.542180
vt 0.524600 0.523320
vt 0.656620 0.450160
vt 0.663010 0.436430
vt 0.670610 0.440870
vt 0.662110 0.453670
vt 0.679430 0.486160
vt 0.691440 0.485090
vt 0.691790 0.497800
vt 0.679430 0.497480
vt 0.634920 0.362120
vt 0.633580 0.375030
vt 0.640030 0.425990
vt 0.650300 0.430280
vt 0.647130 0.447750
vt 0.638310 0.448120
vt 0.644780 0.403270
vt 0.676670 0.445690
vt 0.666720 0.457410
vt 0.690890 0.478330
vt 0.679050 0.480830
vt 0.626160 0.339290
vt 0.634080 0.355190
vt 0.670380 0.542020
vt 0.667710 0.532620
vt 0.684800 0.517300
vt 0.692950 0.527830
vt 0.750200 0.462230
vt 0.747500 0.477840
vt 0.739750 0.482280
vt 0.734210 0.466200
vt 0.698380 0.507880
vt 0.703130 0.510670
vt 0.698900 0.529380
vt 0.678880 0.504100
vt 0.690800 0.505550
vt 0.674610 0.512380
vt 0.683610 0.455520
vt 0.688770 0.466960
vt 0.676790 0.472560
vt 0.672380 0.464140
vt 0.680940 0.427580
vt 0.666780 0.426250
vt 0.668780 0.418560
vt 0.681170 0.421780
vt 0.632340 0.381450
vt 0.704760 0.488050
vt 0.705020 0.492430
vt 0.651600 0.408720
vt 0.683110 0.428860
vt 0.698520 0.476270
vt 0.661180 0.543530
vt 0.646410 0.537830
vt 0.640030 0.524410
vt 0.661700 0.521060
vt 0.700780 0.457730
vt 0.700150 0.453060
vt 0.738450 0.531040
vt 0.742830 0.533290
vt 0.742970 0.564450
vt 0.737660 0.561870
vt 0.755190 0.538510
vt 0.747040 0.564580
vt 0.720020 0.547130
vt 0.723330 0.522830
vt 0.729540 0.443050
vt 0.730790 0.453640
vt 0.710190 0.463070
vt 0.708040 0.454420
vt 0.711060 0.472350
vt 0.691560 0.392790
vt 0.678820 0.386350
vt 0.685260 0.374770
vt 0.691470 0.386230
vt 0.697390 0.467070
vt 0.580460 0.377240
vt 0.574360 0.368010
vt 0.654210 0.406200
vt 0.664250 0.373120
vt 0.116190 0.569410
vt 0.123710 0.574360
vt 0.123710 0.584690
vt 0.109880 0.575840
vt 0.107240 0.553830
vt 0.123710 0.547880
vt 0.105190 0.558850
vt 0.131220 0.569410
vt 0.137530 0.575840
vt 0.140170 0.553830
vt 0.142220 0.558850
vt 0.668660 0.368010
vt 0.565280 0.475200
vt 0.508870 0.442060
vt 0.507770 0.454770
vt 0.504900 0.442350
vt 0.498660 0.447110
vt 0.558930 0.428220
vt 0.537220 0.400130
vt 0.542940 0.403090
vt 0.551960 0.415920
vt 0.535390 0.486600
vt 0.677340 0.473950
vt 0.689290 0.468870
vt 0.741460 0.444120
vt 0.738100 0.442350
vt 0.707430 0.495830
vt 0.702840 0.448880
vt 0.685090 0.426910
vt 0.724080 0.498500
vt 0.739810 0.502080
vt 0.744570 0.504620
vt 0.751560 0.513760
vt 0.713730 0.485700
vt 0.723820 0.428600
vt 0.718950 0.434840
vt 0.697330 0.406080
vt 0.702960 0.401000
vt 0.724460 0.418060
vt 0.708820 0.400390
vt 0.535570 0.495830
vt 0.523410 0.497890
vt 0.590150 0.408170
vt 0.125050 0.431700
vt 0.123920 0.431930
vt 0.124020 0.429210
vt 0.125050 0.428830
vt 0.122930 0.417720
vt 0.125050 0.416180
vt 0.118800 0.426420
vt 0.067790 0.487790
vt 0.078490 0.477980
vt 0.082490 0.484160
vt 0.072910 0.492340
vt 0.086070 0.471250
vt 0.089090 0.478620
vt 0.050920 0.509350
vt 0.043020 0.507770
vt 0.050280 0.503810
vt 0.056120 0.506300
vt 0.035300 0.510540
vt 0.027570 0.513210
vt 0.056260 0.498790
vt 0.061450 0.502180
vt 0.096040 0.462550
vt 0.098810 0.470840
vt 0.105520 0.453840
vt 0.108480 0.463300
vt 0.110800 0.447400
vt 0.117390 0.456100
vt 0.122260 0.447540
vt 0.123480 0.438200
vt 0.125050 0.438110
vt 0.125050 0.452100
vt 0.115650 0.436290
vt 0.048010 0.515370
vt 0.057480 0.513500
vt 0.038080 0.515120
vt 0.118790 0.469020
vt 0.126960 0.466490
vt 0.109950 0.476120
vt 0.099800 0.484680
vt 0.090530 0.492580
vt 0.084940 0.496730
vt 0.076940 0.502140
vt 0.065050 0.509750
vt 0.126090 0.429210
vt 0.126190 0.431930
vt 0.127170 0.417720
vt 0.131310 0.426420
vt 0.167620 0.484160
vt 0.171620 0.477980
vt 0.182320 0.487790
vt 0.177200 0.492340
vt 0.164040 0.471250
vt 0.161020 0.478620
vt 0.199830 0.503810
vt 0.207100 0.507770
vt 0.199190 0.509350
vt 0.193990 0.506300
vt 0.214810 0.510540
vt 0.222540 0.513210
vt 0.193860 0.498790
vt 0.188660 0.502180
vt 0.157260 0.465330
vt 0.154530 0.473340
vt 0.147700 0.456830
vt 0.144840 0.465770
vt 0.132720 0.456100
vt 0.139310 0.447400
vt 0.126630 0.438200
vt 0.127850 0.447540
vt 0.134460 0.436290
vt 0.202100 0.515370
vt 0.192630 0.513500
vt 0.212030 0.515120
vt 0.131320 0.469020
vt 0.143560 0.478940
vt 0.153520 0.487470
vt 0.159580 0.492580
vt 0.165160 0.496730
vt 0.173170 0.502140
vt 0.185060 0.509750
vt 0.124290 0.498150
vt 0.123420 0.498350
vt 0.123500 0.496030
vt 0.124290 0.495710
vt 0.122500 0.486540
vt 0.124290 0.485260
vt 0.119020 0.493880
vt 0.077480 0.553250
vt 0.072310 0.548590
vt 0.084350 0.537930
vt 0.088090 0.544490
vt 0.094120 0.529640
vt 0.096450 0.537670
vt 0.040820 0.569110
vt 0.046510 0.566020
vt 0.060120 0.559810
vt 0.065570 0.562710
vt 0.070200 0.559240
vt 0.065200 0.555440
vt 0.105200 0.519970
vt 0.107600 0.528830
vt 0.112410 0.511800
vt 0.115630 0.522350
vt 0.124290 0.516850
vt 0.122050 0.511760
vt 0.123060 0.503720
vt 0.124290 0.503650
vt 0.116430 0.502270
vt 0.066700 0.568310
vt 0.053440 0.570150
vt 0.125840 0.528240
vt 0.116890 0.532140
vt 0.108540 0.538960
vt 0.097210 0.548400
vt 0.089850 0.553790
vt 0.080790 0.559650
vt 0.073160 0.564810
vt 0.125080 0.496030
vt 0.125160 0.498350
vt 0.126080 0.486540
vt 0.129550 0.493880
vt 0.160810 0.535010
vt 0.170810 0.543660
vt 0.165940 0.549000
vt 0.157710 0.542210
vt 0.185260 0.564130
vt 0.191460 0.561740
vt 0.202070 0.566020
vt 0.207760 0.569110
vt 0.183380 0.555440
vt 0.178380 0.559240
vt 0.151620 0.527210
vt 0.149350 0.535450
vt 0.143380 0.519970
vt 0.140980 0.528830
vt 0.132950 0.522350
vt 0.136170 0.511800
vt 0.125520 0.503720
vt 0.126530 0.511760
vt 0.132150 0.502270
vt 0.183010 0.562710
vt 0.188460 0.559810
vt 0.195140 0.570150
vt 0.185830 0.569530
vt 0.131690 0.532140
vt 0.140040 0.538960
vt 0.148690 0.546200
vt 0.156380 0.552190
vt 0.163270 0.556720
vt 0.181880 0.568310
vt 0.175420 0.564810
vt 0.248910 0.304900
vt 0.253430 0.310760
vt 0.222580 0.328060
vt 0.219470 0.314740
vt 0.259050 0.314800
vt 0.229540 0.340100
vt 0.265080 0.316860
vt 0.239620 0.348110
vt 0.272190 0.317120
vt 0.251530 0.352080
vt 0.276410 0.316650
vt 0.257770 0.352520
vt 0.285420 0.314740
vt 0.270600 0.350490
vt 0.289790 0.313400
vt 0.277360 0.347790
vt 0.254900 0.250090
vt 0.250420 0.258740
vt 0.241280 0.253630
vt 0.248740 0.245860
vt 0.246190 0.273710
vt 0.230650 0.267590
vt 0.245010 0.281430
vt 0.225610 0.276640
vt 0.244960 0.289320
vt 0.222100 0.287610
vt 0.246160 0.297420
vt 0.219710 0.300720
vt 0.301410 0.308120
vt 0.296650 0.334500
vt 0.305100 0.305830
vt 0.303470 0.329390
vt 0.312420 0.300350
vt 0.318240 0.317810
vt 0.321690 0.291500
vt 0.335850 0.301480
vt 0.327870 0.283490
vt 0.344440 0.295010
vt 0.335980 0.244060
vt 0.333910 0.229610
vt 0.347150 0.220410
vt 0.347310 0.245800
vt 0.331750 0.221340
vt 0.345110 0.182110
vt 0.335780 0.252940
vt 0.347310 0.253540
vt 0.330410 0.278240
vt 0.333230 0.268920
vt 0.347050 0.270320
vt 0.334850 0.261290
vt 0.347240 0.261930
vt 0.266010 0.234950
vt 0.257640 0.239700
vt 0.329010 0.214080
vt 0.325230 0.200790
vt 0.325070 0.216060
vt 0.327630 0.223020
vt 0.321530 0.208050
vt 0.322240 0.197980
vt 0.343640 0.177840
vt 0.269250 0.232450
vt 0.255870 0.236800
vt 0.227110 0.342710
vt 0.219320 0.330000
vt 0.215460 0.314970
vt 0.258740 0.308560
vt 0.253880 0.303250
vt 0.264660 0.311900
vt 0.250690 0.355620
vt 0.237950 0.351300
vt 0.271100 0.312910
vt 0.277820 0.312070
vt 0.271290 0.354370
vt 0.278400 0.351790
vt 0.257350 0.356260
vt 0.281220 0.311400
vt 0.287930 0.309630
vt 0.291200 0.308560
vt 0.238670 0.251310
vt 0.246150 0.243300
vt 0.253330 0.260160
vt 0.257480 0.252090
vt 0.227840 0.264830
vt 0.249660 0.274120
vt 0.222460 0.274000
vt 0.218520 0.285290
vt 0.248710 0.281430
vt 0.249030 0.288860
vt 0.215740 0.299450
vt 0.250720 0.296370
vt 0.298420 0.337860
vt 0.305560 0.332730
vt 0.300410 0.304210
vt 0.303500 0.302230
vt 0.320130 0.321410
vt 0.309810 0.297270
vt 0.344860 0.300060
vt 0.351900 0.295010
vt 0.351460 0.300060
vt 0.337090 0.305770
vt 0.317990 0.289090
vt 0.323390 0.281660
vt 0.331080 0.244140
vt 0.331140 0.252590
vt 0.328610 0.267990
vt 0.330250 0.260620
vt 0.325740 0.276820
vt 0.329540 0.231120
vt 0.323910 0.202330
vt 0.320710 0.201030
vt 0.320450 0.204190
vt 0.348180 0.175430
vt 0.348180 0.179820
vt 0.348180 0.261870
vt 0.348180 0.270000
vt 0.348180 0.253520
vt 0.348180 0.245740
vt 0.348180 0.220470
vt 0.398640 0.310100
vt 0.402470 0.311840
vt 0.412570 0.343990
vt 0.406030 0.339550
vt 0.406520 0.313400
vt 0.418980 0.347790
vt 0.391240 0.305830
vt 0.394910 0.308120
vt 0.399670 0.334500
vt 0.392870 0.329390
vt 0.450150 0.248090
vt 0.443050 0.252730
vt 0.439820 0.247710
vt 0.445140 0.243940
vt 0.457400 0.256770
vt 0.445920 0.258740
vt 0.360560 0.252940
vt 0.361500 0.261290
vt 0.363110 0.268920
vt 0.368450 0.283490
vt 0.364590 0.221340
vt 0.371110 0.200790
vt 0.374820 0.208050
vt 0.368710 0.223020
vt 0.366440 0.189970
vt 0.363520 0.193080
vt 0.470730 0.334500
vt 0.476880 0.314740
vt 0.480890 0.314970
vt 0.473580 0.336730
vt 0.462040 0.344600
vt 0.464100 0.347560
vt 0.434720 0.310500
vt 0.440190 0.313030
vt 0.434360 0.316070
vt 0.428530 0.312650
vt 0.442460 0.303250
vt 0.447430 0.304900
vt 0.450940 0.350600
vt 0.452210 0.354000
vt 0.438570 0.352520
vt 0.438990 0.356260
vt 0.421930 0.312620
vt 0.427890 0.317210
vt 0.419930 0.316650
vt 0.415120 0.311400
vt 0.425740 0.350490
vt 0.425030 0.354370
vt 0.417920 0.351790
vt 0.408390 0.309630
vt 0.410920 0.314740
vt 0.405140 0.308560
vt 0.452840 0.245620
vt 0.447560 0.241330
vt 0.459940 0.254470
vt 0.443010 0.260160
vt 0.440380 0.254620
vt 0.437280 0.249630
vt 0.468510 0.264830
vt 0.465700 0.267590
vt 0.450160 0.273710
vt 0.446690 0.274120
vt 0.471370 0.269130
vt 0.468380 0.271850
vt 0.474240 0.287610
vt 0.472560 0.281860
vt 0.475780 0.279340
vt 0.477810 0.285290
vt 0.450890 0.277570
vt 0.451510 0.285320
vt 0.447650 0.285140
vt 0.447360 0.277770
vt 0.451390 0.289320
vt 0.447320 0.288860
vt 0.477100 0.307800
vt 0.481090 0.307170
vt 0.444260 0.299940
vt 0.449040 0.301300
vt 0.411210 0.347670
vt 0.404340 0.343150
vt 0.397900 0.337860
vt 0.390770 0.332730
vt 0.395940 0.304210
vt 0.398980 0.305890
vt 0.392850 0.302230
vt 0.402020 0.307340
vt 0.365590 0.306350
vt 0.364070 0.310330
vt 0.377390 0.294370
vt 0.380780 0.291730
vt 0.360500 0.301480
vt 0.359250 0.305770
vt 0.374630 0.291500
vt 0.378350 0.289090
vt 0.372920 0.281660
vt 0.360360 0.244060
vt 0.365260 0.244140
vt 0.365200 0.252590
vt 0.366070 0.260620
vt 0.367740 0.267990
vt 0.362430 0.229610
vt 0.366780 0.231120
vt 0.374110 0.197980
vt 0.437160 0.238570
vt 0.438550 0.235670
vt 0.430330 0.234950
vt 0.427090 0.232450
vt 0.342510 0.396560
vt 0.333650 0.395550
vt 0.333920 0.385360
vt 0.343470 0.387220
vt 0.329480 0.412030
vt 0.331830 0.404800
vt 0.341220 0.406080
vt 0.339810 0.414230
vt 0.348330 0.386870
vt 0.344050 0.364560
vt 0.348330 0.361370
vt 0.345600 0.432220
vt 0.335240 0.440440
vt 0.321300 0.424360
vt 0.324910 0.420040
vt 0.348330 0.396650
vt 0.348330 0.406780
vt 0.309200 0.434750
vt 0.307240 0.462140
vt 0.296580 0.469770
vt 0.304210 0.437270
vt 0.291270 0.473020
vt 0.301660 0.438290
vt 0.338940 0.346920
vt 0.326570 0.355590
vt 0.327160 0.347270
vt 0.333370 0.340680
vt 0.332050 0.371290
vt 0.327580 0.416000
vt 0.348330 0.328870
vt 0.342830 0.355190
vt 0.258190 0.391510
vt 0.267090 0.383390
vt 0.275700 0.389950
vt 0.271060 0.398740
vt 0.268490 0.407270
vt 0.351040 0.432220
vt 0.329280 0.362270
vt 0.283540 0.375960
vt 0.253460 0.469100
vt 0.246230 0.460170
vt 0.277710 0.439680
vt 0.282680 0.441510
vt 0.241760 0.448680
vt 0.273350 0.436050
vt 0.244310 0.414610
vt 0.247860 0.406780
vt 0.267490 0.413220
vt 0.267270 0.419080
vt 0.285510 0.475230
vt 0.298970 0.439160
vt 0.279650 0.476530
vt 0.296230 0.439940
vt 0.293430 0.440580
vt 0.273860 0.476790
vt 0.268260 0.476240
vt 0.290660 0.441100
vt 0.251820 0.400310
vt 0.256130 0.394390
vt 0.240840 0.436260
vt 0.270070 0.431030
vt 0.268130 0.425140
vt 0.242110 0.424590
vt 0.262940 0.474670
vt 0.287930 0.441540
vt 0.257900 0.472350
vt 0.285290 0.441740
vt 0.314250 0.431150
vt 0.319270 0.453900
vt 0.413960 0.441510
vt 0.418950 0.439680
vt 0.434650 0.447720
vt 0.428990 0.452650
vt 0.423290 0.436050
vt 0.438660 0.441130
vt 0.403210 0.440580
vt 0.408710 0.441540
vt 0.422100 0.455470
vt 0.413920 0.456130
vt 0.395000 0.438290
vt 0.397670 0.439160
vt 0.405140 0.454480
vt 0.400860 0.453000
vt 0.435670 0.402570
vt 0.426450 0.401470
vt 0.423480 0.394040
vt 0.427930 0.390060
vt 0.418450 0.386290
vt 0.422310 0.384120
vt 0.429170 0.413220
vt 0.428170 0.407270
vt 0.436970 0.406570
vt 0.438760 0.411800
vt 0.429120 0.422070
vt 0.429370 0.419080
vt 0.440250 0.418060
vt 0.440730 0.421600
vt 0.426570 0.431030
vt 0.440670 0.433440
vt 0.388630 0.446470
vt 0.387460 0.434750
vt 0.392430 0.437270
vt 0.396770 0.451140
vt 0.371820 0.434370
vt 0.377530 0.426680
vt 0.366060 0.428970
vt 0.373430 0.422130
vt 0.370290 0.417980
vt 0.362460 0.425670
vt 0.362720 0.385360
vt 0.363010 0.395550
vt 0.354130 0.396560
vt 0.353190 0.387220
vt 0.364810 0.404800
vt 0.355420 0.406080
vt 0.367160 0.412030
vt 0.413120 0.375960
vt 0.425660 0.380660
vt 0.433980 0.386810
vt 0.440510 0.394390
vt 0.369480 0.347270
vt 0.366350 0.365050
vt 0.353290 0.357890
vt 0.363270 0.340680
vt 0.364590 0.371290
vt 0.352610 0.364560
vt 0.350720 0.329770
vt 0.357440 0.436750
vt 0.453670 0.419310
vt 0.455820 0.436260
vt 0.454900 0.448680
vt 0.448800 0.406780
vt 0.452350 0.414610
vt 0.450420 0.460170
vt 0.443200 0.469100
vt 0.433720 0.474670
vt 0.422780 0.476790
vt 0.411150 0.475230
vt 0.405390 0.473020
vt 0.400080 0.469770
vt 0.389400 0.462140
vt 0.366070 0.444700
vt 0.444840 0.400310
vn 0.562707 -0.040978 0.825640
vn 0.560579 -0.040460 0.827112
vn 0.562347 -0.026541 0.826475
vn 0.564008 -0.026855 0.825333
vn 0.563480 -0.041581 0.825082
vn 0.563991 -0.041278 0.824749
vn 0.564937 -0.026995 0.824692
vn 0.564408 -0.026643 0.825066
vn 0.826222 -0.058482 0.560301
vn 0.827149 -0.058914 0.558886
vn 0.828262 -0.039381 0.558956
vn 0.827138 -0.039133 0.560635
vn -0.068315 0.997662 -0.001952
vn -0.046318 0.998925 -0.001972
vn -0.046343 0.998915 -0.004589
vn -0.068358 0.997651 -0.004493
vn -0.004019 0.999980 -0.004835
vn -0.003994 0.999990 -0.002106
vn 0.018348 0.999829 -0.002260
vn 0.018332 0.999820 -0.004976
vn -0.212272 0.977209 -0.001917
vn -0.158686 0.987327 -0.001945
vn -0.158838 0.987296 -0.004165
vn -0.212503 0.977152 -0.003998
vn -0.121475 0.992593 -0.001960
vn -0.092661 0.995696 -0.001916
vn -0.092723 0.995682 -0.004378
vn -0.121579 0.992572 -0.004302
vn -0.151652 0.988427 -0.003695
vn -0.200846 0.979616 -0.003787
vn -0.201016 0.979576 -0.004827
vn -0.151702 0.988415 -0.004667
vn -0.083695 0.996489 -0.002282
vn -0.088071 0.996111 -0.002688
vn -0.088020 0.996113 -0.003515
vn -0.083672 0.996489 -0.003082
vn -0.560807 -0.017205 -0.827768
vn -0.562134 -0.034985 -0.826306
vn -0.561997 -0.040058 -0.826169
vn -0.560654 -0.020873 -0.827787
vn -0.560465 -0.007242 -0.828146
vn -0.561688 -0.016338 -0.827188
vn -0.562030 -0.020278 -0.826868
vn -0.560662 -0.010055 -0.827984
vn -0.124489 -0.992200 0.006383
vn -0.124501 -0.992193 0.007233
vn -0.120179 -0.992723 0.007632
vn -0.120186 -0.992728 0.006809
vn -0.236796 -0.971547 0.004887
vn -0.236637 -0.971580 0.005911
vn -0.187769 -0.982194 0.006108
vn -0.187835 -0.982187 0.005134
vn -0.129163 -0.991608 0.005499
vn -0.129092 -0.991601 0.007960
vn -0.157787 -0.987442 0.007896
vn -0.157885 -0.987442 0.005548
vn -0.194945 -0.980798 0.005635
vn -0.194796 -0.980812 0.007866
vn -0.247985 -0.968733 0.007770
vn -0.248212 -0.968689 0.005693
vn -0.018326 -0.999802 0.007697
vn -0.040650 -0.999143 0.007835
vn -0.040681 -0.999159 0.005115
vn -0.018344 -0.999819 0.004977
vn -0.082940 -0.996540 0.005349
vn -0.082918 -0.996524 0.007985
vn -0.104852 -0.994456 0.007968
vn -0.104902 -0.994468 0.005420
vn -0.992450 0.003952 -0.122585
vn -0.997027 0.004865 -0.076905
vn -0.996999 0.010259 -0.076736
vn -0.992441 0.009585 -0.122344
vn -0.996999 0.010259 -0.076736
vn -0.997027 0.004865 -0.076905
vn -0.999748 0.005156 -0.021843
vn -0.999708 0.010543 -0.021733
vn -0.981383 0.001322 -0.192055
vn -0.987020 0.002938 -0.160571
vn -0.987036 0.008864 -0.160257
vn -0.981425 0.007801 -0.191689
vn -0.967457 0.004516 -0.252996
vn -0.967326 -0.003869 -0.253505
vn -0.971144 -0.002127 -0.238486
vn -0.971242 0.005598 -0.238029
vn 0.150522 -0.986984 -0.056612
vn 0.140618 -0.988304 -0.059000
vn 0.138240 -0.988867 -0.055063
vn 0.147591 -0.987618 -0.053168
vn 0.116231 -0.991645 -0.055958
vn 0.117117 -0.991269 -0.060571
vn 0.106439 -0.992608 -0.058303
vn 0.106301 -0.992887 -0.053624
vn 0.128792 -0.989847 -0.060128
vn 0.117117 -0.991269 -0.060571
vn 0.116231 -0.991645 -0.055958
vn 0.127131 -0.990313 -0.055834
vn 0.170886 -0.984104 -0.048356
vn 0.174791 -0.983300 -0.050683
vn 0.167349 -0.984519 -0.052117
vn 0.163699 -0.985268 -0.049501
vn -0.174117 -0.028270 0.984319
vn -0.173311 -0.053696 0.983402
vn -0.170067 -0.053834 0.983961
vn -0.170528 -0.028463 0.984942
vn -0.168230 -0.017845 0.985586
vn -0.167038 -0.035816 0.985300
vn -0.171334 -0.037861 0.984485
vn -0.172349 -0.019283 0.984847
vn 0.006258 -0.002741 0.999977
vn 0.005959 -0.008587 0.999945
vn 0.006115 -0.008589 0.999944
vn 0.006221 -0.002743 0.999977
vn 0.006143 -0.009744 0.999934
vn 0.006085 -0.009047 0.999941
vn 0.006467 -0.002985 0.999975
vn 0.006741 -0.003513 0.999971
vn 0.009997 -0.013643 0.999857
vn 0.008583 -0.011876 0.999893
vn 0.009525 -0.005447 0.999940
vn 0.011570 -0.006412 0.999913
vn 0.007223 -0.011157 0.999912
vn 0.006496 -0.010448 0.999924
vn 0.007225 -0.004043 0.999966
vn 0.008109 -0.004739 0.999956
vn 0.998883 -0.029881 0.036593
vn 0.998536 -0.037855 0.038637
vn 0.998664 -0.036476 0.036589
vn 0.998974 -0.029103 0.034710
vn 0.510471 0.794802 0.328189
vn 0.507548 0.798130 0.324628
vn 0.515507 0.791777 0.327632
vn 0.520255 0.786707 0.332307
vn 0.397522 -0.022193 0.917324
vn 0.401759 -0.023586 0.915442
vn 0.399912 -0.015021 0.916430
vn 0.395725 -0.014398 0.918256
vn 0.486176 -0.806853 0.335590
vn 0.477953 -0.812972 0.332622
vn 0.481018 -0.809705 0.336154
vn 0.491114 -0.801915 0.340206
vn 0.105630 0.994403 0.002424
vn 0.103802 0.994592 0.003410
vn 0.090334 0.995908 0.002652
vn 0.092508 0.995710 0.001747
vn 0.131803 0.991240 0.008399
vn 0.130446 0.991401 0.010406
vn 0.127387 0.991806 0.009700
vn 0.128759 0.991645 0.007897
vn 0.018011 -0.038191 -0.999108
vn 0.014979 -0.035366 -0.999262
vn 0.014445 -0.022322 -0.999646
vn 0.017057 -0.024592 -0.999552
vn 0.016223 -0.067335 -0.997599
vn 0.018804 -0.059797 -0.998033
vn 0.017597 -0.037466 -0.999143
vn 0.014910 -0.042633 -0.998980
vn 0.090915 -0.995666 0.019604
vn 0.094028 -0.995363 0.020304
vn 0.095373 -0.995273 0.018297
vn 0.092302 -0.995572 0.017789
vn 0.053750 -0.998475 0.012578
vn 0.067244 -0.997647 0.013334
vn 0.069081 -0.997535 0.012339
vn 0.055929 -0.998367 0.011672
vn 0.957812 -0.043552 0.284078
vn 0.947745 -0.045567 0.315758
vn 0.947772 -0.033385 0.317197
vn 0.957880 -0.032351 0.285340
vn 0.974031 -0.036327 -0.223481
vn 0.994504 -0.036883 -0.097985
vn 0.994792 -0.029463 -0.097571
vn 0.974324 -0.029221 -0.223248
vn 0.994792 -0.029463 -0.097571
vn 0.994504 -0.036883 -0.097985
vn 0.999219 -0.037884 0.011257
vn 0.999484 -0.029867 0.011831
vn 0.994144 -0.030088 0.103789
vn 0.993927 -0.038699 0.103016
vn 0.983173 -0.040140 0.178211
vn 0.983339 -0.030718 0.179169
vn 0.203351 0.977148 -0.061896
vn 0.210734 0.975674 -0.060435
vn 0.206884 0.976638 -0.058110
vn 0.199733 0.978056 -0.059278
vn 0.142757 0.987408 -0.068160
vn 0.153373 0.985656 -0.070417
vn 0.152498 0.986110 -0.065810
vn 0.142624 0.987739 -0.063486
vn 0.152498 0.986110 -0.065810
vn 0.153373 0.985656 -0.070417
vn 0.165000 0.983810 -0.069944
vn 0.163331 0.984384 -0.065663
vn 0.174369 0.982540 -0.064885
vn 0.176778 0.981843 -0.068806
vn 0.186616 0.980186 -0.066410
vn 0.183682 0.980967 -0.062971
vn -0.013117 -0.013866 -0.999818
vn -0.013871 -0.020175 -0.999700
vn -0.018279 -0.020660 -0.999619
vn -0.017329 -0.014018 -0.999752
vn -0.009225 -0.013117 -0.999871
vn -0.009842 -0.019573 -0.999760
vn -0.011519 -0.019882 -0.999736
vn -0.010792 -0.013498 -0.999851
vn -0.006604 -0.018229 -0.999812
vn -0.006760 -0.018226 -0.999811
vn -0.006688 -0.012954 -0.999894
vn -0.006508 -0.012957 -0.999895
vn -0.007494 -0.012683 -0.999892
vn -0.007978 -0.018712 -0.999793
vn -0.008686 -0.019146 -0.999779
vn -0.008221 -0.012903 -0.999883
vn 0.473393 -0.815530 0.332881
vn 0.484834 -0.805553 0.340618
vn 0.483792 -0.805780 0.341563
vn 0.472618 -0.815487 0.334085
vn 0.996817 -0.035777 0.071248
vn 0.996170 -0.047665 0.073304
vn 0.997439 -0.047221 0.053727
vn 0.998046 -0.035548 0.051383
vn 0.420130 -0.033587 0.906842
vn 0.437301 -0.034854 0.898640
vn 0.436078 -0.020998 0.899664
vn 0.418485 -0.020631 0.907990
vn 0.513094 0.790835 0.333638
vn 0.514123 0.790560 0.332704
vn 0.502998 0.800937 0.324797
vn 0.502224 0.800924 0.326023
vn 0.480369 -0.818480 0.315177
vn 0.520716 -0.779548 0.348079
vn 0.535841 -0.763996 0.359422
vn 0.498942 -0.801772 0.328967
vn 0.091737 -0.995777 0.003508
vn 0.110956 -0.993512 0.024946
vn 0.121440 -0.992017 0.033980
vn 0.099096 -0.995022 0.010541
vn 0.146750 -0.987485 0.057768
vn 0.206385 -0.972610 0.106935
vn 0.224264 -0.967020 0.120743
vn 0.160830 -0.984558 0.069134
vn 0.800799 -0.030070 -0.598178
vn 0.800794 -0.038906 -0.597675
vn 0.789465 -0.037953 -0.612622
vn 0.789525 -0.029595 -0.613004
vn 0.872400 -0.031463 -0.487779
vn 0.872696 -0.040571 -0.486575
vn 0.827259 -0.039860 -0.560406
vn 0.827063 -0.030805 -0.561265
vn 0.999606 -0.027895 0.003065
vn 0.999397 -0.034413 0.004649
vn 0.996411 -0.036129 -0.076555
vn 0.996526 -0.029002 -0.078074
vn -0.014486 -0.021773 0.999658
vn 0.295283 -0.021106 0.955177
vn 0.293003 -0.012741 0.956027
vn -0.018740 -0.010577 0.999768
vn -0.975156 -0.000010 0.221521
vn -0.972601 -0.000848 0.232478
vn -0.972710 0.007365 0.231907
vn -0.975220 0.007830 0.221100
vn -0.963600 -0.002161 0.267340
vn -0.935124 -0.004706 0.354289
vn -0.935774 0.004983 0.352565
vn -0.963872 0.006557 0.266284
vn 0.259587 0.959300 0.111170
vn 0.241935 0.965402 0.097292
vn 0.182839 0.981973 0.047941
vn 0.196818 0.978641 0.059363
vn 0.157736 0.987186 0.024132
vn 0.147336 0.988971 0.015090
vn 0.128186 0.991729 -0.006396
vn 0.135521 0.990774 0.000656
vn 0.563519 0.747418 0.351870
vn 0.549001 0.763373 0.340382
vn 0.510104 0.803423 0.307094
vn 0.528037 0.786197 0.321047
vn -0.933027 -0.010804 -0.359644
vn -0.959037 -0.007385 -0.283185
vn -0.959249 0.002341 -0.282552
vn -0.933411 -0.000087 -0.358810
vn -0.653452 -0.025012 -0.756555
vn -0.851443 -0.016991 -0.524173
vn -0.852079 -0.004787 -0.523391
vn -0.654470 -0.011558 -0.756000
vn -0.023654 -0.021942 -0.999479
vn -0.022816 -0.033860 -0.999166
vn -0.136055 -0.033225 -0.990144
vn -0.136779 -0.020775 -0.990384
vn 0.160440 -0.986773 -0.023179
vn 0.178158 -0.983264 -0.038090
vn 0.175279 -0.983809 -0.037388
vn 0.158895 -0.987014 -0.023564
vn 0.185825 -0.981438 -0.047428
vn 0.186395 -0.981159 -0.050832
vn 0.182294 -0.982030 -0.048841
vn 0.182084 -0.982212 -0.045879
vn 0.106264 -0.994233 0.014441
vn 0.105135 -0.994319 0.016613
vn 0.118695 -0.992899 0.007967
vn 0.119333 -0.992836 0.006034
vn -0.044280 -0.033188 0.998468
vn -0.130499 -0.031510 0.990948
vn -0.131674 -0.015091 0.991178
vn -0.045979 -0.016964 0.998798
vn 0.931156 -0.035689 0.362872
vn 0.931291 -0.049696 0.360870
vn 0.881480 -0.051757 0.469376
vn 0.881027 -0.036483 0.471657
vn 0.733288 -0.035332 0.679000
vn 0.734464 -0.052016 0.676652
vn 0.451355 -0.047648 0.891071
vn 0.449176 -0.029958 0.892941
vn 0.154974 0.987917 -0.001859
vn 0.141546 0.989909 0.006725
vn 0.142664 0.989761 0.004558
vn 0.155618 0.987810 -0.003792
vn 0.218162 0.974153 -0.058570
vn 0.222229 0.973112 -0.060566
vn 0.221690 0.973440 -0.057175
vn 0.217983 0.974366 -0.055619
vn 0.211241 0.976297 -0.047137
vn 0.214086 0.975643 -0.047836
vn 0.196526 0.979944 -0.032980
vn 0.195001 0.980235 -0.033362
vn -0.980172 0.001613 0.198142
vn -0.976909 0.000742 0.213656
vn -0.976945 0.008249 0.213332
vn -0.980178 0.008736 0.197924
vn -0.999748 0.005156 -0.021843
vn -0.999427 0.005283 0.033442
vn -0.999381 0.010689 0.033505
vn -0.999708 0.010543 -0.021733
vn -0.999381 0.010689 0.033505
vn -0.999427 0.005283 0.033442
vn -0.996812 0.004770 0.079644
vn -0.996769 0.010468 0.079642
vn -0.992937 0.010186 0.118204
vn -0.992974 0.004168 0.118259
vn -0.988613 0.003356 0.150443
vn -0.988586 0.009729 0.150341
vn 0.079225 -0.996629 -0.021313
vn 0.082647 -0.996519 -0.010904
vn 0.087826 -0.996122 -0.005224
vn 0.083061 -0.996411 -0.016330
vn 0.106439 -0.992608 -0.058303
vn 0.096537 -0.993805 -0.055058
vn 0.097161 -0.993993 -0.050377
vn 0.106301 -0.992887 -0.053624
vn 0.097161 -0.993993 -0.050377
vn 0.096537 -0.993805 -0.055058
vn 0.089718 -0.994723 -0.049767
vn 0.090885 -0.994835 -0.045202
vn 0.085543 -0.995553 -0.039457
vn 0.083758 -0.995517 -0.043943
vn 0.080609 -0.996051 -0.037219
vn 0.082900 -0.996020 -0.032723
vn 0.904161 -0.035171 -0.425742
vn 0.940023 -0.035478 -0.339260
vn 0.940262 -0.028706 -0.339240
vn 0.904342 -0.028584 -0.425850
vn 0.940262 -0.028706 -0.339240
vn 0.940023 -0.035478 -0.339260
vn 0.974031 -0.036327 -0.223481
vn 0.974324 -0.029221 -0.223248
vn 0.842053 -0.035228 -0.538243
vn 0.870897 -0.034943 -0.490222
vn 0.871051 -0.028491 -0.490366
vn 0.842229 -0.028313 -0.538377
vn 0.790253 -0.029243 -0.612082
vn 0.790223 -0.037100 -0.611695
vn 0.800964 -0.036309 -0.597610
vn 0.800959 -0.028667 -0.598032
vn 0.117065 0.992006 -0.047123
vn 0.120204 0.991289 -0.053829
vn 0.121982 0.991305 -0.049343
vn 0.119351 0.991937 -0.042627
vn 0.133532 0.989211 -0.060250
vn 0.132910 0.988999 -0.064929
vn 0.142757 0.987408 -0.068160
vn 0.142624 0.987739 -0.063486
vn 0.126133 0.990219 -0.059644
vn 0.132910 0.988999 -0.064929
vn 0.133532 0.989211 -0.060250
vn 0.127296 0.990334 -0.055080
vn 0.124297 0.992130 -0.015128
vn 0.119127 0.992661 -0.020822
vn 0.115717 0.992792 -0.031218
vn 0.119540 0.992483 -0.026236
vn 0.137037 -0.011453 0.990500
vn 0.133011 -0.021369 0.990884
vn 0.057965 -0.018167 0.998153
vn 0.060726 -0.009165 0.998112
vn 0.557327 -0.038460 0.829402
vn 0.538132 -0.036452 0.842072
vn 0.541262 -0.023347 0.840530
vn 0.559722 -0.025016 0.828303
vn 0.172932 -0.052788 0.983518
vn 0.346131 -0.050023 0.936852
vn 0.348888 -0.030306 0.936674
vn 0.175450 -0.030813 0.984006
vn -0.152337 -0.029044 0.987902
vn -0.152438 -0.054458 0.986812
vn -0.098433 -0.053824 0.993687
vn -0.097806 -0.029338 0.994773
vn -0.438854 0.898554 -0.002956
vn -0.438262 0.898846 -0.001369
vn -0.362116 0.932132 -0.001570
vn -0.362580 0.931947 -0.003330
vn -0.282082 0.959384 -0.003383
vn -0.382219 0.924068 -0.002796
vn -0.382692 0.923868 -0.003943
vn -0.282403 0.959285 -0.004484
vn -0.060932 0.998142 0.000690
vn -0.106530 0.994309 -0.000319
vn -0.103966 0.994580 -0.001010
vn -0.057169 0.998365 -0.000040
vn 0.071214 0.997460 0.001282
vn 0.068509 0.997648 0.002110
vn 0.035948 0.999352 0.001738
vn 0.039336 0.999226 0.000938
vn -0.544301 -0.004683 -0.838877
vn -0.546395 -0.011552 -0.837448
vn -0.561214 -0.013673 -0.827558
vn -0.559713 -0.005731 -0.828667
vn -0.073200 -0.020526 -0.997106
vn -0.152228 -0.019205 -0.988159
vn -0.150113 -0.012313 -0.988592
vn -0.071491 -0.013565 -0.997349
vn -0.029820 -0.078754 -0.996448
vn 0.004479 -0.074773 -0.997191
vn 0.003514 -0.047683 -0.998856
vn -0.030058 -0.048448 -0.998373
vn -0.353811 -0.041121 -0.934413
vn -0.355808 -0.071829 -0.931795
vn -0.215503 -0.078036 -0.973380
vn -0.214447 -0.045588 -0.975671
vn -0.416318 -0.909204 0.005180
vn -0.415852 -0.909411 0.006326
vn -0.317104 -0.948371 0.006104
vn -0.317417 -0.948273 0.005011
vn -0.396046 -0.918199 0.007622
vn -0.470958 -0.882124 0.007475
vn -0.471517 -0.881837 0.005894
vn -0.396513 -0.918010 0.005875
vn -0.000727 -0.999931 0.011685
vn 0.031892 -0.999419 0.012039
vn 0.034606 -0.999338 0.011218
vn 0.002665 -0.999937 0.010884
vn -0.140355 -0.990061 0.008880
vn -0.142944 -0.989685 0.009561
vn -0.097448 -0.995184 0.010612
vn -0.093712 -0.995550 0.009886
vn -0.552532 -0.006048 0.833470
vn -0.551267 -0.020024 0.834089
vn -0.553433 -0.020468 0.832642
vn -0.554219 -0.006306 0.832347
vn -0.555237 -0.006586 0.831666
vn -0.554641 -0.020950 0.831826
vn -0.554976 -0.020831 0.831605
vn -0.555462 -0.006496 0.831516
vn -0.822072 -0.009064 0.569312
vn -0.821678 -0.028608 0.569234
vn -0.820723 -0.028180 0.570631
vn -0.820922 -0.008845 0.570972
vn 0.129169 0.991606 -0.005768
vn 0.129143 0.991620 -0.003319
vn 0.157810 0.987463 -0.003709
vn 0.157878 0.987440 -0.006047
vn 0.194941 0.980794 -0.006368
vn 0.194817 0.980831 -0.004147
vn 0.247999 0.968748 -0.004795
vn 0.248207 0.968683 -0.006876
vn 0.040683 0.999159 -0.005115
vn 0.040697 0.999169 -0.002413
vn 0.061909 0.998078 -0.002598
vn 0.061901 0.998068 -0.005258
vn 0.082943 0.996540 -0.005398
vn 0.082940 0.996551 -0.002780
vn 0.104888 0.994479 -0.003043
vn 0.104898 0.994467 -0.005577
vn 0.236770 0.971536 -0.007548
vn 0.236638 0.971576 -0.006535
vn 0.187761 0.982197 -0.005829
vn 0.187814 0.982181 -0.006789
vn 0.156492 0.987660 -0.006127
vn 0.156491 0.987666 -0.005222
vn 0.136374 0.990647 -0.004588
vn 0.136348 0.990646 -0.005467
vn 0.550496 -0.040730 -0.833844
vn 0.550297 -0.036793 -0.834158
vn 0.549393 -0.027636 -0.835107
vn 0.549492 -0.030449 -0.834944
vn 0.550126 -0.050035 -0.833582
vn 0.550471 -0.044668 -0.833659
vn 0.549718 -0.033263 -0.834688
vn 0.549612 -0.035426 -0.834669
vn 0.099954 -0.994978 0.005285
vn 0.120179 -0.992741 0.004629
vn 0.120159 -0.992748 0.003732
vn 0.099907 -0.994987 0.004426
vn 0.151643 -0.988427 0.003973
vn 0.200838 -0.979619 0.003170
vn 0.200978 -0.979593 0.002164
vn 0.151688 -0.988424 0.003021
vn 0.068342 -0.997638 0.006873
vn 0.046348 -0.998900 0.007168
vn 0.046347 -0.998915 0.004536
vn 0.068358 -0.997651 0.004330
vn 0.025264 -0.999654 0.007363
vn 0.004028 -0.999963 0.007555
vn 0.004018 -0.999980 0.004835
vn 0.025256 -0.999670 0.004686
vn 0.212314 -0.977189 0.004886
vn 0.158731 -0.987306 0.005659
vn 0.158855 -0.987296 0.003425
vn 0.212515 -0.977154 0.002813
vn 0.121505 -0.992572 0.006144
vn 0.092672 -0.995675 0.006558
vn 0.092708 -0.995685 0.004106
vn 0.121569 -0.992576 0.003798
vn 0.963719 -0.031007 -0.265112
vn 0.963275 -0.039353 -0.265616
vn 0.961076 -0.040807 -0.273254
vn 0.961572 -0.031833 -0.272700
vn 0.972821 -0.029076 -0.229724
vn 0.972489 -0.036126 -0.230129
vn 0.967344 -0.037748 -0.250642
vn 0.967732 -0.030049 -0.250182
vn 0.998910 -0.031564 -0.034381
vn 0.995490 -0.031728 -0.089405
vn 0.995662 -0.026351 -0.089235
vn 0.999070 -0.026177 -0.034271
vn 0.995662 -0.026351 -0.089235
vn 0.995490 -0.031728 -0.089405
vn 0.990311 -0.032469 -0.135018
vn 0.990512 -0.026845 -0.134779
vn 0.990311 -0.032469 -0.135018
vn 0.984371 -0.033281 -0.172934
vn 0.984608 -0.027354 -0.172623
vn 0.990512 -0.026845 -0.134779
vn -0.193681 -0.979840 -0.048995
vn -0.197080 -0.979009 -0.051962
vn -0.204028 -0.977698 -0.049792
vn -0.200402 -0.978575 -0.047219
vn -0.207521 -0.977149 -0.045991
vn -0.211399 -0.976207 -0.048271
vn -0.217318 -0.974896 -0.048482
vn -0.213299 -0.975887 -0.046350
vn -0.143547 -0.988015 -0.056743
vn -0.154169 -0.986288 -0.058882
vn -0.153265 -0.986694 -0.054273
vn -0.143359 -0.988300 -0.052066
vn -0.153265 -0.986694 -0.054273
vn -0.154169 -0.986288 -0.058882
vn -0.165803 -0.984436 -0.058269
vn -0.164092 -0.984966 -0.054006
vn -0.165803 -0.984436 -0.058269
vn -0.177577 -0.982455 -0.056993
vn -0.175114 -0.983115 -0.053100
vn -0.164092 -0.984966 -0.054006
vn 0.180303 -0.060261 0.981763
vn 0.183540 -0.060230 0.981165
vn 0.185291 -0.034869 0.982065
vn 0.181707 -0.034918 0.982733
vn 0.006183 -0.002744 0.999977
vn 0.006270 -0.008590 0.999943
vn 0.006194 -0.008819 0.999942
vn 0.006135 -0.002858 0.999977
vn 0.005968 -0.002970 0.999978
vn 0.006124 -0.009049 0.999940
vn 0.006043 -0.009744 0.999934
vn 0.005673 -0.003494 0.999978
vn 0.002820 -0.005325 0.999982
vn 0.003524 -0.011777 0.999924
vn 0.002043 -0.013493 0.999907
vn 0.000739 -0.006214 0.999980
vn 0.005169 -0.004013 0.999979
vn 0.005664 -0.010434 0.999930
vn 0.004908 -0.011112 0.999926
vn 0.004262 -0.004673 0.999980
vn -0.998793 0.000212 0.049112
vn -0.998690 -0.001179 0.051160
vn -0.998769 0.006847 0.049120
vn -0.998855 0.007616 0.047238
vn -0.998262 0.001742 0.058908
vn -0.998066 -0.009550 0.061429
vn -0.997746 -0.010617 0.066264
vn -0.997954 0.001137 0.063922
vn -0.481933 0.810092 0.333902
vn -0.473739 0.816191 0.330762
vn -0.476759 0.812963 0.334352
vn -0.486806 0.805207 0.338616
vn -0.464465 0.822072 0.329348
vn -0.465247 0.822148 0.328052
vn -0.469160 0.818774 0.330906
vn -0.468363 0.818741 0.332114
vn -0.388675 -0.000525 0.921375
vn -0.390846 -0.009028 0.920412
vn -0.386536 -0.007782 0.922242
vn -0.384436 -0.000053 0.923152
vn -0.409663 -0.018353 0.912052
vn -0.405240 -0.017010 0.914052
vn -0.402535 -0.005301 0.915389
vn -0.407540 -0.005486 0.913171
vn -0.506195 -0.791557 0.342351
vn -0.503295 -0.794938 0.338774
vn -0.511271 -0.788503 0.341856
vn -0.515955 -0.783391 0.346538
vn -0.498779 -0.797705 0.338948
vn -0.495039 -0.801211 0.336151
vn -0.494217 -0.801183 0.337424
vn -0.497994 -0.797679 0.340163
vn -0.053653 0.998553 0.003536
vn -0.067150 0.997733 0.004470
vn -0.068992 0.997611 0.003530
vn -0.055841 0.998436 0.002686
vn -0.031485 -0.036555 -0.998836
vn -0.033498 -0.058825 -0.997706
vn -0.031194 -0.066460 -0.997301
vn -0.028989 -0.041828 -0.998704
vn -0.105529 -0.994325 0.013449
vn -0.103684 -0.994506 0.014411
vn -0.090206 -0.995832 0.013477
vn -0.092400 -0.995642 0.012607
vn -0.939765 -0.012993 0.341574
vn -0.944740 -0.010795 0.327644
vn -0.944305 0.001391 0.329069
vn -0.939260 0.000041 0.343206
vn -0.955125 -0.008411 0.296082
vn -0.968120 -0.005997 0.250415
vn -0.967850 0.004201 0.251493
vn -0.954769 0.002790 0.297335
vn -0.999716 -0.001177 0.023785
vn -0.996338 -0.000323 -0.085497
vn -0.996348 0.007123 -0.085085
vn -0.999680 0.006853 0.024366
vn -0.996348 0.007123 -0.085085
vn -0.996338 -0.000323 -0.085497
vn -0.977435 -0.000473 -0.211237
vn -0.977463 0.006637 -0.211004
vn -0.993200 0.006401 0.116247
vn -0.993309 -0.002209 0.115470
vn -0.999716 -0.001177 0.023785
vn -0.999680 0.006853 0.024366
vn -0.181406 0.981684 -0.058215
vn -0.175445 0.982778 -0.058020
vn -0.171573 0.983594 -0.055735
vn -0.177388 0.982542 -0.056085
vn -0.168060 0.983975 -0.059571
vn -0.161092 0.985006 -0.061747
vn -0.157631 0.985747 -0.058790
vn -0.164405 0.984745 -0.056997
vn -0.138967 0.988297 -0.062915
vn -0.141446 0.987689 -0.066803
vn -0.129618 0.989223 -0.068096
vn -0.127895 0.989731 -0.063840
vn -0.117021 0.991058 -0.064115
vn -0.117929 0.990642 -0.068716
vn -0.107230 0.992001 -0.066597
vn -0.107052 0.992323 -0.061920
vn -0.129618 0.989223 -0.068096
vn -0.117929 0.990642 -0.068716
vn -0.117021 0.991058 -0.064115
vn -0.127895 0.989731 -0.063840
vn 0.004972 -0.021088 -0.999765
vn 0.000586 -0.020443 -0.999791
vn 0.000063 -0.014107 -0.999901
vn 0.004266 -0.014415 -0.999887
vn -0.001755 -0.020062 -0.999797
vn -0.003418 -0.019692 -0.999800
vn -0.003800 -0.013218 -0.999905
vn -0.002248 -0.013655 -0.999904
vn -0.006089 -0.018491 -0.999811
vn -0.006450 -0.018231 -0.999813
vn -0.006330 -0.012962 -0.999896
vn -0.006048 -0.012838 -0.999899
vn -0.004559 -0.019223 -0.999805
vn -0.005251 -0.018762 -0.999810
vn -0.005515 -0.012719 -0.999904
vn -0.004796 -0.012966 -0.999904
vn -0.558959 -0.743915 0.366272
vn -0.544600 -0.759967 0.354768
vn -0.506098 -0.800373 0.321354
vn -0.523866 -0.783000 0.335373
vn -0.258090 -0.958161 0.123763
vn -0.240612 -0.964398 0.109734
vn -0.182192 -0.981441 0.059836
vn -0.195990 -0.978005 0.071372
vn -0.157348 -0.986896 0.035739
vn -0.147055 -0.988771 0.026568
vn -0.128186 -0.991738 0.004879
vn -0.135431 -0.990714 0.012018
vn -0.997948 0.000513 -0.064032
vn -0.999850 0.002293 0.017157
vn -0.999839 0.008836 0.015586
vn -0.997820 0.007642 -0.065557
vn -0.797943 -0.008783 -0.602669
vn -0.809101 -0.009314 -0.587595
vn -0.808797 -0.000513 -0.588088
vn -0.797701 -0.000448 -0.603053
vn -0.835125 -0.009311 -0.549982
vn -0.879639 -0.008379 -0.475568
vn -0.879022 0.000698 -0.476780
vn -0.834606 -0.000292 -0.550847
vn -0.281262 -0.002188 0.959628
vn -0.283865 -0.010466 0.958807
vn 0.026227 -0.022523 0.999402
vn 0.030887 -0.011487 0.999457
vn 0.975155 -0.028432 0.219690
vn 0.974753 -0.036626 0.220262
vn 0.977199 -0.035873 0.209273
vn 0.977546 -0.028056 0.208847
vn 0.939678 -0.029473 0.340787
vn 0.938697 -0.039126 0.342516
vn 0.966147 -0.037611 0.255237
vn 0.966724 -0.028918 0.254181
vn -0.091746 0.995770 -0.005012
vn -0.110676 0.993717 0.016684
vn -0.121046 0.992310 0.025873
vn -0.099013 0.995084 0.002129
vn -0.146020 0.988017 0.049997
vn -0.205124 0.973600 0.100135
vn -0.222792 0.968152 0.114214
vn -0.159967 0.985199 0.061589
vn -0.476362 0.821545 0.313279
vn -0.516278 0.782947 0.347060
vn -0.531259 0.767504 0.358749
vn -0.494732 0.804994 0.327452
vn 0.955071 -0.032813 -0.294554
vn 0.954494 -0.042541 -0.295182
vn 0.927414 -0.044979 -0.371323
vn 0.928206 -0.034293 -0.370484
vn 0.844695 -0.035982 -0.534037
vn 0.843606 -0.048120 -0.534803
vn 0.642569 -0.048815 -0.764672
vn 0.644076 -0.035419 -0.764141
vn 0.010300 -0.022566 -0.999692
vn 0.009031 -0.034438 -0.999366
vn -0.023990 -0.033957 -0.999135
vn -0.023018 -0.021623 -0.999501
vn 0.354580 -0.030970 -0.934513
vn 0.353276 -0.044299 -0.934470
vn 0.122317 -0.037968 -0.991765
vn 0.123498 -0.025553 -0.992016
vn -0.218818 -0.974665 -0.046325
vn -0.222924 -0.973640 -0.048271
vn -0.222335 -0.973936 -0.044889
vn -0.218602 -0.974849 -0.043381
vn -0.211723 -0.976705 -0.034944
vn -0.214563 -0.976061 -0.035596
vn -0.196870 -0.980206 -0.020935
vn -0.195330 -0.980505 -0.021347
vn -0.174646 -0.984618 -0.005195
vn -0.174926 -0.984574 -0.003810
vn -0.154962 -0.987873 0.009719
vn -0.155603 -0.987789 0.007795
vn -0.142529 -0.989661 0.016024
vn -0.141362 -0.989791 0.018185
vn -0.134193 -0.990731 0.021092
vn -0.135520 -0.990593 0.018981
vn 0.170249 -0.039169 0.984622
vn 0.141668 -0.036514 0.989241
vn 0.143444 -0.020143 0.989453
vn 0.172239 -0.022181 0.984805
vn 0.055556 -0.035027 0.997841
vn -0.136255 -0.034054 0.990088
vn -0.133208 -0.017149 0.990940
vn 0.057850 -0.018875 0.998147
vn -0.876826 -0.019432 0.480416
vn -0.927901 -0.015541 0.372504
vn -0.927222 -0.001545 0.374510
vn -0.875788 -0.004196 0.482678
vn -0.441621 -0.031225 0.896658
vn -0.727333 -0.025118 0.685825
vn -0.725519 -0.008515 0.688150
vn -0.438758 -0.013644 0.898502
vn -0.097755 0.995147 0.011222
vn -0.105007 0.994437 0.008300
vn -0.106148 0.994331 0.006146
vn -0.099082 0.995038 0.009117
vn -0.118650 0.992936 -0.000148
vn -0.138621 0.990252 -0.013590
vn -0.138395 0.990264 -0.014997
vn -0.119302 0.992856 -0.002078
vn -0.160794 0.986510 -0.030715
vn -0.178702 0.982857 -0.045368
vn -0.175795 0.983410 -0.044726
vn -0.159230 0.986751 -0.031127
vn -0.186488 0.980938 -0.054620
vn -0.187068 0.980633 -0.058008
vn -0.182953 0.981522 -0.056066
vn -0.182730 0.981727 -0.053130
vn 0.997234 -0.031869 0.067142
vn 0.999287 -0.031449 0.020909
vn 0.999441 -0.026029 0.020972
vn 0.997400 -0.026170 0.067138
vn 0.999441 -0.026029 0.020972
vn 0.999287 -0.031449 0.020909
vn 0.998910 -0.031564 -0.034381
vn 0.999070 -0.026177 -0.034271
vn 0.989878 -0.032982 0.138033
vn 0.993862 -0.032329 0.105800
vn 0.994045 -0.026328 0.105741
vn 0.990084 -0.026630 0.137931
vn 0.979186 -0.027695 0.201065
vn 0.978879 -0.035175 0.201392
vn 0.981977 -0.034420 0.185838
vn 0.982242 -0.027323 0.185619
vn -0.117598 -0.992409 -0.035983
vn -0.120811 -0.991758 -0.042663
vn -0.122537 -0.991730 -0.038152
vn -0.119822 -0.992297 -0.031454
vn -0.134227 -0.989742 -0.048925
vn -0.133688 -0.989572 -0.053613
vn -0.143547 -0.988015 -0.056743
vn -0.143359 -0.988300 -0.052066
vn -0.126831 -0.990743 -0.048405
vn -0.133688 -0.989572 -0.053613
vn -0.134227 -0.989742 -0.048925
vn -0.127927 -0.990815 -0.043824
vn -0.124412 -0.992223 -0.003891
vn -0.119334 -0.992807 -0.009630
vn -0.116045 -0.993041 -0.020089
vn -0.119794 -0.992685 -0.015058
vn -0.977435 -0.000473 -0.211237
vn -0.944870 -0.000830 -0.327444
vn -0.944861 0.005922 -0.327419
vn -0.977463 0.006637 -0.211004
vn -0.944861 0.005922 -0.327419
vn -0.944870 -0.000830 -0.327444
vn -0.910104 -0.001832 -0.414376
vn -0.910047 0.004755 -0.414477
vn -0.877589 0.003650 -0.479400
vn -0.877671 -0.002821 -0.479256
vn -0.849465 -0.004139 -0.527628
vn -0.849385 0.002770 -0.527767
vn -0.809189 -0.006716 -0.587510
vn -0.798667 -0.007913 -0.601722
vn -0.798409 -0.000067 -0.602115
vn -0.808908 0.000901 -0.587935
vn -0.107230 0.992001 -0.066597
vn -0.097292 0.993229 -0.063491
vn -0.097856 0.993462 -0.058805
vn -0.107052 0.992323 -0.061920
vn -0.097856 0.993462 -0.058805
vn -0.097292 0.993229 -0.063491
vn -0.090420 0.994196 -0.058295
vn -0.091518 0.994354 -0.053713
vn -0.086102 0.995128 -0.048038
vn -0.084400 0.995045 -0.052548
vn -0.081142 0.995646 -0.045875
vn -0.083368 0.995661 -0.041348
vn -0.079552 0.996379 -0.029993
vn -0.082861 0.996370 -0.019533
vn -0.087945 0.996030 -0.013787
vn -0.083318 0.996210 -0.024959
vn -0.046075 -0.016255 0.998806
vn -0.121269 -0.016698 0.992479
vn -0.124937 -0.006634 0.992143
vn -0.048501 -0.007154 0.998798
vn -0.372252 -0.004730 0.928120
vn -0.368192 -0.016859 0.929597
vn -0.471605 -0.016300 0.881659
vn -0.475014 -0.003694 0.879971
vn 0.108833 -0.057618 0.992389
vn 0.162694 -0.060248 0.984836
vn 0.163543 -0.034819 0.985922
vn 0.109125 -0.033130 0.993476
vn -0.337998 -0.017689 0.940981
vn -0.335965 -0.037522 0.941127
vn -0.162403 -0.046629 0.985622
vn -0.164106 -0.024575 0.986137
vn 0.396038 0.918212 -0.006329
vn 0.470930 0.882142 -0.007080
vn 0.471475 0.881837 -0.008681
vn 0.396486 0.918005 -0.008096
vn 0.535209 0.844668 -0.009343
vn 0.534589 0.845074 -0.008036
vn 0.495890 0.868348 -0.008026
vn 0.496454 0.868014 -0.009245
vn 0.000794 0.999998 0.001937
vn -0.031776 0.999491 0.002709
vn -0.034511 0.999402 0.001951
vn -0.002585 0.999996 0.001214
vn 0.140429 0.990088 -0.002544
vn 0.143041 0.989715 -0.001894
vn 0.097571 0.995229 -0.000316
vn 0.093781 0.995592 -0.000977
vn 0.136707 -0.017586 -0.990455
vn 0.138134 -0.024548 -0.990109
vn 0.059892 -0.022974 -0.997940
vn 0.058436 -0.015953 -0.998164
vn 0.482678 -0.029955 -0.875285
vn 0.384571 -0.028087 -0.922668
vn 0.382737 -0.021470 -0.923608
vn 0.480952 -0.023250 -0.876439
vn -0.017789 -0.047305 -0.998722
vn -0.019727 -0.074329 -0.997039
vn 0.014410 -0.079566 -0.996725
vn 0.015733 -0.049294 -0.998660
vn 0.200269 -0.085673 -0.975988
vn 0.341215 -0.084632 -0.936168
vn 0.340315 -0.053879 -0.938767
vn 0.200381 -0.053207 -0.978272
vn 0.438837 -0.898567 0.000196
vn 0.438254 -0.898850 0.001784
vn 0.362113 -0.932130 0.002871
vn 0.362566 -0.931958 0.001126
vn 0.463737 -0.885973 0.000725
vn 0.503234 -0.864150 0.000491
vn 0.503871 -0.863779 -0.000850
vn 0.464302 -0.885677 -0.000517
vn -0.071143 -0.997395 0.011873
vn -0.068409 -0.997577 0.012651
vn -0.035898 -0.999285 0.011888
vn -0.039263 -0.999167 0.011155
vn 0.060992 -0.998092 0.009618
vn 0.106589 -0.994271 0.008005
vn 0.104000 -0.994550 0.007351
vn 0.057213 -0.998322 0.008956
vn -0.109156 0.204300 -0.972803
vn -0.139340 0.265871 -0.953885
vn -0.095447 0.293793 -0.951092
vn -0.139340 0.265871 -0.953885
vn -0.109156 0.204300 -0.972803
vn -0.139162 0.174247 -0.974819
vn -0.178474 0.227372 -0.957313
vn -0.287517 0.953750 -0.087721
vn -0.442230 0.892421 -0.089546
vn -0.287995 0.956243 -0.051561
vn -0.443150 0.894935 -0.052056
vn -0.442230 0.892421 -0.089546
vn -0.596177 0.797533 -0.092274
vn -0.597644 0.800007 -0.053023
vn -0.585750 0.787460 0.191841
vn -0.434683 0.882010 0.181960
vn -0.436670 0.885598 0.158224
vn -0.588626 0.790951 0.167084
vn -0.443004 0.896058 0.028774
vn -0.430328 0.874071 0.225430
vn -0.579465 0.779748 0.237095
vn -0.597560 0.801202 0.031578
vn -0.578767 0.772194 -0.262193
vn -0.430732 0.866457 -0.252432
vn -0.443213 0.895158 -0.047486
vn -0.597659 0.800303 -0.048164
vn -0.592586 0.792093 -0.146392
vn -0.439953 0.886837 -0.141288
vn -0.440341 0.887792 -0.133888
vn -0.593191 0.793030 -0.138664
vn -0.404001 0.824274 0.396681
vn -0.403997 0.824325 0.396579
vn -0.541592 0.731784 0.413728
vn -0.541566 0.731743 0.413834
vn -0.200088 -0.001217 -0.979777
vn -0.197203 -0.050258 -0.979074
vn -0.254761 -0.063918 -0.964889
vn -0.258611 -0.000072 -0.965982
vn -0.001615 0.243309 -0.969948
vn -0.039063 0.239393 -0.970137
vn -0.048517 0.310546 -0.949319
vn -0.000157 0.315511 -0.948922
vn 0.017754 0.996023 -0.087308
vn -0.134153 0.987141 -0.086927
vn -0.134247 0.989603 -0.051602
vn 0.018021 0.998472 -0.052246
vn -0.131606 0.980366 0.146843
vn -0.130964 0.976818 0.169335
vn 0.019145 0.985762 0.167055
vn 0.019071 0.989289 0.144718
vn 0.019262 0.977895 0.208205
vn -0.129579 0.968907 0.210780
vn -0.133846 0.990693 0.024773
vn 0.018508 0.999551 0.023563
vn -0.134230 0.989808 -0.047568
vn -0.131738 0.961496 -0.241184
vn 0.016314 0.970524 -0.240452
vn 0.018046 0.998669 -0.048308
vn -0.133845 0.982597 -0.128794
vn -0.133760 0.981670 -0.135767
vn 0.017340 0.990586 -0.135792
vn 0.017401 0.991509 -0.128866
vn 0.019392 0.928284 0.371367
vn -0.121635 0.919100 0.374780
vn -0.121635 0.919055 0.374891
vn 0.019384 0.928243 0.371470
vn -0.960440 0.019004 0.277837
vn -0.935583 -0.220700 0.275639
vn -0.972208 -0.230112 0.043138
vn -0.998924 0.018533 0.042507
vn 0.137039 0.260794 -0.955619
vn 0.104371 0.200378 -0.974143
vn 0.071415 0.223494 -0.972086
vn 0.094245 0.290304 -0.952282
vn 0.475035 0.878063 -0.057858
vn 0.473555 0.875595 -0.095281
vn 0.321243 0.942563 -0.091534
vn 0.322250 0.945032 -0.055405
vn 0.318972 0.932281 0.170615
vn 0.469037 0.865403 0.176304
vn 0.470854 0.868922 0.152548
vn 0.320068 0.935821 0.147634
vn 0.475964 0.879164 0.023015
vn 0.464954 0.857609 0.219828
vn 0.316433 0.924430 0.212836
vn 0.322971 0.946136 0.022713
vn 0.311714 0.916970 -0.248998
vn 0.459084 0.850110 -0.257982
vn 0.475169 0.878281 -0.053259
vn 0.322340 0.945241 -0.051143
vn 0.319156 0.937083 -0.141477
vn 0.470416 0.870116 -0.146992
vn 0.470941 0.871048 -0.139609
vn 0.319512 0.938011 -0.134343
vn 0.438941 0.808800 0.391374
vn 0.438952 0.808838 0.391284
vn 0.300227 0.874972 0.379853
vn 0.300228 0.874932 0.379943
vn -0.971971 -0.230359 -0.046990
vn -0.931236 -0.221590 -0.289305
vn -0.955741 0.016072 -0.293770
vn -0.998653 0.018075 -0.048644
vn 0.174282 0.087902 -0.980765
vn 0.156902 0.131330 -0.978843
vn 0.205728 0.172022 -0.963371
vn 0.228642 0.115803 -0.966598
vn 0.205728 0.172022 -0.963371
vn 0.133231 0.169242 -0.976528
vn 0.174685 0.220879 -0.959530
vn 0.885433 0.451689 -0.109483
vn 0.765215 0.635168 -0.104918
vn 0.767916 0.637377 -0.063680
vn 0.888814 0.453451 -0.066276
vn 0.767916 0.637377 -0.063680
vn 0.765215 0.635168 -0.104918
vn 0.623854 0.775127 -0.099928
vn 0.758551 0.629647 0.167765
vn 0.754842 0.626644 0.193727
vn 0.871929 0.445432 0.203296
vn 0.876617 0.447765 0.176209
vn 0.861596 0.440283 0.252591
vn 0.746718 0.619920 0.241062
vn 0.769131 0.638592 0.025280
vn 0.890321 0.454540 0.026882
vn 0.768045 0.637724 -0.058441
vn 0.737957 0.612901 -0.282440
vn 0.851268 0.434175 -0.294679
vn 0.889064 0.453763 -0.060538
vn 0.760257 0.631206 -0.153584
vn 0.759249 0.630398 -0.161677
vn 0.878014 0.447848 -0.168888
vn 0.879274 0.448491 -0.160418
vn 0.798768 0.408807 0.441415
vn 0.696604 0.578567 0.424268
vn 0.696569 0.578551 0.424347
vn 0.798713 0.408815 0.441507
vn 0.242464 0.054518 -0.968627
vn 0.184725 0.040725 -0.981946
vn 0.174282 0.087902 -0.980765
vn 0.228642 0.115803 -0.966598
vn 0.970905 0.229684 -0.067736
vn 0.967004 0.228620 -0.112409
vn 0.885433 0.451689 -0.109483
vn 0.888814 0.453451 -0.066276
vn 0.871929 0.445432 0.203296
vn 0.951045 0.225955 0.210852
vn 0.956521 0.227155 0.182945
vn 0.876617 0.447765 0.176209
vn 0.972664 0.230459 0.028521
vn 0.938999 0.223312 0.261560
vn 0.861596 0.440283 0.252591
vn 0.890321 0.454540 0.026882
vn 0.851268 0.434175 -0.294679
vn 0.927471 0.218719 -0.303249
vn 0.971280 0.229833 -0.061584
vn 0.889064 0.453763 -0.060538
vn 0.878014 0.447848 -0.168888
vn 0.958414 0.226372 -0.173775
vn 0.959875 0.226733 -0.165024
vn 0.879274 0.448491 -0.160418
vn 0.866415 0.206951 0.454419
vn 0.866472 0.206947 0.454312
vn 0.798768 0.408807 0.441415
vn 0.798713 0.408815 0.441507
vn -0.994804 0.017745 -0.100248
vn -0.968341 -0.229641 -0.097880
vn -0.971675 -0.230270 -0.053141
vn -0.998326 0.018033 -0.054951
vn 0.096398 -0.006733 -0.995320
vn 0.099192 -0.034119 -0.994483
vn 0.087598 -0.057494 -0.994495
vn -0.006359 -0.004857 -0.999968
vn 0.170771 -0.103987 -0.979808
vn 0.182930 -0.057252 -0.981458
vn 0.240121 -0.073016 -0.967993
vn 0.224068 -0.133726 -0.965355
vn 0.240121 -0.073016 -0.967993
vn 0.182930 -0.057252 -0.981458
vn 0.187606 -0.008333 -0.982209
vn 0.246302 -0.009341 -0.969148
vn 0.868251 -0.484926 -0.104821
vn 0.957952 -0.265030 -0.109945
vn 0.961817 -0.265795 -0.065273
vn 0.871573 -0.486381 -0.061603
vn 0.961817 -0.265795 -0.065273
vn 0.957952 -0.265030 -0.109945
vn 0.993450 -0.018780 -0.112712
vn 0.997547 -0.018628 -0.067476
vn 0.947584 -0.260243 0.185361
vn 0.942156 -0.258561 0.213279
vn 0.855045 -0.475061 0.207882
vn 0.859643 -0.477830 0.180809
vn 0.976566 -0.016845 0.214557
vn 0.942156 -0.258561 0.213279
vn 0.947584 -0.260243 0.185361
vn 0.982339 -0.017093 0.186326
vn 0.844920 -0.469046 0.257110
vn 0.930223 -0.254999 0.263932
vn 0.963562 -0.265687 0.030979
vn 0.873058 -0.486594 0.031554
vn 0.963562 -0.265687 0.030979
vn 0.930223 -0.254999 0.263932
vn 0.963897 -0.016362 0.265771
vn 0.999386 -0.018181 0.029968
vn 0.962188 -0.265896 -0.059099
vn 0.918772 -0.255591 -0.300885
vn 0.834722 -0.468007 -0.290188
vn 0.871814 -0.486643 -0.055845
vn 0.951930 -0.018980 -0.305727
vn 0.918772 -0.255591 -0.300885
vn 0.962188 -0.265896 -0.059099
vn 0.997955 -0.018601 -0.061155
vn 0.950882 -0.263408 -0.162602
vn 0.949441 -0.263078 -0.171323
vn 0.860965 -0.481413 -0.164257
vn 0.862204 -0.482009 -0.155794
vn 0.984417 -0.018922 -0.174830
vn 0.949441 -0.263078 -0.171323
vn 0.950882 -0.263408 -0.162602
vn 0.985946 -0.018912 -0.165989
vn 0.783328 -0.433399 0.445603
vn 0.858381 -0.234051 0.456511
vn 0.858328 -0.234052 0.456610
vn 0.783262 -0.433413 0.445705
vn 0.858328 -0.234052 0.456610
vn 0.858381 -0.234051 0.456511
vn 0.887847 -0.013997 0.459926
vn 0.887794 -0.013993 0.460029
vn 0.126754 -0.183737 -0.974769
vn 0.151808 -0.146733 -0.977458
vn 0.199110 -0.189034 -0.961572
vn 0.166294 -0.236681 -0.957250
vn 0.595008 -0.798426 -0.092096
vn 0.741388 -0.663814 -0.098460
vn 0.744017 -0.665708 -0.057199
vn 0.596972 -0.800519 -0.052848
vn 0.734983 -0.655338 0.174158
vn 0.731391 -0.651947 0.200081
vn 0.588198 -0.785590 0.192021
vn 0.590758 -0.789318 0.167276
vn 0.582483 -0.777441 0.237276
vn 0.723551 -0.644430 0.247352
vn 0.745214 -0.666068 0.031756
vn 0.597968 -0.800891 0.031767
vn 0.744133 -0.666009 -0.051948
vn 0.714942 -0.642320 -0.276194
vn 0.575433 -0.774744 -0.262008
vn 0.597051 -0.800767 -0.047988
vn 0.736581 -0.660147 -0.147153
vn 0.735597 -0.659386 -0.155267
vn 0.590725 -0.793512 -0.146225
vn 0.591426 -0.794376 -0.138498
vn 0.546853 -0.727768 0.413890
vn 0.675003 -0.599474 0.430119
vn 0.674953 -0.599450 0.430230
vn 0.546830 -0.727722 0.414002
vn -0.961882 -0.228268 -0.150589
vn -0.960534 -0.227987 -0.159363
vn -0.986561 0.017274 -0.162475
vn -0.987979 0.017352 -0.153612
vn 0.127210 -0.275137 -0.952952
vn 0.096781 -0.213754 -0.972082
vn 0.126754 -0.183737 -0.974769
vn 0.166294 -0.236681 -0.957250
vn 0.442512 -0.895424 -0.048990
vn 0.441112 -0.893276 -0.086472
vn 0.595008 -0.798426 -0.092096
vn 0.596972 -0.800519 -0.052848
vn 0.588198 -0.785590 0.192021
vn 0.437018 -0.880225 0.184982
vn 0.438707 -0.884040 0.161273
vn 0.590758 -0.789318 0.167276
vn 0.443399 -0.895759 0.031845
vn 0.433212 -0.871858 0.228455
vn 0.582483 -0.777441 0.237276
vn 0.597968 -0.800891 0.031767
vn 0.575433 -0.774744 -0.262008
vn 0.427545 -0.868895 -0.249453
vn 0.442632 -0.895603 -0.044420
vn 0.597051 -0.800767 -0.047988
vn 0.590725 -0.793512 -0.146225
vn 0.438154 -0.888206 -0.138240
vn 0.438646 -0.889081 -0.130859
vn 0.591426 -0.794376 -0.138498
vn 0.409066 -0.820406 0.399498
vn 0.409077 -0.820454 0.399389
vn 0.546853 -0.727768 0.413890
vn 0.546830 -0.727722 0.414002
vn -0.010702 -0.252729 -0.967478
vn 0.026734 -0.248814 -0.968182
vn 0.036456 -0.319764 -0.946796
vn -0.011894 -0.324726 -0.945733
vn 0.036456 -0.319764 -0.946796
vn 0.062996 -0.235629 -0.969799
vn 0.083361 -0.303027 -0.949329
vn -0.018801 -0.996822 -0.077405
vn 0.133101 -0.987946 -0.079041
vn 0.133635 -0.990068 -0.043660
vn -0.018614 -0.998932 -0.042297
vn 0.133635 -0.990068 -0.043660
vn 0.133101 -0.987946 -0.079041
vn 0.286435 -0.954576 -0.082096
vn 0.133517 -0.978899 0.154695
vn 0.133171 -0.975134 0.177141
vn -0.016958 -0.984088 0.176870
vn -0.017179 -0.987834 0.154559
vn -0.016551 -0.975824 0.217932
vn 0.132311 -0.966829 0.218485
vn 0.134200 -0.990415 0.032702
vn -0.018146 -0.999273 0.033516
vn 0.133674 -0.990231 -0.039663
vn 0.128717 -0.963807 -0.233471
vn -0.019315 -0.972815 -0.230775
vn -0.018588 -0.999091 -0.038359
vn 0.132266 -0.983811 -0.120923
vn 0.132099 -0.982943 -0.127953
vn -0.019024 -0.991856 -0.125939
vn -0.018998 -0.992714 -0.118986
vn -0.014591 -0.924632 0.380583
vn 0.126451 -0.915424 0.382111
vn 0.126464 -0.915384 0.382203
vn -0.014590 -0.924593 0.380678
vn -0.047994 -0.247432 -0.967716
vn -0.060043 -0.318003 -0.946187
vn -0.106335 -0.299547 -0.948138
vn -0.060043 -0.318003 -0.946187
vn -0.047994 -0.247432 -0.967716
vn -0.010702 -0.252729 -0.967478
vn -0.011894 -0.324726 -0.945733
vn -0.322305 -0.943393 -0.078289
vn -0.170280 -0.982372 -0.077139
vn -0.322871 -0.945507 -0.042090
vn -0.170447 -0.984481 -0.041773
vn -0.170280 -0.982372 -0.077139
vn -0.018801 -0.996822 -0.077405
vn -0.018614 -0.998932 -0.042297
vn -0.016958 -0.984088 0.176870
vn -0.166668 -0.969622 0.179041
vn -0.167435 -0.973375 0.156546
vn -0.017179 -0.987834 0.154559
vn -0.170061 -0.984825 0.034636
vn -0.164969 -0.961363 0.220376
vn -0.016551 -0.975824 0.217932
vn -0.018146 -0.999273 0.033516
vn -0.019315 -0.972815 -0.230775
vn -0.166947 -0.958378 -0.231602
vn -0.170441 -0.984645 -0.037747
vn -0.018588 -0.999091 -0.038359
vn -0.019024 -0.991856 -0.125939
vn -0.169699 -0.977406 -0.126013
vn -0.169818 -0.978260 -0.119034
vn -0.018998 -0.992714 -0.118986
vn -0.155198 -0.910210 0.383969
vn -0.155192 -0.910251 0.383873
vn -0.014591 -0.924632 0.380583
vn -0.014590 -0.924593 0.380678
vn -0.954106 -0.225307 0.197277
vn -0.948270 -0.223838 0.225122
vn -0.973759 0.018997 0.226786
vn -0.979893 0.018965 0.198621
vn -0.145631 -0.178734 -0.973060
vn -0.116749 -0.209835 -0.970741
vn -0.149169 -0.270060 -0.951218
vn -0.186863 -0.230191 -0.955036
vn -0.625039 -0.776012 -0.084447
vn -0.474673 -0.876450 -0.080751
vn -0.475678 -0.878557 -0.043221
vn -0.626585 -0.778043 -0.045168
vn -0.468818 -0.867379 0.166923
vn -0.466687 -0.863629 0.190652
vn -0.614199 -0.763499 0.199570
vn -0.617203 -0.767136 0.174821
vn -0.607625 -0.755582 0.244721
vn -0.462068 -0.855405 0.234043
vn -0.475577 -0.878870 0.037613
vn -0.626537 -0.778392 0.039456
vn -0.475754 -0.878727 -0.038688
vn -0.462280 -0.852546 -0.243850
vn -0.606746 -0.753023 -0.254589
vn -0.626606 -0.778292 -0.040318
vn -0.472616 -0.872337 -0.125153
vn -0.472196 -0.871477 -0.132513
vn -0.621265 -0.771246 -0.138602
vn -0.621896 -0.772083 -0.130894
vn -0.567983 -0.707286 0.420882
vn -0.433894 -0.804969 0.404673
vn -0.433887 -0.804922 0.404774
vn -0.567960 -0.707242 0.420987
vn -0.881924 0.018512 0.471028
vn -0.860608 -0.202457 0.467295
vn -0.860556 -0.202466 0.467387
vn -0.881872 0.018513 0.471126
vn -0.169335 -0.140838 -0.975444
vn -0.217958 -0.181373 -0.958957
vn -0.240916 -0.125179 -0.962439
vn -0.217958 -0.181373 -0.958957
vn -0.169335 -0.140838 -0.975444
vn -0.145631 -0.178734 -0.973060
vn -0.186863 -0.230191 -0.955036
vn -0.886723 -0.452682 -0.093816
vn -0.766444 -0.636117 -0.088987
vn -0.889555 -0.454022 -0.050552
vn -0.768625 -0.637918 -0.047708
vn -0.766444 -0.636117 -0.088987
vn -0.625039 -0.776012 -0.084447
vn -0.626585 -0.778043 -0.045168
vn -0.614199 -0.763499 0.199570
vn -0.752283 -0.624678 0.209397
vn -0.756321 -0.627940 0.183493
vn -0.617203 -0.767136 0.174821
vn -0.768711 -0.638264 0.041263
vn -0.743557 -0.617503 0.256541
vn -0.607625 -0.755582 0.244721
vn -0.626537 -0.778392 0.039456
vn -0.606746 -0.753023 -0.254589
vn -0.741444 -0.615576 -0.267071
vn -0.768681 -0.638223 -0.042441
vn -0.626606 -0.778292 -0.040318
vn -0.621265 -0.771246 -0.138602
vn -0.761207 -0.631894 -0.145854
vn -0.762116 -0.632615 -0.137756
vn -0.621896 -0.772083 -0.130894
vn -0.691067 -0.574360 0.438789
vn -0.691116 -0.574382 0.438685
vn -0.567983 -0.707286 0.420882
vn -0.567960 -0.707242 0.420987
vn 0.018335 0.999820 -0.004977
vn 0.018332 0.999820 -0.004978
vn 0.018323 0.999820 -0.004978
vn 0.018335 0.999820 -0.004977
vn 0.018323 0.999820 -0.004978
vn 0.018332 0.999820 -0.004978
vn 0.018334 0.999820 -0.004978
vn 0.018335 0.999820 -0.004978
vn 0.018334 0.999820 -0.004978
vn 0.018332 0.999820 -0.004978
vn 0.018337 0.999819 -0.004978
vn 0.018338 0.999819 -0.004978
vn 0.018337 0.999819 -0.004978
vn 0.018332 0.999820 -0.004978
vn 0.018335 0.999820 -0.004977
vn 0.018338 0.999819 -0.004977
vn 0.018337 0.999819 -0.004978
vn 0.018335 0.999820 -0.004978
vn 0.018339 0.999819 -0.004977
vn 0.018336 0.999819 -0.004978
vn 0.018339 0.999819 -0.004977
vn 0.018335 0.999820 -0.004978
vn 0.018334 0.999820 -0.004978
vn 0.018338 0.999819 -0.004978
vn 0.018334 0.999820 -0.004978
vn 0.018335 0.999820 -0.004978
vn 0.018347 0.999819 -0.004978
vn 0.018335 0.999820 -0.004978
vn 0.018347 0.999819 -0.004978
vn 0.018335 0.999820 -0.004978
vn 0.018337 0.999819 -0.004978
vn 0.018352 0.999819 -0.004977
vn 0.018311 0.999820 -0.004972
vn 0.018336 0.999820 -0.004964
vn 0.018342 0.999819 -0.004966
vn 0.018337 0.999819 -0.004982
vn 0.018342 0.999819 -0.004966
vn 0.018336 0.999820 -0.004964
vn 0.018327 0.999820 -0.004917
vn 0.018340 0.999820 -0.004914
vn 0.018327 0.999820 -0.004917
vn 0.018336 0.999820 -0.004964
vn 0.018311 0.999820 -0.004972
vn 0.018410 0.999818 -0.004939
vn 0.018337 0.999819 -0.004978
vn 0.018339 0.999819 -0.004975
vn 0.018357 0.999819 -0.004976
vn 0.018352 0.999819 -0.004977
vn 0.018357 0.999819 -0.004976
vn 0.018339 0.999819 -0.004975
vn 0.018437 0.999818 -0.004964
vn 0.018483 0.999817 -0.004964
vn 0.018437 0.999818 -0.004964
vn 0.018339 0.999819 -0.004975
vn 0.018334 0.999820 -0.004975
vn 0.018333 0.999820 -0.004963
vn 0.018334 0.999820 -0.004975
vn 0.018339 0.999819 -0.004975
vn 0.018337 0.999819 -0.004978
vn 0.018336 0.999819 -0.004978
vn 0.018437 0.999818 -0.004964
vn 0.018544 0.999816 -0.004937
vn 0.018618 0.999815 -0.004939
vn 0.018483 0.999817 -0.004964
vn 0.018618 0.999815 -0.004939
vn 0.018544 0.999816 -0.004937
vn 0.018550 0.999816 -0.004921
vn 0.018626 0.999814 -0.004922
vn 0.018550 0.999816 -0.004921
vn 0.018544 0.999816 -0.004937
vn 0.018332 0.999820 -0.004937
vn 0.018333 0.999820 -0.004921
vn 0.018332 0.999820 -0.004937
vn 0.018544 0.999816 -0.004937
vn 0.018437 0.999818 -0.004964
vn 0.018333 0.999820 -0.004963
vn -0.018342 -0.999819 0.004977
vn -0.018332 -0.999820 0.004977
vn -0.018335 -0.999820 0.004979
vn -0.018335 -0.999820 0.004979
vn -0.018335 -0.999820 0.004979
vn -0.018332 -0.999820 0.004977
vn -0.018337 -0.999819 0.004978
vn -0.018337 -0.999819 0.004980
vn -0.018337 -0.999819 0.004978
vn -0.018332 -0.999820 0.004977
vn -0.018334 -0.999820 0.004977
vn -0.018338 -0.999819 0.004978
vn -0.018334 -0.999820 0.004977
vn -0.018332 -0.999820 0.004977
vn -0.018342 -0.999819 0.004977
vn -0.018335 -0.999820 0.004977
vn -0.018339 -0.999819 0.004977
vn -0.018335 -0.999820 0.004978
vn -0.018337 -0.999819 0.004978
vn -0.018336 -0.999819 0.004978
vn -0.018337 -0.999819 0.004978
vn -0.018335 -0.999820 0.004978
vn -0.018327 -0.999820 0.004978
vn -0.018330 -0.999820 0.004977
vn -0.018327 -0.999820 0.004978
vn -0.018335 -0.999820 0.004978
vn -0.018334 -0.999820 0.004977
vn -0.018335 -0.999820 0.004977
vn -0.018334 -0.999820 0.004977
vn -0.018335 -0.999820 0.004978
vn -0.018339 -0.999819 0.004977
vn -0.018338 -0.999819 0.004978
vn -0.018342 -0.999819 0.004986
vn -0.018338 -0.999819 0.004986
vn -0.018346 -0.999819 0.004983
vn -0.018338 -0.999819 0.004976
vn -0.018346 -0.999819 0.004983
vn -0.018338 -0.999819 0.004986
vn -0.018345 -0.999819 0.005038
vn -0.018248 -0.999821 0.005018
vn -0.018345 -0.999819 0.005038
vn -0.018338 -0.999819 0.004986
vn -0.018342 -0.999819 0.004986
vn -0.018339 -0.999819 0.005041
vn -0.018332 -0.999820 0.004980
vn -0.018338 -0.999819 0.004980
vn -0.018337 -0.999819 0.004978
vn -0.018330 -0.999820 0.004977
vn -0.018337 -0.999819 0.004978
vn -0.018338 -0.999819 0.004980
vn -0.018333 -0.999820 0.004979
vn -0.018336 -0.999819 0.004978
vn -0.018333 -0.999820 0.004979
vn -0.018338 -0.999819 0.004980
vn -0.018236 -0.999821 0.004992
vn -0.018332 -0.999820 0.004992
vn -0.018236 -0.999821 0.004992
vn -0.018338 -0.999819 0.004980
vn -0.018332 -0.999820 0.004980
vn -0.018203 -0.999822 0.004991
vn -0.018068 -0.999824 0.005016
vn -0.018130 -0.999823 0.005016
vn -0.018236 -0.999821 0.004992
vn -0.018203 -0.999822 0.004991
vn -0.018236 -0.999821 0.004992
vn -0.018130 -0.999823 0.005016
vn -0.018332 -0.999819 0.005018
vn -0.018332 -0.999820 0.004992
vn -0.018332 -0.999819 0.005018
vn -0.018130 -0.999823 0.005016
vn -0.018126 -0.999823 0.005030
vn -0.018331 -0.999819 0.005034
vn -0.018126 -0.999823 0.005030
vn -0.018130 -0.999823 0.005016
vn -0.018068 -0.999824 0.005016
vn -0.018062 -0.999824 0.005030
vn 0.018342 0.999819 -0.004976
vn 0.018343 0.999819 -0.004978
vn 0.018353 0.999819 -0.004978
vn 0.018347 0.999819 -0.004977
vn 0.018353 0.999819 -0.004978
vn 0.018343 0.999819 -0.004978
vn 0.018339 0.999819 -0.004977
vn 0.018344 0.999819 -0.004978
vn -0.018337 -0.999819 0.004977
vn -0.018344 -0.999819 0.004978
vn -0.018333 -0.999820 0.004978
vn -0.018326 -0.999820 0.004976
vn -0.018333 -0.999820 0.004978
vn -0.018344 -0.999819 0.004978
vn -0.018345 -0.999819 0.004978
vn -0.018334 -0.999820 0.004978
vn 0.018318 0.999820 -0.004932
vn 0.018328 0.999820 -0.004933
vn 0.018328 0.999820 -0.004933
vn 0.018318 0.999820 -0.004932
vn 0.018339 0.999819 -0.004977
vn 0.018336 0.999819 -0.004978
vn 0.018336 0.999819 -0.004978
vn 0.018344 0.999819 -0.004978
vn 0.018336 0.999819 -0.004978
vn 0.018336 0.999819 -0.004978
vn 0.018337 0.999819 -0.004978
vn 0.018338 0.999819 -0.004978
vn 0.018337 0.999819 -0.004978
vn 0.018339 0.999819 -0.004978
vn 0.018341 0.999819 -0.004978
vn 0.018338 0.999819 -0.004978
vn 0.018341 0.999819 -0.004978
vn 0.018339 0.999819 -0.004978
vn 0.018480 0.999817 -0.004984
vn 0.018473 0.999817 -0.004985
vn 0.018480 0.999817 -0.004984
vn 0.018613 0.999814 -0.004981
vn 0.018598 0.999815 -0.004982
vn 0.018473 0.999817 -0.004985
vn 0.018598 0.999815 -0.004982
vn 0.018613 0.999814 -0.004981
vn 0.018533 0.999816 -0.004893
vn 0.018410 0.999818 -0.004939
vn -0.018058 -0.999824 0.005026
vn -0.018058 -0.999824 0.005026
vn -0.018052 -0.999824 0.005025
vn -0.018052 -0.999824 0.005025
vn 0.018533 0.999816 -0.004893
vn 0.018379 0.999820 -0.004794
vn 0.018327 0.999820 -0.004917
vn 0.018410 0.999818 -0.004939
vn 0.018327 0.999820 -0.004917
vn 0.018379 0.999820 -0.004794
vn 0.018335 0.999821 -0.004774
vn 0.018340 0.999820 -0.004914
vn -0.018345 -0.999819 0.004978
vn -0.018346 -0.999819 0.004978
vn -0.018334 -0.999820 0.004977
vn -0.018334 -0.999820 0.004978
vn -0.018334 -0.999820 0.004977
vn -0.018346 -0.999819 0.004978
vn -0.018343 -0.999819 0.004977
vn -0.018336 -0.999819 0.004978
vn -0.018343 -0.999819 0.004977
vn -0.018340 -0.999819 0.004976
vn -0.018339 -0.999819 0.004975
vn -0.018336 -0.999819 0.004978
vn -0.018339 -0.999819 0.004975
vn -0.018340 -0.999819 0.004976
vn -0.018205 -0.999822 0.004969
vn -0.018205 -0.999822 0.004969
vn -0.018205 -0.999822 0.004969
vn -0.018077 -0.999824 0.004973
vn -0.018077 -0.999824 0.004973
vn -0.018205 -0.999822 0.004969
vn -0.018077 -0.999824 0.004973
vn -0.018077 -0.999824 0.004973
vn -0.018156 -0.999822 0.005062
vn -0.018118 -0.999823 0.005090
vn -0.018156 -0.999822 0.005062
vn -0.018306 -0.999819 0.005162
vn -0.018262 -0.999820 0.005237
vn -0.018118 -0.999823 0.005090
vn -0.018262 -0.999820 0.005237
vn -0.018306 -0.999819 0.005162
vn -0.018333 -0.999819 0.005181
vn -0.018333 -0.999818 0.005277
vn 0.476008 0.874737 0.090838
vn 0.469385 0.874845 0.119682
vn 0.469383 0.874846 0.119682
vn 0.476008 0.874737 0.090838
vn 0.469383 0.874846 0.119682
vn 0.469385 0.874845 0.119682
vn 0.456684 0.880833 0.124790
vn 0.456683 0.880834 0.124790
vn 0.475363 0.879730 0.010252
vn 0.472805 0.880158 0.042159
vn 0.472805 0.880158 0.042159
vn 0.475358 0.879733 0.010252
vn 0.472805 0.880158 0.042159
vn 0.472805 0.880158 0.042159
vn 0.476008 0.874737 0.090838
vn 0.476008 0.874737 0.090838
vn 0.424109 -0.895697 0.133638
vn 0.437021 -0.890229 0.128473
vn 0.437025 -0.890227 0.128473
vn 0.424112 -0.895695 0.133639
vn 0.437025 -0.890227 0.128473
vn 0.437021 -0.890229 0.128473
vn 0.443636 -0.890652 0.099628
vn 0.443634 -0.890653 0.099628
vn 0.475245 0.879849 -0.002794
vn 0.475198 0.879879 0.000859
vn 0.475187 0.879885 0.000859
vn 0.475240 0.879852 -0.002794
vn 0.475187 0.879885 0.000859
vn 0.475198 0.879879 0.000859
vn 0.475363 0.879730 0.010252
vn 0.475358 0.879733 0.010252
vn 0.443636 -0.890652 0.099628
vn 0.440221 -0.896440 0.051004
vn 0.440213 -0.896444 0.051003
vn 0.443634 -0.890653 0.099628
vn 0.440213 -0.896444 0.051003
vn 0.440221 -0.896440 0.051004
vn 0.442788 -0.896423 0.019095
vn 0.442783 -0.896426 0.019095
vn 0.475227 0.879841 -0.006181
vn 0.475237 0.879844 -0.004893
vn 0.475237 0.879844 -0.004894
vn 0.475235 0.879837 -0.006181
vn 0.475237 0.879844 -0.004894
vn 0.475237 0.879844 -0.004893
vn 0.475245 0.879849 -0.002794
vn 0.475240 0.879852 -0.002794
vn 0.442788 -0.896423 0.019095
vn 0.442617 -0.896658 0.009704
vn 0.442612 -0.896661 0.009704
vn 0.442783 -0.896426 0.019095
vn 0.442612 -0.896661 0.009704
vn 0.442617 -0.896658 0.009704
vn 0.442663 -0.896668 0.006050
vn 0.442660 -0.896669 0.006050
vn 0.475414 0.879732 -0.007254
vn 0.475217 0.879841 -0.006988
vn 0.475230 0.879834 -0.006988
vn 0.475421 0.879728 -0.007254
vn 0.475230 0.879834 -0.006988
vn 0.475217 0.879841 -0.006988
vn 0.475227 0.879841 -0.006181
vn 0.475235 0.879837 -0.006181
vn 0.442663 -0.896668 0.006050
vn 0.442652 -0.896685 0.003952
vn 0.442651 -0.896685 0.003951
vn 0.442660 -0.896669 0.006050
vn 0.442651 -0.896685 0.003951
vn 0.442652 -0.896685 0.003952
vn 0.442652 -0.896690 0.002663
vn 0.442654 -0.896689 0.002663
vn 0.442652 -0.896690 0.002663
vn 0.442651 -0.896692 0.001856
vn 0.442655 -0.896690 0.001857
vn 0.442654 -0.896689 0.002663
vn 0.442655 -0.896690 0.001857
vn 0.442651 -0.896692 0.001856
vn 0.442840 -0.896599 0.001590
vn 0.442848 -0.896596 0.001590
vn 0.443395 -0.896325 0.001620
vn 0.443395 -0.896325 0.001620
vn 0.443695 -0.896177 0.001617
vn 0.443695 -0.896177 0.001617
vn 0.482761 0.875722 -0.007249
vn 0.482761 0.875722 -0.007249
vn 0.475678 0.879590 -0.007224
vn 0.475678 0.879590 -0.007224
vn -0.018057 -0.999824 0.005024
vn -0.018057 -0.999824 0.005024
vn -0.018338 -0.999819 0.005026
vn -0.018338 -0.999819 0.005026
vn 0.018338 0.999820 -0.004935
vn 0.018328 0.999820 -0.004935
vn 0.018328 0.999820 -0.004935
vn 0.018338 0.999820 -0.004935
vn -0.872706 0.488235 0.003224
vn -0.872692 0.488264 0.002591
vn -0.872688 0.488271 0.002592
vn -0.872711 0.488227 0.003224
vn -0.872688 0.488271 0.002592
vn -0.872692 0.488264 0.002591
vn -0.872705 0.488246 0.001030
vn -0.872697 0.488261 0.001029
vn -0.872705 0.488246 0.001030
vn -0.872717 0.488225 -0.001443
vn -0.872704 0.488247 -0.001443
vn -0.872697 0.488261 0.001029
vn -0.872704 0.488247 -0.001443
vn -0.872717 0.488225 -0.001443
vn -0.872711 0.488206 -0.005469
vn -0.872689 0.488245 -0.005469
vn -0.872711 0.488206 -0.005469
vn -0.872694 0.488194 -0.008481
vn -0.872663 0.488249 -0.008481
vn -0.872689 0.488245 -0.005469
vn -0.872663 0.488249 -0.008481
vn -0.872694 0.488194 -0.008481
vn -0.841107 0.540849 -0.004642
vn -0.841091 0.540874 -0.004642
vn -0.841107 0.540849 -0.004642
vn -0.802632 0.595915 -0.025831
vn -0.802634 0.595912 -0.025831
vn -0.841091 0.540874 -0.004642
vn -0.802634 0.595912 -0.025831
vn -0.802632 0.595915 -0.025831
vn -0.784173 0.581164 -0.217536
vn -0.784186 0.581144 -0.217542
vn -0.784173 0.581164 -0.217536
vn -0.533387 0.575582 -0.619842
vn -0.533404 0.575546 -0.619860
vn -0.784186 0.581144 -0.217542
vn -0.533404 0.575546 -0.619860
vn -0.533387 0.575582 -0.619842
vn 0.005089 0.559824 -0.828596
vn 0.005086 0.559808 -0.828607
vn -0.890013 -0.455900 0.005730
vn -0.890007 -0.455888 0.007292
vn -0.889994 -0.455915 0.007292
vn -0.889994 -0.455937 0.005730
vn -0.889992 -0.455964 0.003258
vn -0.890016 -0.455917 0.003258
vn -0.890013 -0.455900 0.005730
vn -0.889994 -0.455937 0.005730
vn -0.890015 -0.455931 -0.000769
vn -0.890016 -0.455917 0.003258
vn -0.889992 -0.455964 0.003258
vn -0.890001 -0.455958 -0.000768
vn -0.889999 -0.455947 -0.003780
vn -0.890002 -0.455940 -0.003780
vn -0.890015 -0.455931 -0.000769
vn -0.890001 -0.455958 -0.000768
vn -0.860368 -0.509673 0.000589
vn -0.890002 -0.455940 -0.003780
vn -0.889999 -0.455947 -0.003780
vn -0.860372 -0.509666 0.000588
vn -0.823958 -0.566297 -0.020044
vn -0.823946 -0.566314 -0.020044
vn -0.860368 -0.509673 0.000589
vn -0.860372 -0.509666 0.000588
vn -0.804985 -0.554171 -0.211883
vn -0.823946 -0.566314 -0.020044
vn -0.823958 -0.566297 -0.020044
vn -0.805005 -0.554139 -0.211891
vn -0.554257 -0.561756 -0.614190
vn -0.554237 -0.561797 -0.614170
vn -0.804985 -0.554171 -0.211883
vn -0.805005 -0.554139 -0.211891
vn -0.015587 -0.567848 -0.822986
vn -0.554237 -0.561797 -0.614170
vn -0.554257 -0.561756 -0.614190
vn -0.015590 -0.567829 -0.822999
vn -0.890020 -0.455852 0.007926
vn -0.890038 -0.455818 0.007964
vn -0.890038 -0.455817 0.007964
vn -0.890014 -0.455864 0.007926
vn 0.019432 0.960123 0.278901
vn 0.019432 0.960123 0.278901
vn 0.019369 0.960109 0.278956
vn 0.019369 0.960109 0.278956
vn -0.015757 -0.963486 0.267294
vn -0.015757 -0.963486 0.267294
vn -0.015707 -0.963508 0.267217
vn -0.015707 -0.963508 0.267217
vn 0.429648 -0.863902 0.262824
vn 0.429648 -0.863902 0.262824
vn 0.429409 -0.864155 0.262381
vn 0.429409 -0.864155 0.262381
vn 0.460856 0.850384 0.253888
vn 0.460856 0.850384 0.253888
vn 0.467702 0.846651 0.253843
vn 0.467702 0.846651 0.253843
vn 0.018630 0.818293 0.574500
vn 0.018630 0.818293 0.574500
vn 0.018637 0.818297 0.574493
vn 0.018637 0.818297 0.574493
vn -0.011518 -0.821539 0.570036
vn -0.011518 -0.821539 0.570036
vn -0.011290 -0.821619 0.569926
vn -0.011290 -0.821619 0.569926
vn 0.019461 0.931539 0.363120
vn 0.019461 0.931539 0.363120
vn 0.019398 0.895543 0.444552
vn 0.019398 0.895543 0.444552
vn -0.011293 -0.821839 0.569608
vn -0.011293 -0.821839 0.569608
vn -0.012450 -0.863346 0.504459
vn -0.012450 -0.863346 0.504459
vn -0.006224 -0.004864 -0.999969
vn -0.006224 -0.004864 -0.999969
vn -0.006089 -0.004868 -0.999970
vn -0.006362 -0.004861 -0.999968
vn -0.006360 -0.004862 -0.999968
vn -0.006360 -0.004862 -0.999968
vn -0.006362 -0.004861 -0.999968
vn 0.018351 0.999819 -0.004978
vn 0.018342 0.999819 -0.004978
vn 0.018339 0.999819 -0.004976
vn 0.018339 0.999819 -0.004976
vn 0.018343 0.999819 -0.004978
vn 0.018342 0.999819 -0.004978
vn 0.018351 0.999819 -0.004978
vn 0.018342 0.999819 -0.004978
vn 0.018337 0.999819 -0.004978
vn 0.018342 0.999819 -0.004978
vn 0.018343 0.999819 -0.004978
vn 0.018338 0.999819 -0.004978
vn 0.018339 0.999819 -0.004976
vn 0.018342 0.999819 -0.004978
vn 0.018337 0.999819 -0.004978
vn 0.018338 0.999819 -0.004977
vn 0.018339 0.999819 -0.004977
vn 0.018343 0.999819 -0.004977
vn 0.018343 0.999819 -0.004977
vn 0.018336 0.999819 -0.004978
vn 0.018343 0.999819 -0.004978
vn 0.018343 0.999819 -0.004977
vn 0.018339 0.999819 -0.004977
vn 0.018338 0.999819 -0.004978
vn 0.018332 0.999820 -0.004977
vn 0.018343 0.999819 -0.004977
vn 0.018343 0.999819 -0.004978
vn 0.018342 0.999819 -0.004978
vn 0.018343 0.999819 -0.004977
vn 0.018343 0.999819 -0.004977
vn 0.018332 0.999820 -0.004977
vn 0.018335 0.999820 -0.004977
vn 0.018342 0.999819 -0.004966
vn 0.018332 0.999820 -0.004967
vn 0.018347 0.999819 -0.004972
vn 0.018337 0.999819 -0.004982
vn 0.018343 0.999820 -0.004918
vn 0.018332 0.999820 -0.004967
vn 0.018342 0.999819 -0.004966
vn 0.018340 0.999820 -0.004914
vn 0.018347 0.999819 -0.004972
vn 0.018332 0.999820 -0.004967
vn 0.018343 0.999820 -0.004918
vn 0.018258 0.999821 -0.004938
vn 0.018339 0.999819 -0.004975
vn 0.018343 0.999819 -0.004975
vn 0.018343 0.999819 -0.004977
vn 0.018335 0.999820 -0.004977
vn 0.018235 0.999821 -0.004963
vn 0.018343 0.999819 -0.004975
vn 0.018339 0.999819 -0.004975
vn 0.018197 0.999822 -0.004963
vn 0.018334 0.999820 -0.004975
vn 0.018343 0.999819 -0.004975
vn 0.018235 0.999821 -0.004963
vn 0.018333 0.999820 -0.004963
vn 0.018343 0.999819 -0.004977
vn 0.018343 0.999819 -0.004975
vn 0.018334 0.999820 -0.004975
vn 0.018336 0.999819 -0.004978
vn 0.018049 0.999825 -0.004937
vn 0.018122 0.999824 -0.004937
vn 0.018235 0.999821 -0.004963
vn 0.018197 0.999822 -0.004963
vn 0.018118 0.999824 -0.004922
vn 0.018122 0.999824 -0.004937
vn 0.018049 0.999825 -0.004937
vn 0.018044 0.999825 -0.004922
vn 0.018332 0.999820 -0.004937
vn 0.018122 0.999824 -0.004937
vn 0.018118 0.999824 -0.004922
vn 0.018333 0.999820 -0.004921
vn 0.018235 0.999821 -0.004963
vn 0.018122 0.999824 -0.004937
vn 0.018332 0.999820 -0.004937
vn 0.018333 0.999820 -0.004963
vn -0.018339 -0.999819 0.004979
vn -0.018342 -0.999819 0.004977
vn -0.018332 -0.999820 0.004977
vn -0.018339 -0.999819 0.004979
vn -0.018337 -0.999819 0.004978
vn -0.018342 -0.999819 0.004977
vn -0.018339 -0.999819 0.004979
vn -0.018337 -0.999819 0.004980
vn -0.018338 -0.999819 0.004978
vn -0.018342 -0.999819 0.004977
vn -0.018337 -0.999819 0.004978
vn -0.018338 -0.999819 0.004978
vn -0.018332 -0.999820 0.004977
vn -0.018342 -0.999819 0.004977
vn -0.018338 -0.999819 0.004978
vn -0.018332 -0.999820 0.004977
vn -0.018331 -0.999820 0.004977
vn -0.018333 -0.999820 0.004977
vn -0.018339 -0.999819 0.004977
vn -0.018336 -0.999819 0.004978
vn -0.018332 -0.999820 0.004977
vn -0.018333 -0.999820 0.004977
vn -0.018331 -0.999820 0.004977
vn -0.018334 -0.999820 0.004977
vn -0.018338 -0.999819 0.004978
vn -0.018333 -0.999820 0.004977
vn -0.018332 -0.999820 0.004977
vn -0.018332 -0.999820 0.004977
vn -0.018339 -0.999819 0.004977
vn -0.018333 -0.999820 0.004977
vn -0.018338 -0.999819 0.004978
vn -0.018338 -0.999819 0.004978
vn -0.018311 -0.999820 0.004982
vn -0.018329 -0.999820 0.004989
vn -0.018342 -0.999819 0.004986
vn -0.018338 -0.999819 0.004976
vn -0.018322 -0.999819 0.005038
vn -0.018329 -0.999820 0.004989
vn -0.018311 -0.999820 0.004982
vn -0.018418 -0.999818 0.005019
vn -0.018342 -0.999819 0.004986
vn -0.018329 -0.999820 0.004989
vn -0.018322 -0.999819 0.005038
vn -0.018339 -0.999819 0.005041
vn -0.018331 -0.999820 0.004977
vn -0.018329 -0.999820 0.004979
vn -0.018336 -0.999819 0.004980
vn -0.018334 -0.999820 0.004977
vn -0.018333 -0.999820 0.004979
vn -0.018329 -0.999820 0.004979
vn -0.018331 -0.999820 0.004977
vn -0.018336 -0.999819 0.004978
vn -0.018436 -0.999818 0.004993
vn -0.018329 -0.999820 0.004979
vn -0.018333 -0.999820 0.004979
vn -0.018332 -0.999820 0.004992
vn -0.018336 -0.999819 0.004980
vn -0.018329 -0.999820 0.004979
vn -0.018436 -0.999818 0.004993
vn -0.018478 -0.999817 0.004993
vn -0.018436 -0.999818 0.004993
vn -0.018549 -0.999815 0.005020
vn -0.018627 -0.999814 0.005021
vn -0.018478 -0.999817 0.004993
vn -0.018332 -0.999819 0.005018
vn -0.018549 -0.999815 0.005020
vn -0.018436 -0.999818 0.004993
vn -0.018332 -0.999820 0.004992
vn -0.018554 -0.999815 0.005037
vn -0.018549 -0.999815 0.005020
vn -0.018332 -0.999819 0.005018
vn -0.018331 -0.999819 0.005034
vn -0.018627 -0.999814 0.005021
vn -0.018549 -0.999815 0.005020
vn -0.018554 -0.999815 0.005037
vn -0.018634 -0.999814 0.005037
vn 0.018318 0.999820 -0.004977
vn 0.018332 0.999820 -0.004977
vn 0.018332 0.999820 -0.004977
vn 0.018318 0.999820 -0.004977
vn 0.018340 0.999819 -0.004977
vn 0.018332 0.999820 -0.004977
vn 0.018318 0.999820 -0.004977
vn 0.018338 0.999819 -0.004978
vn -0.018322 -0.999820 0.004978
vn -0.018332 -0.999820 0.004978
vn -0.018332 -0.999820 0.004977
vn -0.018322 -0.999820 0.004977
vn -0.018333 -0.999820 0.004978
vn -0.018332 -0.999820 0.004978
vn -0.018322 -0.999820 0.004978
vn -0.018330 -0.999820 0.004977
vn 0.018340 0.999820 -0.004933
vn 0.018340 0.999820 -0.004933
vn 0.018466 0.999817 -0.004934
vn 0.018466 0.999817 -0.004934
vn 0.018357 0.999819 -0.004978
vn 0.018347 0.999819 -0.004978
vn 0.018340 0.999819 -0.004977
vn 0.018338 0.999819 -0.004978
vn 0.018343 0.999819 -0.004978
vn 0.018347 0.999819 -0.004978
vn 0.018357 0.999819 -0.004978
vn 0.018341 0.999819 -0.004978
vn 0.018325 0.999820 -0.004979
vn 0.018338 0.999819 -0.004980
vn 0.018343 0.999819 -0.004978
vn 0.018341 0.999819 -0.004978
vn 0.018204 0.999822 -0.004983
vn 0.018338 0.999819 -0.004980
vn 0.018325 0.999820 -0.004979
vn 0.018207 0.999822 -0.004983
vn 0.018093 0.999824 -0.004980
vn 0.018077 0.999824 -0.004979
vn 0.018204 0.999822 -0.004983
vn 0.018207 0.999822 -0.004983
vn 0.018155 0.999823 -0.004891
vn 0.018077 0.999824 -0.004979
vn 0.018093 0.999824 -0.004980
vn 0.018258 0.999821 -0.004938
vn -0.018605 -0.999814 0.005028
vn -0.018609 -0.999814 0.005030
vn -0.018609 -0.999814 0.005030
vn -0.018605 -0.999814 0.005028
vn 0.018343 0.999820 -0.004918
vn 0.018299 0.999821 -0.004793
vn 0.018155 0.999823 -0.004891
vn 0.018258 0.999821 -0.004938
vn 0.018335 0.999821 -0.004774
vn 0.018299 0.999821 -0.004793
vn 0.018343 0.999820 -0.004918
vn 0.018340 0.999820 -0.004914
vn -0.018338 -0.999819 0.004978
vn -0.018335 -0.999820 0.004977
vn -0.018333 -0.999820 0.004978
vn -0.018330 -0.999820 0.004977
vn -0.018337 -0.999819 0.004978
vn -0.018335 -0.999820 0.004977
vn -0.018338 -0.999819 0.004978
vn -0.018345 -0.999819 0.004978
vn -0.018353 -0.999819 0.004976
vn -0.018339 -0.999819 0.004975
vn -0.018337 -0.999819 0.004978
vn -0.018345 -0.999819 0.004978
vn -0.018480 -0.999817 0.004970
vn -0.018339 -0.999819 0.004975
vn -0.018353 -0.999819 0.004976
vn -0.018487 -0.999817 0.004971
vn -0.018613 -0.999814 0.004978
vn -0.018613 -0.999814 0.004977
vn -0.018480 -0.999817 0.004970
vn -0.018487 -0.999817 0.004971
vn -0.018530 -0.999815 0.005065
vn -0.018613 -0.999814 0.004977
vn -0.018613 -0.999814 0.004978
vn -0.018571 -0.999815 0.005097
vn -0.018415 -0.999817 0.005245
vn -0.018369 -0.999818 0.005162
vn -0.018530 -0.999815 0.005065
vn -0.018571 -0.999815 0.005097
vn -0.018333 -0.999819 0.005181
vn -0.018369 -0.999818 0.005162
vn -0.018415 -0.999817 0.005245
vn -0.018333 -0.999818 0.005277
vn -0.435400 0.891466 0.125358
vn -0.435400 0.891466 0.125358
vn -0.442385 0.891608 0.096598
vn -0.442385 0.891608 0.096598
vn -0.422427 0.896982 0.130304
vn -0.435400 0.891466 0.125358
vn -0.435400 0.891466 0.125358
vn -0.422427 0.896982 0.130304
vn -0.439596 0.896918 0.047882
vn -0.439597 0.896918 0.047882
vn -0.442567 0.896593 0.016009
vn -0.442573 0.896590 0.016010
vn -0.442385 0.891608 0.096598
vn -0.439597 0.896918 0.047882
vn -0.439596 0.896918 0.047882
vn -0.442385 0.891608 0.096598
vn -0.467768 -0.873613 0.134143
vn -0.467776 -0.873608 0.134147
vn -0.455012 -0.879546 0.139150
vn -0.455003 -0.879551 0.139148
vn -0.474761 -0.873782 0.105388
vn -0.467776 -0.873608 0.134147
vn -0.467768 -0.873613 0.134143
vn -0.474752 -0.873788 0.105385
vn -0.442523 0.896733 0.006615
vn -0.442512 0.896738 0.006615
vn -0.442609 0.896710 0.002961
vn -0.442613 0.896708 0.002962
vn -0.442567 0.896593 0.016009
vn -0.442512 0.896738 0.006615
vn -0.442523 0.896733 0.006615
vn -0.442573 0.896590 0.016010
vn -0.472160 -0.879686 0.056725
vn -0.472170 -0.879681 0.056726
vn -0.474761 -0.873782 0.105388
vn -0.474752 -0.873788 0.105385
vn -0.475138 -0.879560 0.024852
vn -0.472170 -0.879681 0.056726
vn -0.472160 -0.879686 0.056725
vn -0.475134 -0.879563 0.024851
vn -0.442627 0.896705 0.000863
vn -0.442627 0.896705 0.000863
vn -0.442636 0.896701 -0.000425
vn -0.442643 0.896698 -0.000424
vn -0.442609 0.896710 0.002961
vn -0.442627 0.896705 0.000863
vn -0.442627 0.896705 0.000863
vn -0.442613 0.896708 0.002962
vn -0.475098 -0.879797 0.015459
vn -0.475097 -0.879798 0.015459
vn -0.475138 -0.879560 0.024852
vn -0.475134 -0.879563 0.024851
vn -0.475187 -0.879806 0.011806
vn -0.475097 -0.879798 0.015459
vn -0.475098 -0.879797 0.015459
vn -0.475188 -0.879805 0.011806
vn -0.442649 0.896694 -0.001230
vn -0.442638 0.896700 -0.001231
vn -0.442836 0.896601 -0.001495
vn -0.442844 0.896598 -0.001495
vn -0.442636 0.896701 -0.000425
vn -0.442638 0.896700 -0.001231
vn -0.442649 0.896694 -0.001230
vn -0.442643 0.896698 -0.000424
vn -0.475203 -0.879823 0.009707
vn -0.475203 -0.879823 0.009707
vn -0.475187 -0.879806 0.011806
vn -0.475188 -0.879805 0.011806
vn -0.475217 -0.879828 0.008419
vn -0.475203 -0.879823 0.009707
vn -0.475203 -0.879823 0.009707
vn -0.475213 -0.879830 0.008419
vn -0.475216 -0.879836 0.007613
vn -0.475223 -0.879833 0.007613
vn -0.475217 -0.879828 0.008419
vn -0.475213 -0.879830 0.008419
vn -0.475420 -0.879728 0.007348
vn -0.475223 -0.879833 0.007613
vn -0.475216 -0.879836 0.007613
vn -0.475416 -0.879730 0.007348
vn -0.475970 -0.879430 0.007384
vn -0.475970 -0.879430 0.007384
vn -0.475665 -0.879596 0.007383
vn -0.475665 -0.879596 0.007383
vn -0.443098 0.896472 -0.001459
vn -0.450325 0.892864 -0.001394
vn -0.450325 0.892864 -0.001394
vn -0.443098 0.896472 -0.001459
vn 0.889971 0.455907 -0.010025
vn 0.889984 0.455914 -0.008463
vn 0.890007 0.455869 -0.008463
vn 0.889972 0.455906 -0.010025
vn 0.889923 0.455940 -0.012497
vn 0.889945 0.455896 -0.012497
vn 0.889971 0.455907 -0.010025
vn 0.889972 0.455906 -0.010025
vn 0.889898 0.455860 -0.016523
vn 0.889945 0.455896 -0.012497
vn 0.889923 0.455940 -0.012497
vn 0.889876 0.455904 -0.016523
vn 0.889830 0.455874 -0.019534
vn 0.889852 0.455831 -0.019534
vn 0.889898 0.455860 -0.016523
vn 0.889876 0.455904 -0.016523
vn 0.860282 0.509588 -0.015311
vn 0.889852 0.455831 -0.019534
vn 0.889830 0.455874 -0.019534
vn 0.860274 0.509603 -0.015311
vn 0.823617 0.566001 -0.036031
vn 0.823609 0.566012 -0.036031
vn 0.860282 0.509588 -0.015311
vn 0.860274 0.509603 -0.015311
vn 0.802202 0.552015 -0.227488
vn 0.823609 0.566012 -0.036031
vn 0.823617 0.566001 -0.036031
vn 0.802206 0.552010 -0.227488
vn 0.546346 0.555762 -0.626605
vn 0.546346 0.555762 -0.626605
vn 0.802202 0.552015 -0.227488
vn 0.802206 0.552010 -0.227488
vn 0.005089 0.559824 -0.828596
vn 0.546346 0.555762 -0.626605
vn 0.546346 0.555762 -0.626605
vn 0.005086 0.559808 -0.828607
vn 0.872659 -0.488316 -0.003762
vn 0.872670 -0.488297 -0.003762
vn 0.872660 -0.488299 -0.005325
vn 0.872650 -0.488317 -0.005325
vn 0.872660 -0.488299 -0.005325
vn 0.872637 -0.488307 -0.007797
vn 0.872628 -0.488324 -0.007796
vn 0.872650 -0.488317 -0.005325
vn 0.872628 -0.488324 -0.007796
vn 0.872637 -0.488307 -0.007797
vn 0.872590 -0.488311 -0.011822
vn 0.872593 -0.488306 -0.011822
vn 0.872590 -0.488311 -0.011822
vn 0.872543 -0.488312 -0.014835
vn 0.872559 -0.488284 -0.014835
vn 0.872593 -0.488306 -0.011822
vn 0.872559 -0.488284 -0.014835
vn 0.872543 -0.488312 -0.014835
vn 0.841019 -0.540912 -0.010082
vn 0.841032 -0.540892 -0.010082
vn 0.841019 -0.540912 -0.010082
vn 0.802291 -0.596166 -0.030246
vn 0.802302 -0.596151 -0.030246
vn 0.841032 -0.540892 -0.010082
vn 0.802302 -0.596151 -0.030246
vn 0.802291 -0.596166 -0.030246
vn 0.781387 -0.583286 -0.221836
vn 0.781398 -0.583271 -0.221840
vn 0.781387 -0.583286 -0.221836
vn 0.525502 -0.581606 -0.620952
vn 0.525510 -0.581594 -0.620958
vn 0.781398 -0.583271 -0.221840
vn 0.525510 -0.581594 -0.620958
vn 0.525502 -0.581606 -0.620952
vn -0.015587 -0.567848 -0.822986
vn -0.015590 -0.567829 -0.822999
vn 0.890008 0.455878 -0.007830
vn 0.890028 0.455839 -0.007792
vn 0.890039 0.455818 -0.007793
vn 0.890025 0.455845 -0.007830
vn 0.872720 -0.488212 -0.003092
vn 0.872715 -0.488221 -0.003092
vn 0.872694 -0.488257 -0.003130
vn 0.872692 -0.488261 -0.003129
vn 0.019391 0.960108 0.278955
vn 0.019337 0.960122 0.278911
vn 0.019337 0.960122 0.278911
vn 0.019391 0.960108 0.278955
vn -0.016337 -0.963498 0.267218
vn -0.016299 -0.963471 0.267315
vn -0.016299 -0.963471 0.267315
vn -0.016337 -0.963498 0.267218
vn -0.457530 -0.847863 0.267945
vn -0.457766 -0.847594 0.268392
vn -0.457766 -0.847594 0.268392
vn -0.457530 -0.847863 0.267945
vn -0.433073 0.863202 0.259480
vn -0.426089 0.866683 0.259440
vn -0.426089 0.866683 0.259440
vn -0.433073 0.863202 0.259480
vn 0.019202 0.895539 0.444570
vn 0.019493 0.931523 0.363159
vn 0.019493 0.931523 0.363159
vn 0.019202 0.895539 0.444570
vn -0.012986 -0.863335 0.504464
vn -0.011873 -0.821828 0.569612
vn -0.011873 -0.821828 0.569612
vn -0.012986 -0.863335 0.504464
vn -0.006497 -0.004859 -0.999967
vn -0.006497 -0.004859 -0.999967
vn -0.006631 -0.004857 -0.999966
vn -0.081544 -0.993433 -0.080253
vn -0.056686 -0.995465 -0.076396
vn -0.055324 -0.995025 -0.082854
vn -0.079385 -0.993217 -0.084959
vn -0.075880 -0.993242 0.087822
vn -0.074929 -0.993547 0.085146
vn -0.066753 -0.994255 0.083677
vn -0.068368 -0.993945 0.086013
vn -0.083707 -0.993849 0.072513
vn -0.077750 -0.994467 0.070644
vn -0.073537 -0.996222 0.046194
vn -0.080514 -0.995542 0.049123
vn -0.062495 -0.991214 -0.116575
vn -0.068392 -0.991860 -0.107404
vn -0.131530 -0.987552 -0.086259
vn -0.113871 -0.988497 -0.099534
vn -0.080580 -0.991590 -0.101275
vn -0.053942 -0.992889 -0.106119
vn -0.055996 -0.992219 -0.111203
vn -0.088342 -0.990716 -0.103331
vn 0.120479 -0.985057 0.123072
vn 0.118435 -0.985612 0.120591
vn 0.085556 -0.989754 0.114312
vn 0.086810 -0.988963 0.120066
vn 0.043658 -0.992588 0.113418
vn 0.044026 -0.993651 0.103532
vn -0.000655 -0.997153 0.075403
vn -0.004685 -0.996034 0.088849
vn 0.030996 -0.989699 0.139769
vn 0.023424 -0.987955 0.152961
vn -0.027063 -0.983672 0.177923
vn -0.016649 -0.987008 0.159805
vn 0.053961 -0.993338 0.101827
vn 0.044051 -0.992587 0.113273
vn 0.040234 -0.990537 0.131217
vn 0.048783 -0.991651 0.119368
vn 0.136339 -0.987613 -0.077672
vn 0.124162 -0.990197 -0.063982
vn 0.133445 -0.989314 -0.058737
vn 0.145761 -0.986817 -0.070327
vn 0.097431 -0.992509 -0.073709
vn 0.106721 -0.991507 -0.074321
vn 0.086341 -0.994053 -0.066357
vn 0.069906 -0.996265 -0.050683
vn -0.042195 -0.997757 0.051966
vn -0.089238 -0.995170 0.040917
vn -0.055620 -0.996432 0.063484
vn -0.033259 -0.997462 0.062950
vn -0.039978 -0.998923 0.023538
vn -0.007936 -0.998621 0.051900
vn -0.006610 -0.998460 0.055078
vn -0.042684 -0.998850 0.021824
vn -0.110854 -0.991981 0.060706
vn -0.077717 -0.995985 0.044436
vn -0.078727 -0.996207 0.037055
vn -0.120735 -0.991052 0.056911
vn -0.065364 -0.997164 -0.037309
vn -0.063259 -0.997054 -0.043368
vn -0.097664 -0.993402 -0.060122
vn -0.104887 -0.992616 -0.060935
vn -0.012527 -0.981177 -0.192706
vn -0.014623 -0.980794 -0.194498
vn 0.012209 -0.995562 -0.093317
vn 0.013553 -0.995515 -0.093633
vn -0.026288 -0.983404 -0.179512
vn -0.024961 -0.986467 -0.162048
vn 0.006745 -0.997858 -0.065065
vn 0.005844 -0.996909 -0.078348
vn -0.015017 -0.995434 0.094259
vn -0.005587 -0.995139 0.098323
vn -0.007494 -0.995014 0.099456
vn -0.016994 -0.995264 0.095711
vn -0.010277 -0.996190 0.086601
vn -0.000090 -0.995644 0.093236
vn -0.001077 -0.995588 0.093828
vn -0.011530 -0.995944 0.089232
vn -0.044247 -0.994646 0.093391
vn -0.040264 -0.994827 0.093262
vn -0.042150 -0.994598 0.094856
vn -0.045675 -0.994408 0.095217
vn -0.055326 -0.994142 0.092848
vn -0.049069 -0.994413 0.093463
vn -0.049735 -0.994183 0.095536
vn -0.055108 -0.994001 0.094470
vn -0.038395 -0.995734 0.083897
vn -0.035030 -0.995726 0.085460
vn -0.032829 -0.995966 0.083509
vn -0.037247 -0.995875 0.082739
vn -0.050099 -0.995345 0.082329
vn -0.042979 -0.995654 0.082618
vn -0.043116 -0.995691 0.082103
vn -0.051322 -0.995217 0.083122
vn -0.076678 -0.992901 0.090934
vn -0.077177 -0.992808 0.091516
vn -0.070445 -0.993290 0.091719
vn -0.069722 -0.993319 0.091955
vn 0.022188 -0.998321 -0.053504
vn 0.024469 -0.998422 -0.050540
vn 0.030712 -0.998901 -0.035403
vn 0.028629 -0.998883 -0.037589
vn 0.027211 -0.998662 -0.043969
vn 0.026371 -0.998734 -0.042843
vn 0.030574 -0.999134 -0.028206
vn 0.033540 -0.998998 -0.029643
vn -0.050215 -0.996955 0.059668
vn -0.041372 -0.998296 0.041155
vn -0.019874 -0.999800 -0.002143
vn -0.038723 -0.998864 0.027777
vn 0.073636 -0.993321 0.088827
vn 0.072732 -0.993421 0.088456
vn 0.047295 -0.994167 0.096927
vn 0.047051 -0.993958 0.099161
vn 0.007914 -0.994255 0.106746
vn 0.011030 -0.994598 0.103216
vn -0.035839 -0.995396 0.088891
vn -0.041199 -0.994902 0.092049
vn 0.055143 -0.995689 -0.074587
vn 0.059208 -0.995495 -0.074059
vn 0.064173 -0.997677 -0.022857
vn 0.061192 -0.997814 -0.024938
vn 0.065635 -0.995202 -0.072564
vn 0.070402 -0.994940 -0.071675
vn 0.083129 -0.996504 -0.008348
vn 0.081621 -0.996605 -0.010819
vn -0.055783 -0.998439 0.002762
vn -0.011997 -0.999007 0.042916
vn -0.015250 -0.999215 0.036568
vn -0.061149 -0.998113 -0.005599
vn -0.042554 -0.998858 0.021743
vn -0.002761 -0.998115 0.061308
vn -0.004216 -0.998294 0.058229
vn -0.044206 -0.998834 0.019378
vn 0.109701 -0.991529 -0.069545
vn 0.086659 -0.993394 -0.075226
vn 0.084168 -0.993181 -0.080670
vn 0.108205 -0.991304 -0.074889
vn 0.084168 -0.993181 -0.080670
vn 0.086659 -0.993394 -0.075226
vn 0.034413 -0.996193 -0.080101
vn 0.035175 -0.995515 -0.087826
vn 0.026098 -0.993448 0.111264
vn 0.047354 -0.987509 0.150279
vn 0.041532 -0.988383 0.146201
vn 0.021716 -0.993646 0.110437
vn -0.040611 -0.998895 0.023646
vn -0.031312 -0.998895 0.035056
vn -0.001535 -0.999789 0.020488
vn -0.011662 -0.999900 0.007987
vn -0.126303 -0.990213 0.059383
vn -0.066427 -0.997782 0.004422
vn -0.030371 -0.999460 0.012583
vn -0.091658 -0.992951 0.075150
vn -0.045282 -0.998914 -0.010926
vn -0.053830 -0.998548 -0.001873
vn -0.010893 -0.999834 0.014608
vn -0.004267 -0.999983 0.004036
vn -0.003187 -0.999885 0.014849
vn 0.011550 -0.999515 0.028921
vn 0.006463 -0.999352 0.035408
vn -0.010362 -0.999737 0.020471
vn 0.023730 -0.994622 0.100815
vn 0.044915 -0.989157 0.139823
vn 0.034149 -0.995185 0.091873
vn 0.026135 -0.996940 0.073678
vn 0.141971 -0.987891 -0.062583
vn 0.137844 -0.988914 -0.055213
vn 0.132256 -0.989415 -0.059721
vn 0.134149 -0.988738 -0.066349
vn -0.053444 -0.995249 -0.081386
vn -0.054165 -0.995739 -0.074638
vn -0.029702 -0.996585 -0.077051
vn -0.029720 -0.996170 -0.082229
vn -0.096455 -0.991596 0.086216
vn -0.090827 -0.992106 0.086463
vn -0.090342 -0.991975 0.088453
vn -0.095093 -0.991650 0.087107
vn 0.067754 -0.995217 0.070374
vn 0.061639 -0.995825 0.067333
vn 0.011568 -0.996284 0.085349
vn 0.016955 -0.995841 0.089513
vn 0.064811 -0.996810 0.046568
vn 0.061639 -0.995825 0.067333
vn 0.067754 -0.995217 0.070374
vn 0.072273 -0.996063 0.051338
vn 0.032154 -0.995752 -0.086277
vn -0.031363 -0.993749 -0.107145
vn -0.038135 -0.992485 -0.116275
vn 0.013476 -0.994964 -0.099324
vn -0.046620 -0.992753 -0.110762
vn -0.049733 -0.993177 -0.105479
vn -0.023319 -0.994690 -0.100236
vn -0.014300 -0.994619 -0.102604
vn -0.081972 -0.989905 0.115619
vn -0.087984 -0.990000 0.110267
vn -0.137647 -0.982984 0.121640
vn -0.132973 -0.983490 0.122746
vn -0.089448 -0.992143 -0.087472
vn -0.123944 -0.983226 -0.133806
vn -0.134474 -0.984326 -0.114103
vn -0.112895 -0.988890 -0.096707
vn -0.046997 -0.998482 0.028715
vn -0.043520 -0.998672 0.027564
vn -0.009312 -0.999806 0.017369
vn -0.008852 -0.999830 0.016157
vn 0.084540 -0.996420 0.000689
vn 0.112081 -0.993240 -0.030210
vn 0.070818 -0.997475 0.005356
vn 0.057517 -0.998207 0.016582
vn 0.082277 -0.996602 -0.003902
vn 0.119081 -0.991795 -0.046509
vn 0.120938 -0.991797 -0.041395
vn 0.087093 -0.996198 -0.001997
vn -0.064462 -0.997114 0.040109
vn -0.068924 -0.996504 0.047224
vn -0.033931 -0.997204 0.066581
vn -0.020333 -0.997806 0.063009
vn -0.019884 -0.998190 -0.056765
vn -0.053721 -0.997687 -0.041658
vn -0.052492 -0.997983 -0.035689
vn -0.013455 -0.998235 -0.057842
vn 0.343342 -0.858434 -0.381060
vn 0.343054 -0.861823 -0.373598
vn -0.026659 -0.999638 0.003595
vn -0.035629 -0.999365 -0.000193
vn -0.052191 -0.998231 0.028488
vn -0.054050 -0.998140 0.028213
vn -0.009216 -0.999919 0.008767
vn -0.005560 -0.999949 0.008439
vn -0.056886 -0.998001 0.027521
vn -0.056924 -0.997994 0.027719
vn -0.015088 -0.999858 0.007483
vn -0.015420 -0.999854 0.007407
vn -0.070492 -0.989573 -0.125602
vn -0.068475 -0.990589 -0.118506
vn -0.067650 -0.990531 -0.119467
vn -0.069460 -0.989550 -0.126355
vn -0.049576 -0.991704 -0.118597
vn -0.043436 -0.992784 -0.111775
vn -0.063645 -0.991390 -0.114434
vn -0.067548 -0.990300 -0.121419
vn -0.099312 -0.991907 0.079110
vn -0.096511 -0.991908 0.082482
vn -0.093975 -0.992188 0.082045
vn -0.096583 -0.992245 0.078247
vn -0.103372 -0.991011 0.084922
vn -0.102006 -0.991025 0.086393
vn -0.103215 -0.991284 0.081869
vn -0.105971 -0.991175 0.079640
vn -0.089876 -0.991998 0.088670
vn -0.087187 -0.992094 0.090263
vn -0.085538 -0.992326 0.089289
vn -0.087797 -0.992254 0.087889
vn 0.031642 -0.998106 0.052760
vn 0.021014 -0.999192 0.034250
vn -0.031838 -0.996643 0.075421
vn -0.023978 -0.995969 0.086435
vn 0.005925 -0.999962 -0.006461
vn 0.021014 -0.999192 0.034250
vn 0.031642 -0.998106 0.052760
vn 0.025863 -0.999422 0.022050
vn -0.040602 -0.993760 0.103888
vn -0.043283 -0.994078 0.099678
vn -0.082987 -0.992564 0.089046
vn -0.083310 -0.992324 0.091391
vn -0.095042 -0.995167 -0.024701
vn -0.097525 -0.995026 -0.020312
vn -0.091098 -0.992874 -0.076833
vn -0.087445 -0.992917 -0.080436
vn -0.138087 -0.990343 0.012366
vn -0.141141 -0.989823 0.018139
vn -0.122321 -0.991157 -0.051437
vn -0.116853 -0.991518 -0.056893
vn -0.042137 -0.999059 -0.010252
vn -0.037524 -0.999290 -0.003526
vn -0.030927 -0.999508 -0.005217
vn -0.035417 -0.999293 -0.012633
vn -0.021228 -0.999628 0.017122
vn -0.006687 -0.999625 0.026550
vn -0.004587 -0.999698 0.024129
vn -0.016239 -0.999743 0.015790
vn -0.174706 -0.982150 -0.069706
vn -0.188613 -0.978114 -0.087856
vn -0.165540 -0.982179 -0.088999
vn -0.154900 -0.985302 -0.072015
vn -0.165540 -0.982179 -0.088999
vn -0.133674 -0.986805 -0.091367
vn -0.125610 -0.989214 -0.075357
vn -0.154900 -0.985302 -0.072015
vn -0.125610 -0.989214 -0.075357
vn -0.133674 -0.986805 -0.091367
vn -0.086162 -0.991246 -0.100036
vn -0.071159 -0.994127 -0.081531
vn -0.009309 -0.992734 0.119971
vn -0.023453 -0.986661 0.161088
vn -0.035297 -0.987452 0.153922
vn -0.017739 -0.993912 0.108739
vn 0.110480 -0.993714 -0.018051
vn 0.138391 -0.989480 -0.042156
vn 0.154977 -0.987172 -0.038386
vn 0.127479 -0.991708 -0.016246
vn 0.160486 -0.987028 -0.004565
vn 0.186411 -0.982138 -0.025627
vn 0.245696 -0.969346 0.001389
vn 0.224578 -0.973953 0.031297
vn -0.011797 -0.999540 0.027954
vn -0.027569 -0.999074 0.033039
vn 0.035096 -0.994215 0.101509
vn 0.047853 -0.994194 0.096381
vn -0.055851 -0.998425 0.005242
vn -0.058894 -0.998264 -0.000466
vn -0.039395 -0.999202 -0.006584
vn -0.034869 -0.999391 -0.001250
vn 0.101696 -0.994803 -0.004902
vn 0.132264 -0.990635 -0.033888
vn 0.133625 -0.990258 -0.039158
vn 0.104220 -0.994474 -0.012669
vn -0.019362 -0.997904 0.061752
vn -0.025557 -0.993610 0.109935
vn -0.007121 -0.997900 0.064384
vn -0.013609 -0.999217 0.037142
vn -0.222966 -0.970720 -0.089377
vn -0.254956 -0.959572 -0.119242
vn -0.247541 -0.962940 -0.107094
vn -0.220150 -0.972105 -0.080906
vn 0.003929 -0.995763 0.091868
vn 0.067137 -0.997355 0.027841
vn 0.018260 -0.999762 0.011914
vn -0.042620 -0.996188 0.076107
vn 0.030612 -0.998715 0.040394
vn 0.412246 -0.863426 -0.290774
vn 0.412846 -0.867023 -0.278980
vn 0.037239 -0.998585 0.037959
vn 0.402839 -0.854740 -0.327323
vn 0.415300 -0.851754 -0.319439
vn 0.027735 -0.998974 0.035793
vn 0.012844 -0.998946 0.044072
vn 0.339141 -0.870051 -0.357764
vn 0.344490 -0.870259 -0.352103
vn -0.013690 -0.999309 0.034556
vn -0.015554 -0.999597 0.023727
vn 0.047699 -0.998573 0.023998
vn 0.406655 -0.872113 -0.272123
vn 0.397894 -0.873354 -0.280950
vn 0.049857 -0.998665 0.013535
vn -0.018425 -0.967502 -0.252193
vn -0.010606 -0.967294 -0.253438
vn 0.027482 -0.913996 -0.404791
vn 0.019958 -0.915289 -0.402303
vn 0.028653 -0.972335 -0.231827
vn 0.029689 -0.977768 -0.207576
vn 0.076584 -0.929702 -0.360262
vn 0.074148 -0.920011 -0.384813
vn -0.136020 -0.988023 -0.072860
vn -0.080547 -0.996743 -0.003853
vn -0.132632 -0.991057 0.014690
vn -0.214808 -0.975791 -0.041102
vn -0.132632 -0.991057 0.014690
vn -0.170195 -0.984425 0.044052
vn -0.258045 -0.966127 0.003247
vn -0.214808 -0.975791 -0.041102
vn -0.055523 -0.997554 0.042463
vn -0.045666 -0.995628 0.081478
vn -0.097433 -0.992805 0.069603
vn -0.090491 -0.994945 0.043544
vn 0.109930 -0.991057 -0.075644
vn 0.054360 -0.998506 -0.005561
vn -0.012865 -0.999877 -0.009031
vn -0.012496 -0.996329 -0.084693
vn 0.029305 -0.998714 0.041364
vn 0.019319 -0.996552 0.080687
vn -0.013098 -0.996473 0.082885
vn -0.013001 -0.999049 0.041617
vn 0.229135 -0.973390 -0.002968
vn 0.142608 -0.988972 0.039972
vn 0.105688 -0.994331 0.011644
vn 0.186989 -0.981292 -0.045833
vn -0.010344 -0.962876 -0.269746
vn -0.014381 -0.964921 -0.262146
vn 0.029919 -0.909900 -0.413747
vn 0.036073 -0.905859 -0.422040
vn -0.045544 -0.991132 0.124835
vn -0.033233 -0.986983 0.157352
vn -0.007534 -0.996474 0.083563
vn -0.018044 -0.998869 0.043985
vn -0.029279 -0.997650 0.061938
vn -0.043671 -0.994409 0.096147
vn -0.014351 -0.999863 0.008289
vn 0.002134 -0.999407 -0.034357
vn 0.017334 -0.995992 -0.087746
vn 0.012820 -0.998784 -0.047602
vn 0.049400 -0.984717 -0.167009
vn 0.056937 -0.974458 -0.217233
vn 0.113560 -0.993378 0.017437
vn 0.427946 -0.861989 -0.271731
vn 0.478065 -0.849731 -0.222287
vn 0.173104 -0.982363 0.070703
vn 0.056359 -0.998389 0.006521
vn 0.393075 -0.873645 -0.286770
vn 0.402911 -0.869502 -0.285709
vn 0.077013 -0.997016 0.005326
vn -0.008523 -0.993011 0.117714
vn 0.002639 -0.989852 0.142080
vn -0.039646 -0.985470 0.165158
vn -0.059041 -0.988604 0.138481
vn 0.022756 -0.994086 0.106189
vn 0.037027 -0.990456 0.132765
vn 0.025664 -0.990525 0.134910
vn 0.013397 -0.993907 0.109408
vn 0.083094 -0.996537 0.003054
vn 0.093379 -0.995454 -0.018737
vn 0.105397 -0.994295 -0.016376
vn 0.096808 -0.995301 0.002162
vn 0.071845 -0.997052 -0.026932
vn 0.074587 -0.996957 -0.022663
vn 0.061366 -0.998068 0.009751
vn 0.060232 -0.998126 0.010761
vn 0.076974 -0.989859 0.119387
vn 0.069176 -0.991330 0.111709
vn 0.065169 -0.991255 0.114744
vn 0.060087 -0.991259 0.117454
vn 0.027269 -0.999453 0.018709
vn 0.029137 -0.999355 0.021004
vn 0.033419 -0.999123 0.025228
vn 0.031852 -0.999221 0.023291
vn 0.033257 -0.999023 0.029095
vn 0.027561 -0.999080 0.032860
vn 0.033368 -0.998857 0.034229
vn 0.036944 -0.998816 0.031652
vn 0.055475 -0.997302 -0.048086
vn 0.058437 -0.997199 -0.046674
vn 0.060080 -0.998172 -0.006523
vn 0.057755 -0.998299 -0.008021
vn 0.064660 -0.997042 -0.041546
vn 0.067320 -0.996951 -0.039463
vn 0.069077 -0.997600 0.004741
vn 0.067328 -0.997730 0.001160
vn 0.022068 -0.994845 0.098977
vn 0.041158 -0.992744 0.112981
vn 0.040667 -0.993161 0.109443
vn 0.020104 -0.995233 0.095436
vn 0.029809 -0.994278 0.102583
vn 0.046953 -0.991881 0.118181
vn 0.044007 -0.992052 0.117881
vn 0.027908 -0.994371 0.102213
vn 0.080531 -0.996448 -0.024623
vn 0.087580 -0.995702 -0.030123
vn 0.036004 -0.998823 -0.032497
vn 0.029010 -0.999172 -0.028536
vn 0.108260 -0.993799 -0.025348
vn 0.087580 -0.995702 -0.030123
vn 0.080531 -0.996448 -0.024623
vn 0.101202 -0.994693 -0.018551
vn 0.027303 -0.999380 0.022236
vn 0.019457 -0.999073 0.038405
vn 0.022606 -0.998084 0.057595
vn 0.031711 -0.998597 0.042415
vn 0.033109 -0.997134 0.068033
vn 0.019550 -0.997867 0.062280
vn 0.050643 -0.997659 0.045950
vn 0.064371 -0.996669 0.050083
vn 0.082855 -0.994684 0.061140
vn 0.066254 -0.996181 0.056873
vn 0.064087 -0.995721 0.066583
vn 0.081721 -0.994091 0.071446
vn 0.021407 -0.999154 -0.035121
vn 0.021343 -0.999381 -0.027951
vn 0.020787 -0.998897 -0.042114
vn 0.018088 -0.999037 -0.039962
vn 0.115567 -0.993297 -0.002530
vn 0.121685 -0.992481 -0.013233
vn 0.121656 -0.992429 -0.016847
vn 0.115208 -0.993313 -0.007548
vn -0.032290 -0.985109 0.168871
vn -0.037341 -0.979572 0.197595
vn -0.030458 -0.981716 0.187897
vn -0.023726 -0.987455 0.156105
vn -0.014925 -0.979696 0.199933
vn -0.017756 -0.974258 0.224737
vn -0.033731 -0.977369 0.208837
vn -0.030195 -0.982824 0.182057
vn -0.107372 -0.992980 -0.049620
vn -0.119480 -0.989314 -0.083563
vn -0.113894 -0.989078 -0.093555
vn -0.103560 -0.993138 -0.054329
vn -0.152371 -0.986338 0.062613
vn -0.157815 -0.985625 0.060310
vn -0.165539 -0.983988 0.066069
vn -0.150147 -0.986271 0.068738
vn -0.119910 -0.990763 0.063328
vn -0.122351 -0.990393 0.064444
vn -0.106019 -0.992396 0.062535
vn -0.103062 -0.992810 0.060874
vn -0.130687 -0.988869 0.071132
vn -0.133814 -0.988370 0.072240
vn -0.117950 -0.990605 0.069214
vn -0.115544 -0.991001 0.067584
vn -0.061581 -0.997487 -0.035037
vn -0.055575 -0.997692 -0.039019
vn -0.056961 -0.997465 -0.042650
vn -0.062664 -0.997303 -0.038215
vn -0.046175 -0.998806 -0.015974
vn -0.036465 -0.999187 -0.017175
vn -0.049916 -0.998463 -0.024081
vn -0.057139 -0.998135 -0.021489
vn -0.080223 -0.993059 -0.086010
vn -0.079366 -0.988757 -0.126729
vn -0.076628 -0.988871 -0.127528
vn -0.077836 -0.993157 -0.087068
vn -0.097484 -0.992586 -0.072597
vn -0.095279 -0.988457 -0.117793
vn -0.088810 -0.988699 -0.120774
vn -0.091471 -0.992799 -0.077346
vn -0.167251 -0.984031 -0.060907
vn -0.178364 -0.982411 -0.055265
vn -0.170923 -0.984165 -0.046958
vn -0.159300 -0.985766 -0.053742
vn -0.091354 -0.993324 -0.070441
vn -0.145009 -0.987194 -0.066482
vn -0.136684 -0.988756 -0.060654
vn -0.082345 -0.994402 -0.066213
vn -0.136684 -0.988756 -0.060654
vn -0.145009 -0.987194 -0.066482
vn -0.167251 -0.984031 -0.060907
vn -0.159300 -0.985766 -0.053742
vn -0.133498 -0.990171 0.041700
vn -0.114596 -0.992500 0.042559
vn -0.055077 -0.992764 0.106702
vn -0.083678 -0.991176 0.102798
vn -0.165591 -0.985675 0.031993
vn -0.165810 -0.985870 0.023832
vn -0.182071 -0.982996 0.023840
vn -0.182368 -0.982678 0.032959
vn -0.185952 -0.981186 -0.051914
vn -0.179117 -0.982307 -0.054689
vn -0.172573 -0.984232 -0.038815
vn -0.179902 -0.982936 -0.038376
vn 0.050317 -0.991466 0.120262
vn 0.138359 -0.978303 0.154208
vn 0.142100 -0.977169 0.157952
vn 0.051753 -0.991045 0.123093
vn -0.025326 -0.977086 -0.211331
vn -0.020137 -0.978875 -0.203465
vn 0.009158 -0.994748 -0.101940
vn 0.005819 -0.994251 -0.106918
vn 0.032574 -0.994391 0.100624
vn 0.013186 -0.998093 0.060311
vn 0.010577 -0.996457 0.083440
vn 0.029129 -0.992317 0.120242
vn 0.012512 -0.989500 0.143990
vn -0.005405 -0.993833 0.110754
vn -0.057068 -0.988345 0.141132
vn -0.038543 -0.984373 0.171828
vn 0.007242 -0.999810 0.018073
vn -0.015802 -0.998961 -0.042757
vn -0.012153 -0.999802 -0.015764
vn 0.010213 -0.999166 0.039540
vn 0.072193 -0.994167 0.080121
vn 0.162029 -0.981291 0.103998
vn 0.163875 -0.979868 0.114031
vn 0.073044 -0.993504 0.087264
vn 0.128453 -0.991021 0.037125
vn 0.132126 -0.989849 0.052358
vn 0.065362 -0.997305 0.033337
vn 0.065943 -0.997654 0.018375
vn 0.057175 -0.991405 0.117675
vn 0.140409 -0.977865 0.155130
vn 0.135500 -0.978237 0.157135
vn 0.052640 -0.991311 0.120543
vn -0.055018 -0.998200 0.023873
vn -0.041860 -0.999053 0.011872
vn -0.071701 -0.997359 0.011593
vn -0.072859 -0.997059 0.023764
vn -0.275264 -0.957164 0.089811
vn -0.144163 -0.988696 0.041201
vn -0.127815 -0.990428 0.052120
vn -0.248906 -0.962447 0.108361
vn -0.182699 -0.974927 0.127035
vn -0.098073 -0.993292 0.061254
vn -0.073751 -0.995307 0.062655
vn -0.072912 -0.988484 0.132604
vn -0.345996 -0.937605 -0.034393
vn -0.333171 -0.941520 -0.050375
vn -0.322362 -0.946428 -0.018909
vn -0.329610 -0.944082 -0.008162
vn -0.376509 -0.925161 -0.048152
vn -0.352582 -0.932838 -0.074152
vn -0.345875 -0.936038 -0.064831
vn -0.364360 -0.930231 -0.043732
vn -0.376919 -0.692522 0.615098
vn -0.349540 -0.438633 0.827902
vn -0.341988 -0.256229 0.904097
vn -0.395633 -0.564775 0.724226
vn -0.341988 -0.256229 0.904097
vn -0.349540 -0.438633 0.827902
vn -0.237242 -0.475970 0.846858
vn -0.227344 -0.286848 0.930609
vn -0.311723 -0.949880 0.023601
vn -0.309937 -0.950577 0.018523
vn -0.299607 -0.952357 0.057026
vn -0.299659 -0.952137 0.060331
vn -0.355120 -0.933034 -0.057763
vn -0.358743 -0.930895 -0.068831
vn -0.389059 -0.920437 -0.037795
vn -0.386582 -0.921870 -0.026662
vn -0.325753 -0.945031 -0.028313
vn -0.342235 -0.938492 -0.045925
vn -0.374956 -0.926924 -0.014846
vn -0.359128 -0.933285 0.002352
vn -0.289585 -0.956096 0.044964
vn -0.253284 -0.967352 0.008796
vn -0.280798 -0.959766 -0.000876
vn -0.315567 -0.948361 0.032071
vn -0.059255 -0.997979 0.022942
vn -0.068040 -0.997315 0.027082
vn -0.088895 -0.995510 0.032525
vn -0.055071 -0.995884 0.071992
vn -0.159955 -0.986717 0.028346
vn -0.147672 -0.988624 0.028550
vn -0.249199 -0.966627 0.059429
vn -0.275869 -0.958751 0.068509
vn -0.241002 -0.968362 0.064760
vn -0.125408 -0.991671 0.029350
vn -0.136464 -0.990052 0.034265
vn -0.261585 -0.962233 0.075371
vn -0.044610 -0.998898 0.014565
vn -0.047859 -0.998622 0.021536
vn -0.065877 -0.997623 0.020203
vn -0.068817 -0.997534 0.013819
vn -0.223129 -0.971934 0.074548
vn -0.173224 -0.984704 0.018751
vn -0.213454 -0.976880 0.011979
vn -0.256828 -0.964776 0.056988
vn -0.306593 -0.917306 0.254068
vn -0.322493 -0.881008 0.346156
vn -0.342865 -0.845893 0.408545
vn -0.321256 -0.900565 0.292877
vn 0.078544 -0.917863 -0.389049
vn 0.055265 -0.907048 -0.417384
vn 0.043414 -0.923876 -0.380222
vn 0.067088 -0.930352 -0.360479
vn 0.043414 -0.923876 -0.380222
vn 0.055265 -0.907048 -0.417384
vn 0.034265 -0.885336 -0.463688
vn 0.023241 -0.906042 -0.422550
vn 0.038675 -0.966844 -0.252422
vn 0.101100 -0.946510 -0.306427
vn 0.091140 -0.943515 -0.318549
vn 0.031440 -0.961508 -0.272971
vn 0.014884 -0.955574 -0.294374
vn 0.067569 -0.940823 -0.332094
vn 0.051120 -0.935817 -0.348760
vn 0.002047 -0.949197 -0.314677
vn 0.016480 -0.925496 -0.378400
vn 0.001223 -0.920259 -0.391308
vn -0.039706 -0.931111 -0.362568
vn -0.026571 -0.936839 -0.348750
vn -0.011813 -0.917294 -0.398035
vn -0.015747 -0.914516 -0.404244
vn -0.050449 -0.924481 -0.377876
vn -0.049978 -0.927513 -0.370434
vn -0.015340 -0.932204 -0.361608
vn -0.000342 -0.925948 -0.377650
vn 0.018886 -0.930930 -0.364709
vn 0.006626 -0.936208 -0.351384
vn -0.039829 -0.925210 -0.377361
vn -0.015660 -0.916785 -0.399075
vn -0.011170 -0.921013 -0.389371
vn -0.030345 -0.928361 -0.370440
vn 0.102118 -0.929034 -0.355624
vn 0.097119 -0.923409 -0.371327
vn 0.086192 -0.932135 -0.351704
vn 0.092344 -0.935211 -0.341839
vn 0.027988 -0.940208 -0.339450
vn 0.037987 -0.935975 -0.350010
vn 0.058903 -0.937570 -0.342773
vn 0.050016 -0.941221 -0.334067
vn -0.071701 -0.997359 0.011593
vn -0.101435 -0.994781 0.010992
vn -0.090063 -0.995662 0.023358
vn -0.072859 -0.997059 0.023764
vn -0.073751 -0.995307 0.062655
vn -0.047909 -0.997032 0.060266
vn 0.040523 -0.991278 0.125405
vn -0.072912 -0.988484 0.132604
vn -0.014846 -0.998660 0.049585
vn 0.004374 -0.999335 0.036190
vn 0.143132 -0.986235 0.082787
vn 0.112527 -0.988147 0.104415
vn 0.328206 -0.940758 -0.085175
vn 0.314557 -0.943734 -0.102083
vn 0.325438 -0.938598 -0.114558
vn 0.344665 -0.934179 -0.092281
vn 0.237310 -0.482632 0.843060
vn 0.355639 -0.459920 0.813630
vn 0.362143 -0.269684 0.892257
vn 0.243109 -0.290652 0.925429
vn 0.292154 -0.955947 -0.028490
vn 0.289176 -0.956651 -0.034584
vn 0.303349 -0.950148 -0.072099
vn 0.311681 -0.948271 -0.060311
vn 0.326980 -0.937675 -0.117689
vn 0.315667 -0.942135 -0.112854
vn 0.347270 -0.934321 -0.080299
vn 0.354934 -0.930771 -0.087673
vn 0.259755 -0.963632 -0.062773
vn 0.234764 -0.971158 -0.041699
vn 0.270130 -0.962766 -0.010517
vn 0.295306 -0.954895 -0.031159
vn 0.202807 -0.978770 -0.029629
vn 0.168546 -0.985532 -0.017884
vn 0.206255 -0.978323 0.018499
vn 0.239360 -0.970924 0.003785
vn -0.025593 -0.999399 0.023383
vn -0.049811 -0.998521 0.021782
vn -0.059255 -0.997979 0.022942
vn -0.055071 -0.995884 0.071992
vn -0.065877 -0.997623 0.020203
vn -0.084102 -0.996281 0.018729
vn -0.093065 -0.995578 0.012803
vn -0.068817 -0.997534 0.013819
vn 0.000950 -0.999642 0.026749
vn -0.006817 -0.999806 0.018463
vn 0.113491 -0.992276 0.050090
vn 0.132466 -0.989044 0.065145
vn 0.136494 -0.989950 0.036986
vn 0.030876 -0.999446 0.012397
vn 0.051545 -0.998604 0.011577
vn 0.176996 -0.983216 0.044247
vn 0.119077 -0.992781 -0.014411
vn 0.069557 -0.997557 -0.006532
vn 0.122017 -0.991282 0.049722
vn 0.164124 -0.985956 0.030891
vn 0.362680 -0.715922 0.596590
vn 0.289179 -0.900290 0.325353
vn 0.315956 -0.864023 0.391965
vn 0.394127 -0.585535 0.708388
vn 0.252613 -0.955711 0.151005
vn 0.246930 -0.959397 0.136322
vn 0.253981 -0.962928 0.090902
vn 0.256984 -0.961311 0.099194
vn -0.118714 -0.872263 -0.474410
vn -0.138974 -0.890701 -0.432827
vn -0.125607 -0.910145 -0.394789
vn -0.107266 -0.894534 -0.433940
vn -0.171708 -0.927437 -0.332231
vn -0.186310 -0.930475 -0.315443
vn -0.125503 -0.956275 -0.264174
vn -0.113722 -0.950496 -0.289178
vn -0.070563 -0.909580 -0.409494
vn -0.096619 -0.914913 -0.391918
vn -0.052008 -0.930685 -0.362107
vn -0.027232 -0.924402 -0.380446
vn -0.119489 -0.920616 -0.371737
vn -0.142340 -0.925571 -0.350797
vn -0.091286 -0.944612 -0.315238
vn -0.071440 -0.938028 -0.339117
vn -0.004471 -0.894078 -0.447890
vn -0.016259 -0.894359 -0.447055
vn 0.019935 -0.907219 -0.420186
vn 0.026540 -0.905712 -0.423062
vn 0.000650 -0.910589 -0.413313
vn -0.015328 -0.902780 -0.429830
vn -0.004243 -0.897956 -0.440064
vn 0.016342 -0.907178 -0.420429
vn -0.158265 -0.900381 -0.405298
vn -0.170722 -0.905443 -0.388622
vn -0.157852 -0.916679 -0.367128
vn -0.144968 -0.915361 -0.375630
vn -0.147551 -0.920587 -0.361591
vn -0.157866 -0.914166 -0.373335
vn -0.138970 -0.916165 -0.375937
vn -0.129049 -0.921822 -0.365500
vn -0.051780 -0.919050 -0.390725
vn -0.062744 -0.913509 -0.401950
vn -0.037773 -0.907982 -0.417302
vn -0.024511 -0.914676 -0.403443
vn -0.036168 -0.998673 -0.036671
vn -0.021236 -0.998123 -0.057440
vn -0.051995 -0.996982 -0.057656
vn -0.052864 -0.997931 -0.036598
vn -0.121624 -0.992562 -0.005315
vn -0.143813 -0.989314 -0.023973
vn -0.051312 -0.997463 -0.049344
vn -0.052308 -0.997977 -0.036141
vn -0.053584 -0.998518 0.009558
vn -0.083934 -0.996441 0.007750
vn -0.036168 -0.998673 -0.036671
vn -0.052864 -0.997931 -0.036598
vn -0.350001 -0.936375 -0.026474
vn -0.347952 -0.937511 0.001335
vn -0.372642 -0.927350 0.034066
vn -0.381275 -0.924374 0.012721
vn -0.451663 -0.487268 0.747376
vn -0.354720 -0.026816 0.934588
vn -0.311764 0.141330 0.939590
vn -0.448178 -0.315838 0.836291
vn -0.340747 -0.933300 0.113327
vn -0.336301 -0.930240 0.146818
vn -0.346194 -0.923865 0.163169
vn -0.352202 -0.926722 0.130923
vn -0.398118 -0.916727 -0.033376
vn -0.355581 -0.931240 -0.079717
vn -0.367409 -0.926936 -0.076158
vn -0.409994 -0.911647 -0.028360
vn -0.282863 -0.955965 -0.078233
vn -0.311793 -0.947049 -0.076701
vn -0.352748 -0.935092 -0.034229
vn -0.325218 -0.945017 -0.034297
vn -0.042522 -0.996473 -0.072347
vn -0.054455 -0.995604 -0.076213
vn -0.041845 -0.995918 -0.079981
vn -0.044549 -0.996241 -0.074290
vn -0.131416 -0.988889 -0.069489
vn -0.141977 -0.987030 -0.074928
vn -0.083870 -0.993211 -0.080607
vn -0.068373 -0.994726 -0.076458
vn -0.135127 -0.989887 -0.043180
vn -0.119786 -0.990918 -0.061099
vn -0.052457 -0.996089 -0.071092
vn -0.052593 -0.996736 -0.061247
vn -0.025430 -0.997500 -0.065935
vn -0.030698 -0.997084 -0.069870
vn -0.047223 -0.996354 -0.071053
vn -0.049628 -0.996544 -0.066605
vn -0.126505 -0.988757 -0.079727
vn -0.167264 -0.982602 -0.080722
vn -0.225035 -0.974203 -0.016942
vn -0.175038 -0.984415 -0.017007
vn -0.374025 -0.871597 0.316897
vn -0.401165 -0.809221 0.429218
vn -0.428899 -0.741659 0.515740
vn -0.399871 -0.835022 0.377944
vn 0.019366 -0.899950 -0.435563
vn 0.009092 -0.911726 -0.410699
vn 0.038370 -0.926487 -0.374365
vn 0.046758 -0.919878 -0.389408
vn 0.153828 -0.896958 -0.414492
vn 0.128979 -0.911593 -0.390338
vn 0.115610 -0.910548 -0.396909
vn 0.138126 -0.893972 -0.426305
vn 0.058754 -0.907875 -0.415104
vn 0.037704 -0.916291 -0.398736
vn 0.060536 -0.916191 -0.396144
vn 0.082045 -0.907098 -0.412847
vn -0.034212 -0.922624 -0.384181
vn -0.015685 -0.919640 -0.392450
vn 0.009643 -0.910384 -0.413652
vn -0.008799 -0.913587 -0.406549
vn -0.016782 -0.943689 -0.330409
vn -0.020211 -0.946122 -0.323178
vn -0.026407 -0.940796 -0.337944
vn -0.016767 -0.936230 -0.350988
vn 0.067019 -0.932233 -0.355599
vn 0.061662 -0.934533 -0.350493
vn 0.067426 -0.941950 -0.328913
vn 0.069750 -0.941877 -0.328638
vn 0.030459 -0.956448 -0.290309
vn 0.034314 -0.954456 -0.296372
vn 0.019939 -0.954313 -0.298144
vn 0.016492 -0.955675 -0.293961
vn -0.051995 -0.996982 -0.057656
vn -0.082372 -0.994916 -0.057942
vn -0.068900 -0.996940 -0.036932
vn -0.052864 -0.997931 -0.036598
vn -0.068900 -0.996940 -0.036932
vn -0.022084 -0.999734 0.006588
vn -0.053584 -0.998518 0.009558
vn -0.052864 -0.997931 -0.036598
vn -0.051544 -0.997349 -0.051360
vn 0.042696 -0.998667 -0.029003
vn 0.018251 -0.999800 -0.008204
vn -0.051619 -0.997974 -0.037209
vn 0.366105 -0.930573 -0.000627
vn 0.341841 -0.939160 -0.033525
vn 0.341685 -0.937835 -0.060962
vn 0.372220 -0.927894 -0.021554
vn 0.254152 -0.099091 0.962075
vn 0.383042 -0.065474 0.921408
vn 0.350631 0.098880 0.931279
vn 0.229348 0.075611 0.970403
vn 0.336653 -0.931431 0.138206
vn 0.326247 -0.937398 0.121850
vn 0.333202 -0.939073 0.084373
vn 0.344831 -0.933111 0.101955
vn 0.378197 -0.924075 -0.055251
vn 0.335688 -0.936111 -0.104932
vn 0.327145 -0.938905 -0.106930
vn 0.369785 -0.927265 -0.058643
vn 0.350681 -0.934459 -0.061724
vn 0.307552 -0.945318 -0.108559
vn 0.282795 -0.953545 -0.103824
vn 0.325820 -0.943592 -0.058948
vn 0.220042 -0.970483 -0.098711
vn 0.183509 -0.978062 -0.098588
vn 0.228262 -0.972190 -0.052370
vn 0.263463 -0.963134 -0.054401
vn -0.041845 -0.995918 -0.079981
vn -0.028943 -0.996345 -0.080371
vn -0.046536 -0.996082 -0.075194
vn -0.044549 -0.996241 -0.074290
vn -0.047223 -0.996354 -0.071053
vn -0.063974 -0.995343 -0.072107
vn -0.073741 -0.995007 -0.067250
vn -0.049628 -0.996544 -0.066605
vn -0.042533 -0.996195 -0.076075
vn 0.024579 -0.997252 -0.069894
vn 0.037309 -0.998058 -0.049880
vn -0.046206 -0.996841 -0.064592
vn 0.000287 -0.996073 -0.088530
vn 0.057681 -0.994517 -0.087228
vn 0.041821 -0.995894 -0.080289
vn -0.020861 -0.996341 -0.082877
vn 0.151126 -0.987949 -0.033425
vn 0.092107 -0.990957 -0.097571
vn 0.049148 -0.994361 -0.093971
vn 0.100023 -0.994531 -0.030060
vn 0.451998 -0.513831 0.729160
vn 0.381776 -0.826113 0.414470
vn 0.414052 -0.761210 0.499120
vn 0.458978 -0.350808 0.816255
vn 0.352989 -0.886539 0.299077
vn 0.318557 -0.926500 0.200296
vn 0.336096 -0.912818 0.231955
vn 0.382231 -0.851199 0.359666
vn -0.082391 -0.896987 -0.434311
vn -0.072627 -0.907569 -0.413574
vn -0.049273 -0.885516 -0.461988
vn -0.058115 -0.870450 -0.488814
vn -0.173244 -0.899880 -0.400253
vn -0.185330 -0.899122 -0.396525
vn -0.210446 -0.882308 -0.421006
vn -0.196196 -0.880797 -0.430933
vn -0.158154 -0.892280 -0.422876
vn -0.138298 -0.902790 -0.407239
vn -0.110624 -0.903716 -0.413594
vn -0.130903 -0.893724 -0.429094
vn 0.008130 -0.910388 -0.413676
vn 0.021746 -0.913041 -0.407289
vn -0.005124 -0.901874 -0.431968
vn -0.017702 -0.899685 -0.436181
vn -0.047897 -0.906285 -0.419944
vn -0.017334 -0.907470 -0.419760
vn -0.041638 -0.897058 -0.439947
vn -0.070380 -0.896331 -0.437764
vn 0.025231 -0.928306 -0.370961
vn 0.020248 -0.934661 -0.354964
vn 0.013825 -0.930812 -0.365236
vn 0.013310 -0.922308 -0.386226
vn -0.114544 -0.926983 -0.357186
vn -0.107202 -0.930455 -0.350372
vn -0.093476 -0.921851 -0.376103
vn -0.102390 -0.915074 -0.390071
vn -0.092246 -0.944736 -0.314586
vn -0.091948 -0.943687 -0.317806
vn -0.104451 -0.937853 -0.330942
vn -0.108504 -0.936882 -0.332384
vn -0.029963 -0.946882 -0.320183
vn -0.049093 -0.948511 -0.312917
vn -0.046064 -0.950127 -0.308441
vn -0.027919 -0.947599 -0.318240
vn -0.226051 -0.972163 0.061651
vn -0.189338 -0.979827 0.063962
vn -0.173969 -0.982148 0.071560
vn -0.215115 -0.974131 0.069246
vn -0.243137 -0.969092 0.041771
vn -0.224363 -0.973484 0.044610
vn -0.211437 -0.975836 0.055119
vn -0.236918 -0.970096 0.052752
vn -0.168777 -0.967077 -0.190464
vn -0.162493 -0.973218 -0.162613
vn -0.099802 -0.970769 -0.218282
vn -0.114238 -0.964581 -0.237768
vn -0.099802 -0.970769 -0.218282
vn -0.162493 -0.973218 -0.162613
vn -0.147208 -0.977942 -0.148188
vn -0.077829 -0.974363 -0.211091
vn -0.156877 -0.984563 0.077628
vn -0.113287 -0.990484 0.078146
vn -0.109100 -0.991215 0.074762
vn -0.150126 -0.985850 0.074585
vn -0.102201 -0.992317 0.069732
vn -0.099393 -0.992783 0.067104
vn -0.132886 -0.988831 0.067495
vn -0.138199 -0.987925 0.070035
vn -0.116885 -0.991429 0.058363
vn -0.087981 -0.994401 0.058541
vn -0.076861 -0.995844 0.048855
vn -0.102774 -0.993707 0.044541
vn -0.093330 -0.993628 0.063193
vn -0.087981 -0.994401 0.058541
vn -0.116885 -0.991429 0.058363
vn -0.124823 -0.990141 0.063556
vn -0.082373 -0.959554 -0.269203
vn -0.109335 -0.966737 -0.231226
vn -0.128545 -0.962533 -0.238760
vn -0.095201 -0.956006 -0.277469
vn -0.090001 -0.973596 -0.209788
vn -0.109335 -0.966737 -0.231226
vn -0.082373 -0.959554 -0.269203
vn -0.069946 -0.966635 -0.246425
vn -0.022136 -0.983121 -0.181615
vn -0.062232 -0.979293 -0.192645
vn -0.048989 -0.972563 -0.227423
vn -0.015175 -0.977252 -0.211539
vn -0.180293 -0.983550 -0.011095
vn -0.205275 -0.978703 -0.001702
vn -0.235835 -0.971623 0.018188
vn -0.207533 -0.978187 0.008998
vn -0.840217 -0.290775 -0.457695
vn -0.805481 -0.406542 -0.431190
vn -0.801858 -0.397802 -0.445844
vn -0.835381 -0.282787 -0.471349
vn -0.868519 -0.420788 -0.261938
vn -0.845220 -0.414494 -0.337340
vn -0.883049 -0.299094 -0.361617
vn -0.909218 -0.304836 -0.283546
vn -0.662160 -0.194962 0.723557
vn -0.646486 -0.319057 0.693007
vn -0.645424 -0.317468 0.694724
vn -0.661368 -0.192277 0.724997
vn -0.947117 -0.258477 -0.190155
vn -0.930252 -0.315428 -0.187447
vn -0.949879 -0.311783 -0.022841
vn -0.966359 -0.255747 -0.027254
vn -0.832513 -0.258745 -0.489871
vn -0.811432 -0.323204 -0.486946
vn -0.884308 -0.319178 -0.340770
vn -0.903137 -0.258320 -0.342949
vn 0.635635 -0.505727 0.583274
vn 0.549683 -0.494155 0.673542
vn 0.578406 -0.314927 0.752508
vn 0.679482 -0.324885 0.657840
vn 0.769738 -0.490312 0.408776
vn 0.706279 -0.503013 0.498145
vn 0.763501 -0.320940 0.560414
vn 0.836662 -0.305846 0.454373
vn -0.600081 -0.256253 -0.757784
vn -0.578364 -0.323445 -0.748918
vn -0.707737 -0.324561 -0.627510
vn -0.729892 -0.258279 -0.632890
vn -0.319287 -0.243850 -0.915747
vn -0.302851 -0.314166 -0.899767
vn -0.440403 -0.319345 -0.839085
vn -0.460244 -0.250578 -0.851696
vn 0.200073 -0.356157 0.912756
vn 0.074360 -0.265229 0.961314
vn 0.068393 -0.124526 0.989856
vn 0.193975 -0.190177 0.962396
vn 0.446044 -0.475338 0.758353
vn 0.325114 -0.430539 0.841984
vn 0.326361 -0.250564 0.911431
vn 0.459387 -0.292586 0.838664
vn -0.048411 -0.232842 -0.971309
vn -0.042658 -0.303518 -0.951870
vn -0.170693 -0.308718 -0.935712
vn -0.181966 -0.238361 -0.953977
vn 0.213663 -0.225644 -0.950491
vn 0.208269 -0.299685 -0.931028
vn 0.084017 -0.301544 -0.949743
vn 0.084046 -0.229316 -0.969717
vn -0.232571 -0.104738 0.966923
vn -0.314795 -0.126915 0.940636
vn -0.319303 -0.066245 0.945334
vn -0.236149 -0.038723 0.970945
vn -0.042734 -0.174063 0.983807
vn -0.142203 -0.104114 0.984347
vn -0.145113 -0.026248 0.989067
vn -0.046702 -0.067292 0.996640
vn -0.663581 -0.234569 0.710379
vn -0.660846 -0.288800 0.692731
vn -0.631215 -0.289702 0.719472
vn -0.632766 -0.238753 0.736617
vn 0.712047 -0.486950 -0.505834
vn 0.745268 -0.470359 -0.472587
vn 0.793495 -0.356199 -0.493446
vn 0.758346 -0.383670 -0.526980
vn -0.711128 -0.225254 0.666001
vn -0.706038 -0.282577 0.649354
vn -0.685610 -0.285170 0.669789
vn -0.689504 -0.229399 0.686994
vn -0.745188 -0.226115 0.627349
vn -0.736966 -0.282357 0.614130
vn -0.722686 -0.282172 0.630955
vn -0.729189 -0.225433 0.646114
vn 0.857316 -0.371711 -0.356145
vn 0.890761 -0.335433 -0.306644
vn 0.928039 -0.186465 -0.322452
vn 0.898495 -0.230743 -0.373449
vn -0.778347 -0.238954 0.580584
vn -0.765468 -0.294018 0.572374
vn -0.748293 -0.288468 0.597364
vn -0.758723 -0.232851 0.608375
vn -0.854577 -0.307973 0.418151
vn -0.822400 -0.307024 0.478951
vn -0.840568 -0.250296 0.480413
vn -0.873891 -0.251630 0.415930
vn 0.986356 -0.162999 -0.023072
vn 0.938998 -0.343801 -0.009154
vn 0.923717 -0.375720 0.074707
vn 0.979485 -0.190455 0.065857
vn 0.914259 -0.322934 -0.244629
vn 0.934569 -0.310733 -0.173281
vn 0.971192 -0.144504 -0.189484
vn 0.951129 -0.165133 -0.260932
vn -0.917315 -0.308490 0.251727
vn -0.886055 -0.309288 0.345324
vn -0.905557 -0.253205 0.340372
vn -0.935825 -0.252883 0.245522
vn -0.949879 -0.311783 -0.022841
vn -0.941956 -0.309132 0.130981
vn -0.959065 -0.254084 0.125046
vn -0.966359 -0.255747 -0.027254
vn 0.893105 -0.282129 0.350381
vn 0.821184 -0.470161 0.323427
vn 0.769738 -0.490312 0.408776
vn 0.836662 -0.305846 0.454373
vn 0.963679 -0.216353 0.156567
vn 0.900351 -0.405562 0.157761
vn 0.865818 -0.439780 0.238647
vn 0.935091 -0.251103 0.250104
vn 0.445388 -0.214652 -0.869226
vn 0.430378 -0.291253 -0.854369
vn 0.328143 -0.295221 -0.897311
vn 0.338635 -0.220022 -0.914832
vn 0.601123 -0.284448 -0.746820
vn 0.561499 -0.285955 -0.776498
vn 0.585208 -0.204743 -0.784610
vn 0.628552 -0.203312 -0.750724
vn 0.585208 -0.204743 -0.784610
vn 0.561499 -0.285955 -0.776498
vn 0.506277 -0.288011 -0.812855
vn 0.525689 -0.209199 -0.824553
vn -0.565515 -0.278878 0.776157
vn -0.634103 -0.320579 0.703663
vn -0.637880 -0.262181 0.724134
vn -0.568982 -0.220636 0.792199
vn -0.637880 -0.262181 0.724134
vn -0.634103 -0.320579 0.703663
vn -0.686387 -0.336870 0.644509
vn -0.690517 -0.278009 0.667755
vn -0.400317 -0.180810 0.898362
vn -0.485385 -0.243572 0.839687
vn -0.489191 -0.183028 0.852756
vn -0.404977 -0.121404 0.906231
vn 0.644342 -0.297022 -0.704699
vn 0.629615 -0.283296 -0.723415
vn 0.659982 -0.202112 -0.723584
vn 0.677443 -0.214113 -0.703723
vn -0.727301 -0.297956 0.618268
vn -0.721964 -0.358855 0.591601
vn -0.745168 -0.365180 0.558004
vn -0.751794 -0.297317 0.588565
vn 0.512062 -0.483542 -0.709915
vn 0.608275 -0.408712 -0.680409
vn 0.635348 -0.341875 -0.692426
vn 0.531943 -0.432225 -0.728161
vn 0.635348 -0.341875 -0.692426
vn 0.608275 -0.408712 -0.680409
vn 0.642744 -0.357987 -0.677293
vn 0.674313 -0.281958 -0.682497
vn -0.020770 -0.592259 -0.805480
vn 0.303477 -0.572788 -0.761457
vn 0.313027 -0.536579 -0.783643
vn -0.019125 -0.558102 -0.829552
vn -0.767948 -0.377704 0.517297
vn -0.776459 -0.381376 0.501661
vn -0.791049 -0.288816 0.539283
vn -0.779287 -0.293777 0.553540
vn -0.791049 -0.288816 0.539283
vn -0.776459 -0.381376 0.501661
vn -0.790028 -0.384067 0.477858
vn -0.809200 -0.281460 0.515728
vn -0.906350 -0.422049 0.020116
vn -0.901096 -0.433170 -0.019757
vn -0.950158 -0.309824 -0.034775
vn -0.955170 -0.295967 0.007297
vn -0.946053 -0.263548 0.188484
vn -0.898963 -0.396179 0.186839
vn -0.905819 -0.403424 0.129391
vn -0.953881 -0.272663 0.125560
vn -0.877810 -0.396065 0.269409
vn -0.881570 -0.396064 0.256842
vn -0.927158 -0.263069 0.266782
vn -0.922514 -0.263552 0.281972
vn -0.927158 -0.263069 0.266782
vn -0.881570 -0.396064 0.256842
vn -0.889319 -0.395741 0.229131
vn -0.935662 -0.262931 0.235382
vn -0.892416 -0.432373 -0.129026
vn -0.884880 -0.426848 -0.186515
vn -0.928196 -0.310092 -0.205657
vn -0.937886 -0.314556 -0.146369
vn -0.898486 -0.435924 -0.051893
vn -0.894450 -0.439111 -0.084505
vn -0.942067 -0.319894 -0.100886
vn -0.946770 -0.314704 -0.067739
vn -0.830999 -0.388866 0.397773
vn -0.851915 -0.391368 0.347953
vn -0.888319 -0.264722 0.375249
vn -0.861578 -0.269176 0.430381
vn -0.814845 -0.342646 0.467569
vn -0.748948 -0.343806 0.566457
vn -0.772342 -0.221288 0.595415
vn -0.841560 -0.223540 0.491739
vn -0.940976 -0.247382 -0.231012
vn -0.934303 -0.355534 0.025947
vn -0.969970 -0.241381 0.029906
vn -0.848630 -0.273428 -0.452840
vn -0.815515 -0.386673 -0.430603
vn -0.852335 -0.372087 -0.367527
vn -0.885865 -0.259950 -0.384277
vn -0.430855 -0.257851 0.864799
vn -0.433316 -0.291629 0.852754
vn -0.408499 -0.291363 0.865006
vn -0.405990 -0.260172 0.876061
vn 0.598782 -0.499886 -0.625759
vn 0.607314 -0.506339 -0.612202
vn 0.635062 -0.447324 -0.629759
vn 0.623625 -0.446258 -0.641831
vn 0.070804 -0.997470 -0.006414
vn 0.083956 -0.995295 -0.048374
vn 0.078654 -0.995682 -0.049305
vn 0.063275 -0.997959 -0.008619
vn 0.037131 -0.994578 0.097140
vn 0.059504 -0.997260 0.043957
vn 0.049457 -0.997956 0.040465
vn 0.023763 -0.995378 0.093052
vn -0.126638 -0.976724 0.173125
vn -0.097341 -0.980443 0.171043
vn -0.063555 -0.980847 0.184120
vn -0.089727 -0.978802 0.184106
vn -0.232936 -0.963124 0.134660
vn -0.176372 -0.973542 0.145288
vn -0.218795 -0.963820 0.152248
vn -0.284127 -0.947664 0.145621
vn 0.042792 -0.984811 -0.168275
vn 0.012498 -0.985039 -0.171880
vn 0.014429 -0.980269 -0.197139
vn 0.041671 -0.981265 -0.188104
vn 0.088105 -0.983280 -0.159368
vn 0.065946 -0.984337 -0.163498
vn 0.062314 -0.982045 -0.178060
vn 0.083176 -0.981942 -0.169919
vn -0.274712 -0.957924 0.083159
vn -0.278794 -0.953070 0.118036
vn -0.337295 -0.931840 0.133813
vn -0.351868 -0.929288 0.112306
vn 0.005385 -0.990128 0.140063
vn 0.022182 -0.989266 0.144434
vn 0.037131 -0.994578 0.097140
vn 0.023763 -0.995378 0.093052
vn -0.055217 -0.981450 0.183594
vn -0.032495 -0.982018 0.185968
vn -0.006369 -0.984718 0.174041
vn -0.026271 -0.985013 0.170466
vn 0.110017 -0.984044 -0.139836
vn 0.102829 -0.982950 -0.152432
vn 0.096982 -0.982522 -0.158889
vn 0.104255 -0.984125 -0.143631
vn 0.097191 -0.991356 -0.088136
vn 0.106262 -0.987257 -0.118460
vn 0.101207 -0.987655 -0.119564
vn 0.091940 -0.991775 -0.089045
vn 0.619854 -0.519006 -0.588569
vn 0.593145 -0.510420 -0.622616
vn 0.609788 -0.474351 -0.634941
vn -0.098522 -0.952981 -0.286566
vn -0.137178 -0.959107 -0.247580
vn -0.154887 -0.959469 -0.235433
vn -0.111689 -0.954857 -0.275269
vn 0.015965 -0.997119 0.074155
vn 0.038800 -0.997009 0.066841
vn 0.078628 -0.994861 0.063787
vn 0.060145 -0.995648 0.071187
vn 0.070937 -0.995788 0.058091
vn 0.094475 -0.994376 0.047867
vn 0.116932 -0.992173 0.043824
vn 0.100037 -0.993470 0.054869
vn 0.094249 -0.974823 -0.202084
vn 0.103563 -0.975766 -0.192756
vn 0.077866 -0.981404 -0.175452
vn 0.076193 -0.980024 -0.183704
vn -0.062765 -0.995293 0.073837
vn -0.060190 -0.995154 0.077757
vn -0.015648 -0.996919 0.076864
vn -0.020923 -0.997083 0.073407
vn -0.069574 -0.996732 0.041048
vn -0.062508 -0.996623 0.053247
vn -0.032009 -0.998021 0.054127
vn -0.036103 -0.998594 0.038820
vn -0.032009 -0.998021 0.054127
vn -0.062508 -0.996623 0.053247
vn -0.063061 -0.996238 0.059444
vn -0.030273 -0.997725 0.060238
vn -0.028225 -0.997500 0.064790
vn -0.062505 -0.995981 0.064157
vn -0.063865 -0.995664 0.067640
vn -0.027127 -0.997318 0.067984
vn 0.059904 -0.961174 -0.269361
vn 0.074335 -0.952591 -0.295032
vn 0.092257 -0.959212 -0.267208
vn 0.072376 -0.967375 -0.242790
vn 0.092257 -0.959212 -0.267208
vn 0.074335 -0.952591 -0.295032
vn 0.085690 -0.949101 -0.303092
vn 0.108585 -0.955203 -0.275313
vn -0.020559 -0.971646 -0.235543
vn 0.029855 -0.968004 -0.249153
vn 0.037647 -0.973862 -0.223999
vn -0.016700 -0.976729 -0.213825
vn 0.009181 -0.999504 -0.030140
vn 0.088383 -0.994471 -0.056708
vn 0.056562 -0.998321 0.012527
vn -0.004528 -0.999921 0.011691
vn -0.007411 -0.999925 -0.009756
vn 0.007748 -0.999936 -0.008243
vn -0.006832 -0.999920 -0.010659
vn -0.018292 -0.999760 -0.012091
vn 0.064099 -0.997917 -0.007343
vn 0.086236 -0.996271 0.002872
vn 0.015321 -0.999883 -0.000270
vn 0.009161 -0.999921 -0.008634
vn 0.788577 -0.463903 -0.403660
vn 0.812803 -0.468201 -0.346612
vn 0.862167 -0.344117 -0.371821
vn 0.836579 -0.339085 -0.430299
vn 0.769011 -0.448425 -0.455562
vn 0.771796 -0.458291 -0.440794
vn 0.818553 -0.333156 -0.467952
vn 0.814601 -0.323529 -0.481408
vn 0.647788 -0.220394 0.729244
vn 0.620387 -0.348798 0.702467
vn 0.619976 -0.351597 0.701433
vn 0.647571 -0.223381 0.728528
vn 0.821242 -0.272477 -0.501316
vn 0.799128 -0.330317 -0.502279
vn 0.699609 -0.330402 -0.633547
vn 0.723076 -0.269642 -0.635967
vn 0.935289 -0.275984 -0.221513
vn 0.917584 -0.329227 -0.222823
vn 0.870192 -0.329779 -0.366077
vn 0.890167 -0.274078 -0.363984
vn -0.680918 -0.475414 0.557074
vn -0.746517 -0.464647 0.476252
vn -0.789140 -0.283852 0.544689
vn -0.709899 -0.293763 0.640115
vn -0.486317 -0.464204 0.740278
vn -0.595666 -0.472494 0.649563
vn -0.608602 -0.290099 0.738543
vn -0.482693 -0.276597 0.830964
vn 0.307817 -0.247790 -0.918612
vn 0.290256 -0.313349 -0.904193
vn 0.145506 -0.307930 -0.940217
vn 0.159506 -0.239198 -0.957780
vn 0.597209 -0.264893 -0.757082
vn 0.574088 -0.328124 -0.750172
vn 0.435053 -0.321604 -0.841011
vn 0.455845 -0.257125 -0.852110
vn -0.208097 -0.354744 0.911511
vn -0.351828 -0.426784 0.833110
vn -0.336624 -0.241640 0.910107
vn -0.188000 -0.183845 0.964809
vn 0.063409 -0.175604 0.982417
vn -0.065495 -0.265866 0.961783
vn -0.049743 -0.121143 0.991388
vn 0.072304 -0.067724 0.995081
vn -0.258422 -0.218399 -0.941021
vn -0.256390 -0.294172 -0.920721
vn -0.371488 -0.285113 -0.883576
vn -0.379764 -0.207966 -0.901404
vn 0.014136 -0.230284 -0.973021
vn 0.004258 -0.302322 -0.953196
vn -0.130477 -0.298095 -0.945577
vn -0.126380 -0.224313 -0.966288
vn 0.256062 -0.114462 0.959860
vn 0.167094 -0.109903 0.979796
vn 0.172010 -0.031941 0.984577
vn 0.260712 -0.049568 0.964143
vn 0.414344 -0.195656 0.888841
vn 0.334113 -0.139755 0.932114
vn 0.338878 -0.081628 0.937283
vn 0.418588 -0.137396 0.897723
vn 0.668144 -0.253601 0.699478
vn 0.663847 -0.308720 0.681175
vn 0.679415 -0.308665 0.665673
vn 0.686760 -0.251641 0.681937
vn 0.616538 -0.261204 0.742734
vn 0.617689 -0.309392 0.723005
vn 0.643473 -0.308398 0.700595
vn 0.645044 -0.256755 0.719719
vn -0.715155 -0.476934 -0.510967
vn -0.672867 -0.493384 -0.551201
vn -0.723006 -0.393217 -0.568016
vn -0.765614 -0.366044 -0.529006
vn -0.805858 -0.423703 -0.413605
vn -0.758405 -0.458499 -0.463250
vn -0.807996 -0.337023 -0.483278
vn -0.850779 -0.292947 -0.436300
vn 0.703129 -0.250266 0.665565
vn 0.692863 -0.309162 0.651429
vn 0.705998 -0.309840 0.636841
vn 0.718643 -0.251772 0.648200
vn 0.843478 -0.279430 0.458763
vn 0.821685 -0.334887 0.461178
vn 0.859728 -0.334029 0.386383
vn 0.881240 -0.278799 0.381690
vn 0.732335 -0.316063 0.603149
vn 0.753436 -0.320994 0.573844
vn 0.772022 -0.266957 0.576815
vn 0.749216 -0.260477 0.608956
vn -0.982495 -0.110109 -0.150266
vn -0.953653 -0.275825 -0.120281
vn -0.937110 -0.290999 -0.192728
vn -0.966032 -0.131695 -0.222348
vn -0.936412 -0.332125 0.113252
vn -0.952143 -0.303234 0.038370
vn -0.991879 -0.126379 0.014304
vn -0.983425 -0.152355 0.098303
vn 0.957768 -0.276959 0.077294
vn 0.940917 -0.328806 0.081001
vn 0.941936 -0.328968 -0.067348
vn 0.958639 -0.276274 -0.068443
vn 0.913706 -0.278339 0.296088
vn 0.893221 -0.333253 0.301824
vn 0.921912 -0.330474 0.202153
vn 0.940454 -0.277155 0.196801
vn -0.884051 -0.393097 0.252841
vn -0.914512 -0.359827 0.184910
vn -0.967308 -0.177196 0.181432
vn -0.941162 -0.210207 0.264625
vn -0.801806 -0.447151 0.396438
vn -0.845519 -0.424177 0.324302
vn -0.903886 -0.240701 0.353629
vn -0.854626 -0.265661 0.446138
vn -0.531203 -0.267478 -0.803915
vn -0.577015 -0.259436 -0.774433
vn -0.598438 -0.181028 -0.780450
vn -0.549004 -0.188980 -0.814175
vn -0.598438 -0.181028 -0.780450
vn -0.577015 -0.259436 -0.774433
vn -0.606921 -0.255321 -0.752635
vn -0.632971 -0.173781 -0.754419
vn -0.371488 -0.285113 -0.883576
vn -0.464714 -0.277529 -0.840844
vn -0.478437 -0.198690 -0.855348
vn -0.379764 -0.207966 -0.901404
vn 0.496067 -0.198908 0.845194
vn 0.492378 -0.259759 0.830716
vn 0.414344 -0.195656 0.888841
vn 0.418588 -0.137396 0.897723
vn 0.677796 -0.365868 0.637756
vn 0.629734 -0.347211 0.694896
vn 0.633654 -0.287261 0.718306
vn 0.682550 -0.305482 0.663933
vn 0.633654 -0.287261 0.718306
vn 0.629734 -0.347211 0.694896
vn 0.566574 -0.300856 0.767124
vn 0.570013 -0.241536 0.785332
vn -0.679443 -0.195427 -0.707224
vn -0.648263 -0.279114 -0.708414
vn -0.642950 -0.328837 -0.691723
vn -0.671339 -0.253445 -0.696470
vn -0.606921 -0.255321 -0.752635
vn -0.628107 -0.251873 -0.736235
vn -0.657720 -0.167219 -0.734467
vn -0.632971 -0.173781 -0.754419
vn 0.717013 -0.327077 0.615559
vn 0.710618 -0.389406 0.585991
vn 0.677796 -0.365868 0.637756
vn 0.682550 -0.305482 0.663933
vn 0.753590 -0.415439 0.509423
vn 0.745007 -0.410106 0.526096
vn 0.756114 -0.333981 0.562803
vn 0.768155 -0.329598 0.548911
vn -0.533475 -0.459088 -0.710382
vn -0.338556 -0.556492 -0.758747
vn -0.344554 -0.522395 -0.779991
vn -0.549438 -0.409213 -0.728466
vn -0.344554 -0.522395 -0.779991
vn -0.338556 -0.556492 -0.758747
vn -0.020770 -0.592259 -0.805480
vn -0.019125 -0.558102 -0.829552
vn -0.640726 -0.315004 -0.700173
vn -0.617361 -0.381160 -0.688173
vn -0.533475 -0.459088 -0.710382
vn -0.549438 -0.409213 -0.728466
vn 0.776019 -0.425335 0.465709
vn 0.762116 -0.421391 0.491538
vn 0.781025 -0.325707 0.532836
vn 0.800464 -0.320041 0.506785
vn 0.931832 -0.359005 -0.052961
vn 0.869808 -0.492060 -0.036214
vn 0.877339 -0.479870 0.000565
vn 0.938752 -0.344324 -0.013651
vn 0.869997 -0.448559 0.204696
vn 0.863449 -0.447976 0.231893
vn 0.920463 -0.307231 0.241573
vn 0.927998 -0.307585 0.210266
vn 0.920463 -0.307231 0.241573
vn 0.863449 -0.447976 0.231893
vn 0.860696 -0.447166 0.243401
vn 0.916228 -0.307751 0.256544
vn 0.882149 -0.458831 0.106240
vn 0.878027 -0.450044 0.162876
vn 0.936967 -0.308749 0.163607
vn 0.942276 -0.319139 0.101319
vn 0.922482 -0.369188 -0.112816
vn 0.861936 -0.498204 -0.094125
vn 0.866528 -0.494908 -0.064773
vn 0.927738 -0.363963 -0.082660
vn 0.908598 -0.358079 -0.215011
vn 0.853356 -0.483918 -0.193925
vn 0.860613 -0.490497 -0.136959
vn 0.918452 -0.363242 -0.156528
vn 0.883260 -0.306142 0.355147
vn 0.838075 -0.438396 0.324715
vn 0.817728 -0.433814 0.378322
vn 0.855706 -0.310137 0.414226
vn 0.647181 -0.207831 0.733459
vn 0.621373 -0.338738 0.706507
vn 0.621093 -0.340940 0.705694
vn 0.647701 -0.210105 0.732352
vn 0.785623 -0.383388 0.485603
vn 0.868266 -0.391120 0.305189
vn 0.909821 -0.269461 0.315620
vn 0.824251 -0.259006 0.503514
vn 0.678460 -0.379731 0.628885
vn 0.716666 -0.380844 0.584250
vn 0.753332 -0.252837 0.607095
vn 0.713733 -0.250176 0.654215
vn 0.829675 -0.313304 -0.462039
vn 0.784969 -0.436882 -0.439270
vn 0.769011 -0.448425 -0.455562
vn 0.814601 -0.323529 -0.481408
vn 0.479043 -0.266984 0.836204
vn 0.485564 -0.299923 0.821142
vn 0.514205 -0.302770 0.802448
vn 0.508309 -0.265306 0.819289
vn -0.589368 -0.497033 -0.636870
vn -0.572517 -0.492009 -0.655859
vn -0.608452 -0.429089 -0.667584
vn -0.629588 -0.425628 -0.649970
vn -0.158043 -0.979253 -0.126828
vn -0.152189 -0.979980 -0.128365
vn -0.168608 -0.972438 -0.161045
vn -0.174029 -0.971913 -0.158429
vn -0.122123 -0.992290 -0.021133
vn -0.113161 -0.993311 -0.022961
vn -0.133264 -0.987551 -0.083564
vn -0.140712 -0.986648 -0.082009
vn -0.000061 -0.972602 0.232476
vn 0.022614 -0.971940 0.234140
vn -0.000921 -0.974748 0.223305
vn -0.020992 -0.974457 0.223590
vn 0.159151 -0.958587 0.236182
vn 0.094437 -0.966106 0.240252
vn 0.046480 -0.972670 0.227492
vn 0.078968 -0.975015 0.207631
vn -0.065741 -0.976560 -0.204962
vn -0.066347 -0.972433 -0.223545
vn -0.020559 -0.971646 -0.235543
vn -0.016700 -0.976729 -0.213825
vn -0.137060 -0.970609 -0.197821
vn -0.133950 -0.968472 -0.210044
vn -0.105607 -0.970223 -0.217976
vn -0.107005 -0.973396 -0.202608
vn -0.081222 -0.989192 0.122077
vn -0.067775 -0.990551 0.119231
vn -0.085827 -0.995076 0.049570
vn -0.096994 -0.993933 0.051862
vn -0.041159 -0.978210 0.203497
vn -0.023838 -0.979189 0.201547
vn -0.043011 -0.984710 0.168808
vn -0.058462 -0.983458 0.171441
vn -0.178963 -0.964549 -0.193950
vn -0.174312 -0.963863 -0.201455
vn -0.158521 -0.965345 -0.207316
vn -0.162479 -0.966778 -0.197334
vn -0.183030 -0.966743 -0.178627
vn -0.178248 -0.966945 -0.182335
vn -0.181469 -0.963752 -0.195580
vn -0.186257 -0.963996 -0.189791
vn 0.085076 -0.994942 0.053412
vn 0.073712 -0.996262 0.045031
vn 0.064978 -0.996877 0.044882
vn 0.319216 -0.338700 0.885089
vn 0.360720 -0.330355 0.872208
vn 0.355146 -0.304163 0.883943
vn 0.122120 -0.958069 -0.259212
vn 0.103438 -0.956121 -0.274105
vn 0.111288 -0.966376 -0.231802
vn 0.110761 -0.965836 -0.234292
vn 0.085690 -0.949101 -0.303092
vn 0.084628 -0.946293 -0.312039
vn 0.111625 -0.952095 -0.284700
vn 0.108585 -0.955203 -0.275313
vn 0.027309 -0.991620 -0.126268
vn 0.030363 -0.992014 -0.122416
vn 0.034543 -0.992375 -0.118316
vn 0.031987 -0.991877 -0.123117
vn 0.024090 -0.992550 -0.119432
vn 0.016593 -0.993781 -0.110105
vn 0.021443 -0.994361 -0.103860
vn 0.028564 -0.993056 -0.114126
vn -0.046251 -0.991432 -0.122165
vn -0.020510 -0.992724 -0.118652
vn -0.013385 -0.993059 -0.116855
vn -0.039206 -0.992077 -0.119360
vn 0.003167 -0.992397 -0.123039
vn 0.019956 -0.992232 -0.122792
vn 0.025314 -0.992353 -0.120812
vn 0.009463 -0.992573 -0.121280
vn -0.170744 -0.977803 -0.121443
vn -0.128942 -0.982451 -0.134772
vn -0.127426 -0.983808 -0.126031
vn -0.173007 -0.978695 -0.110568
vn -0.098852 -0.986383 -0.131438
vn -0.074032 -0.989041 -0.127738
vn -0.067908 -0.990052 -0.123230
vn -0.094586 -0.987637 -0.125010
vn 0.003263 -0.988252 -0.152801
vn -0.020600 -0.991238 -0.130468
vn 0.004811 -0.987415 -0.158079
vn 0.023650 -0.983624 -0.178676
vn -0.136670 -0.989834 -0.039365
vn -0.130694 -0.990218 -0.048863
vn -0.110877 -0.991867 -0.062507
vn -0.121089 -0.991464 -0.048332
vn -0.110877 -0.991867 -0.062507
vn -0.130694 -0.990218 -0.048863
vn -0.104544 -0.992258 -0.067043
vn -0.081075 -0.993087 -0.084880
vn -0.094111 -0.994455 -0.046930
vn -0.118357 -0.992205 -0.039004
vn -0.111029 -0.993170 -0.035865
vn -0.087310 -0.995310 -0.041654
vn -0.130445 -0.990900 -0.033184
vn -0.143407 -0.989176 -0.031075
vn -0.132190 -0.990614 -0.034783
vn -0.121062 -0.992084 -0.033366
vn -0.001569 -0.995360 -0.096203
vn -0.018725 -0.996521 -0.081217
vn -0.013344 -0.997180 -0.073854
vn 0.003522 -0.996005 -0.089223
vn -0.044763 -0.996702 -0.067679
vn -0.069666 -0.995898 -0.057738
vn -0.063582 -0.996676 -0.050928
vn -0.039016 -0.997417 -0.060305
vn -0.314881 -0.947293 -0.059049
vn -0.302824 -0.950117 -0.074672
vn -0.266994 -0.959675 -0.087961
vn -0.276813 -0.958121 -0.073340
vn -0.225598 -0.969593 -0.094842
vn -0.219209 -0.969697 -0.107863
vn -0.170744 -0.977803 -0.121443
vn -0.173007 -0.978695 -0.110568
vn -0.344580 -0.937624 -0.046119
vn -0.329177 -0.942065 -0.064468
vn -0.322258 -0.944180 -0.068364
vn -0.336263 -0.940370 -0.051297
vn -0.302877 -0.952883 -0.016728
vn -0.276715 -0.959890 -0.045166
vn -0.295448 -0.953657 -0.056996
vn -0.318226 -0.947489 -0.031573
vn -0.258966 -0.965279 -0.034252
vn -0.276715 -0.959890 -0.045166
vn -0.302877 -0.952883 -0.016728
vn -0.288907 -0.957348 -0.004149
vn -0.217288 -0.975797 0.024604
vn -0.188815 -0.981772 0.021737
vn -0.193050 -0.980995 0.019497
vn -0.220438 -0.975144 0.022400
vn -0.195751 -0.980397 0.022456
vn -0.194900 -0.980507 0.024907
vn -0.221798 -0.974676 0.028491
vn -0.222401 -0.974618 0.025658
vn -0.218153 -0.975538 0.027094
vn -0.190912 -0.981375 0.021348
vn -0.194687 -0.980736 0.015919
vn -0.224661 -0.974136 0.024233
vn -0.159328 -0.964217 -0.211895
vn -0.151776 -0.970442 -0.187632
vn -0.087260 -0.965445 -0.245564
vn -0.103224 -0.959776 -0.261104
vn -0.087260 -0.965445 -0.245564
vn -0.151776 -0.970442 -0.187632
vn -0.137836 -0.974964 -0.174488
vn -0.065149 -0.968335 -0.241003
vn -0.141176 -0.950054 -0.278328
vn -0.148044 -0.947313 -0.284044
vn -0.116953 -0.939635 -0.321573
vn -0.116317 -0.941837 -0.315300
vn -0.097092 -0.959853 -0.263165
vn -0.122583 -0.953489 -0.275376
vn -0.105079 -0.944548 -0.311108
vn -0.088061 -0.951625 -0.294371
vn -0.203597 -0.978951 0.014241
vn -0.168884 -0.985550 0.012999
vn -0.172988 -0.984686 0.021662
vn -0.212003 -0.976985 0.023570
vn -0.169170 -0.985585 -0.001839
vn -0.147209 -0.989105 -0.001339
vn -0.158896 -0.987277 0.006046
vn -0.187321 -0.982277 0.006587
vn -0.255987 -0.966632 0.009637
vn -0.218939 -0.975665 -0.011978
vn -0.230895 -0.972816 -0.017774
vn 0.194557 -0.894488 -0.402541
vn 0.187109 -0.906399 -0.378724
vn 0.243593 -0.861877 -0.444781
vn 0.254806 -0.842272 -0.475029
vn -0.667262 -0.204001 0.716341
vn -0.653363 -0.325405 0.683541
vn -0.652799 -0.323238 0.685107
vn -0.666719 -0.200985 0.717698
vn -0.144100 -0.989254 -0.024727
vn -0.126231 -0.991792 -0.020348
vn -0.137103 -0.990500 -0.010647
vn -0.157194 -0.987483 -0.012910
vn -0.698793 -0.224229 0.679272
vn -0.682794 -0.346775 0.643071
vn -0.679355 -0.343307 0.648550
vn -0.694751 -0.222676 0.683913
vn -0.820360 -0.343005 0.457556
vn -0.755028 -0.347870 0.555805
vn -0.775719 -0.229346 0.587929
vn -0.844397 -0.227778 0.484883
vn 0.010449 -0.989748 -0.142440
vn 0.022696 -0.990860 -0.132975
vn 0.025940 -0.988207 -0.150913
vn 0.014740 -0.986920 -0.160535
vn -0.018864 -0.994346 -0.104503
vn -0.001920 -0.995462 -0.095140
vn 0.010572 -0.993030 -0.117391
vn -0.003942 -0.991897 -0.126981
vn -0.213319 -0.976787 0.019547
vn -0.183038 -0.982969 0.016426
vn -0.152287 -0.988280 0.010509
vn -0.180401 -0.983535 0.010673
vn -0.275333 -0.960665 0.036260
vn -0.236877 -0.971180 0.026424
vn -0.209732 -0.977480 0.023337
vn -0.244231 -0.969252 0.030043
vn -0.070134 -0.957645 -0.279279
vn -0.072089 -0.964894 -0.252554
vn -0.097092 -0.959853 -0.263165
vn -0.088061 -0.951625 -0.294371
vn -0.038601 -0.971372 -0.234407
vn -0.033255 -0.975644 -0.216825
vn -0.050362 -0.970699 -0.234964
vn -0.052682 -0.964988 -0.256948
vn -0.344021 -0.937928 0.044041
vn -0.295997 -0.954836 0.025978
vn -0.268557 -0.962842 0.028514
vn -0.311919 -0.949167 0.042288
vn -0.290917 -0.956710 0.008591
vn -0.295997 -0.954836 0.025978
vn -0.344021 -0.937928 0.044041
vn -0.348980 -0.936483 0.034826
vn -0.076527 -0.995961 -0.046956
vn -0.054621 -0.997703 -0.040058
vn -0.030151 -0.997254 -0.067644
vn -0.049618 -0.995879 -0.075915
vn -0.147651 -0.989032 -0.003814
vn -0.122024 -0.992527 -0.001023
vn -0.089406 -0.995861 -0.016355
vn -0.113349 -0.993327 -0.021293
vn -0.004393 -0.979771 -0.200076
vn 0.004061 -0.982181 -0.187891
vn -0.012612 -0.979129 -0.202849
vn -0.019744 -0.975814 -0.217710
vn 0.015545 -0.984805 -0.172967
vn 0.025602 -0.986252 -0.163252
vn 0.018142 -0.983907 -0.177756
vn 0.008707 -0.981984 -0.188764
vn -0.151900 -0.948078 -0.279418
vn -0.149389 -0.949995 -0.274212
vn -0.109199 -0.943460 -0.312983
vn -0.115691 -0.941100 -0.317720
vn -0.117836 -0.979718 -0.162073
vn -0.121265 -0.979775 -0.159172
vn -0.102481 -0.978284 -0.180161
vn -0.095796 -0.979553 -0.176913
vn -0.090912 -0.986457 -0.136520
vn -0.111017 -0.981954 -0.153104
vn -0.086377 -0.982936 -0.162408
vn -0.063521 -0.988119 -0.139949
vn -0.054631 -0.990599 -0.125418
vn -0.011577 -0.994022 -0.108562
vn -0.017058 -0.986932 -0.160230
vn -0.052695 -0.984315 -0.168365
vn -0.017058 -0.986932 -0.160230
vn -0.011577 -0.994022 -0.108562
vn 0.029139 -0.993828 -0.107035
vn 0.017681 -0.986260 -0.164250
vn -0.109204 -0.981899 -0.154754
vn -0.088301 -0.986691 -0.136540
vn -0.079829 -0.981924 -0.171615
vn -0.094909 -0.978746 -0.181791
vn -0.079829 -0.981924 -0.171615
vn -0.088301 -0.986691 -0.136540
vn -0.054631 -0.990599 -0.125418
vn -0.052695 -0.984315 -0.168365
vn 0.097793 -0.987737 -0.121706
vn 0.129243 -0.982640 -0.133097
vn 0.108537 -0.975796 -0.189845
vn 0.078891 -0.980320 -0.180964
vn 0.108537 -0.975796 -0.189845
vn 0.129243 -0.982640 -0.133097
vn 0.171082 -0.977846 -0.120613
vn 0.149092 -0.972979 -0.176303
vn 0.029139 -0.993828 -0.107035
vn 0.068186 -0.991209 -0.113385
vn 0.052042 -0.983479 -0.173378
vn 0.017681 -0.986260 -0.164250
vn 0.052042 -0.983479 -0.173378
vn 0.068186 -0.991209 -0.113385
vn 0.097793 -0.987737 -0.121706
vn 0.078891 -0.980320 -0.180964
vn 0.088758 -0.987410 -0.130934
vn 0.032802 -0.987136 -0.156479
vn 0.053430 -0.990965 -0.123015
vn 0.108189 -0.988994 -0.100925
vn 0.089115 -0.993568 -0.069863
vn 0.103665 -0.993362 -0.049860
vn 0.153586 -0.987567 -0.033519
vn 0.140868 -0.988629 -0.052627
vn 0.083646 -0.995915 -0.033999
vn 0.043654 -0.997925 -0.047333
vn 0.014551 -0.997907 -0.063013
vn 0.051876 -0.997327 -0.051454
vn 0.095401 -0.994684 -0.038752
vn 0.088949 -0.995540 -0.031444
vn 0.134013 -0.990856 -0.015657
vn 0.142921 -0.989471 -0.022819
vn 0.019346 -0.997132 -0.073165
vn -0.015256 -0.996494 -0.082262
vn -0.042605 -0.994248 -0.098261
vn -0.010340 -0.995677 -0.092302
vn 0.264084 -0.960689 -0.085654
vn 0.297801 -0.952107 -0.069339
vn 0.265643 -0.956138 -0.123428
vn 0.236625 -0.961469 -0.139948
vn 0.171082 -0.977846 -0.120613
vn 0.217079 -0.969956 -0.109832
vn 0.193191 -0.967415 -0.163664
vn 0.149092 -0.972979 -0.176303
vn 0.193191 -0.967415 -0.163664
vn 0.217079 -0.969956 -0.109832
vn 0.264084 -0.960689 -0.085654
vn 0.236625 -0.961469 -0.139948
vn 0.251374 -0.962522 -0.101794
vn 0.292955 -0.954175 -0.061049
vn 0.265216 -0.962207 -0.061797
vn 0.224864 -0.969548 -0.097024
vn 0.314599 -0.947252 -0.061162
vn 0.319530 -0.945979 -0.054996
vn 0.278824 -0.954544 -0.105369
vn 0.277787 -0.953875 -0.113830
vn 0.199047 -0.976217 -0.085912
vn 0.237532 -0.969710 -0.056933
vn 0.209978 -0.976310 -0.052226
vn 0.173077 -0.982010 -0.075497
vn 0.089257 -0.996005 0.002500
vn 0.072018 -0.997396 0.003891
vn 0.030791 -0.999496 0.007682
vn 0.043461 -0.999043 0.004974
vn 0.065110 -0.997840 0.008686
vn 0.113104 -0.993478 0.014466
vn 0.109082 -0.993979 0.010318
vn 0.060098 -0.998167 0.007143
vn 0.119640 -0.992816 0.001895
vn 0.115130 -0.993294 0.010618
vn 0.071907 -0.997407 0.002823
vn 0.079074 -0.996855 -0.005239
vn -0.039762 -0.999125 0.012991
vn -0.043734 -0.999010 0.008137
vn -0.032466 -0.999452 0.006499
vn -0.026576 -0.999578 0.011734
vn -0.037270 -0.999044 0.022859
vn -0.036860 -0.999163 0.017723
vn -0.022011 -0.999615 0.016883
vn -0.021325 -0.999506 0.023077
vn -0.032382 -0.952240 -0.303629
vn -0.092723 -0.936645 -0.337786
vn -0.055843 -0.955677 -0.289073
vn 0.003996 -0.966721 -0.255801
vn 0.625013 -0.352717 0.696383
vn 0.624412 -0.355026 0.695748
vn 0.650009 -0.233933 0.723024
vn 0.650285 -0.230839 0.723769
vn -0.048511 -0.998820 0.002306
vn -0.053401 -0.998566 -0.003663
vn -0.044744 -0.998979 -0.006317
vn -0.038454 -0.999260 0.000157
vn 0.651984 -0.386057 0.652593
vn 0.662814 -0.389478 0.639518
vn 0.695785 -0.263451 0.668190
vn 0.683842 -0.260242 0.681641
vn 0.052438 0.997757 0.041602
vn 0.033366 0.996287 0.079370
vn 0.023634 0.996834 0.075916
vn 0.042215 0.998380 0.038143
vn -0.040717 0.994147 -0.100073
vn -0.017433 0.994835 -0.099994
vn -0.018815 0.995511 -0.092758
vn -0.042927 0.994567 -0.094840
vn -0.000152 0.998975 0.045259
vn -0.004298 0.997019 0.077035
vn -0.008565 0.996885 0.078396
vn -0.007892 0.998726 0.049838
vn -0.037765 0.996676 0.072184
vn -0.038431 0.996425 0.075234
vn -0.030231 0.996817 0.073776
vn -0.031553 0.996820 0.073178
vn 0.161027 0.985586 -0.051862
vn 0.088904 0.994852 -0.048632
vn 0.085256 0.995099 -0.050093
vn 0.157015 0.986148 -0.053460
vn -0.095192 0.990806 -0.096136
vn -0.032104 0.992585 -0.117233
vn -0.026197 0.991631 -0.126422
vn -0.077628 0.990960 -0.109420
vn -0.044196 0.992821 -0.111148
vn -0.017512 0.993094 -0.116007
vn -0.017502 0.993953 -0.108400
vn -0.042485 0.993462 -0.105968
vn 0.006780 0.999935 0.009158
vn 0.080417 0.992357 0.093595
vn 0.035884 0.997209 0.065475
vn -0.036174 0.995065 -0.092393
vn 0.086359 0.994737 0.055138
vn 0.154467 0.981770 0.110763
vn 0.121771 0.987049 0.104431
vn 0.048523 0.998181 0.035794
vn 0.067298 0.989241 0.129897
vn 0.072619 0.992112 0.102180
vn 0.030502 0.992995 0.114150
vn 0.019561 0.988496 0.149976
vn 0.090362 0.991656 0.091943
vn 0.098232 0.993295 0.060963
vn 0.091275 0.992577 0.080370
vn 0.085130 0.990336 0.109491
vn 0.122732 0.989505 -0.076266
vn 0.143006 0.986131 -0.084234
vn 0.133762 0.987482 -0.083590
vn 0.106370 0.992478 -0.060602
vn 0.122593 0.992045 -0.028591
vn 0.113093 0.990279 -0.080976
vn 0.193626 0.978594 -0.069741
vn 0.208267 0.978052 -0.006214
vn 0.049745 0.998414 0.026360
vn 0.030383 0.999466 0.012057
vn 0.068125 0.997435 -0.021961
vn 0.089348 0.995979 -0.006501
vn -0.019057 0.998383 0.053559
vn -0.052693 0.998130 0.030973
vn -0.005618 0.999102 0.041988
vn 0.003316 0.998588 0.053011
vn 0.016327 0.999254 0.034992
vn 0.028667 0.998710 0.041920
vn 0.029974 0.998532 0.045119
vn 0.021513 0.998703 0.046148
vn -0.093670 0.994782 0.040429
vn -0.042997 0.998890 0.019230
vn -0.042110 0.998743 0.027171
vn -0.084299 0.995330 0.047037
vn -0.094658 0.993652 -0.060787
vn -0.036711 0.998808 -0.032161
vn -0.039474 0.998904 -0.025146
vn -0.101718 0.993748 -0.046028
vn -0.019354 0.932334 -0.361079
vn 0.021394 0.978703 -0.204164
vn 0.015786 0.978548 -0.205414
vn -0.028394 0.930411 -0.365418
vn -0.025065 0.968141 -0.249147
vn 0.019351 0.993646 -0.110878
vn 0.019935 0.996436 -0.081960
vn -0.020751 0.977385 -0.210447
vn -0.039086 0.944177 -0.327112
vn 0.011200 0.985040 -0.171960
vn 0.015809 0.989796 -0.141615
vn -0.031781 0.956954 -0.288493
vn 0.093461 0.989193 -0.112967
vn 0.145144 0.983231 -0.110412
vn 0.130808 0.987180 -0.091459
vn 0.078665 0.992346 -0.095187
vn 0.130808 0.987180 -0.091459
vn 0.145144 0.983231 -0.110412
vn 0.168457 0.979773 -0.108017
vn 0.153601 0.984329 -0.086624
vn 0.026231 0.996711 0.076670
vn 0.036449 0.995857 0.083303
vn 0.024398 0.996380 0.081432
vn 0.018929 0.997283 0.071192
vn -0.001840 0.997260 0.073954
vn 0.001561 0.997143 0.075523
vn -0.011268 0.995621 0.092799
vn -0.016010 0.995928 0.088721
vn -0.036494 0.996470 0.075601
vn -0.042253 0.996330 0.074439
vn -0.051413 0.997196 0.054372
vn -0.051398 0.997225 0.053858
vn 0.067130 0.997012 -0.038206
vn 0.066870 0.997061 -0.037391
vn 0.050612 0.997683 -0.045461
vn 0.057431 0.997423 -0.043005
vn -0.033668 0.986805 -0.158375
vn -0.004734 0.999501 0.031235
vn 0.016836 0.999785 -0.012134
vn 0.023303 0.993943 -0.107402
vn -0.062813 0.995600 0.069543
vn -0.057717 0.994307 0.089572
vn -0.078367 0.982357 0.169805
vn -0.106465 0.981274 0.160518
vn 0.111491 0.986624 0.118924
vn 0.144797 0.983919 0.104581
vn 0.241774 0.954224 0.176075
vn 0.190374 0.961106 0.200081
vn -0.002727 0.993598 0.112939
vn 0.060361 0.989712 0.129715
vn 0.109585 0.969349 0.219894
vn 0.010046 0.979707 0.200182
vn 0.115556 0.989891 -0.082240
vn 0.106826 0.990926 -0.081572
vn 0.119611 0.992654 -0.018215
vn 0.107264 0.993744 -0.031097
vn 0.032304 0.998228 0.049967
vn 0.033848 0.998103 0.051426
vn 0.046144 0.996941 0.063086
vn 0.035401 0.997533 0.060621
vn 0.070860 0.993417 -0.090013
vn 0.123038 0.988745 -0.085114
vn 0.120531 0.988571 -0.090553
vn 0.071621 0.992632 -0.097733
vn 0.120531 0.988571 -0.090553
vn 0.123038 0.988745 -0.085114
vn 0.146006 0.986091 -0.079411
vn 0.144482 0.985872 -0.084740
vn -0.006198 0.999817 0.018075
vn 0.005338 0.999670 0.025134
vn 0.035113 0.999328 0.010543
vn 0.024149 0.999700 0.004166
vn 0.006258 0.999977 0.002636
vn -0.029825 0.999540 -0.005517
vn -0.089864 0.994724 0.049479
vn -0.055174 0.996343 0.065243
vn -0.032079 0.999477 -0.003997
vn -0.017181 0.999782 -0.011843
vn 0.025767 0.999657 0.004639
vn 0.013908 0.999799 0.014439
vn 0.027372 0.999417 0.020393
vn 0.038743 0.998750 0.031583
vn 0.034485 0.998772 0.035570
vn 0.022689 0.999486 0.022648
vn 0.051509 0.998610 0.011200
vn 0.048171 0.998659 0.018950
vn 0.037129 0.999258 0.010273
vn 0.040509 0.999173 0.003516
vn 0.092695 0.985907 0.139264
vn 0.081202 0.988185 0.129984
vn 0.070626 0.994133 0.081928
vn 0.075069 0.993008 0.091101
vn 0.092910 0.985154 0.144359
vn 0.100146 0.983788 0.148770
vn 0.076955 0.991953 0.100537
vn 0.070089 0.992436 0.100791
vn 0.184082 0.980163 -0.073442
vn 0.175023 0.982505 -0.063643
vn 0.169598 0.983128 -0.068533
vn 0.181831 0.980060 -0.080125
vn 0.178111 0.981343 -0.072407
vn 0.174018 0.982593 -0.065033
vn 0.177174 0.982074 -0.064342
vn 0.183827 0.980251 -0.072906
vn -0.038680 0.998802 -0.029976
vn -0.019686 0.999776 0.007834
vn -0.036951 0.999195 0.015628
vn -0.056819 0.998145 -0.021876
vn -0.127088 0.982812 -0.133903
vn -0.052703 0.989963 -0.131132
vn -0.054384 0.988989 -0.137635
vn -0.128410 0.981821 -0.139782
vn -0.016915 0.995683 -0.091270
vn -0.016273 0.994974 -0.098801
vn 0.006671 0.995167 -0.097974
vn 0.006813 0.995723 -0.092139
vn -0.059260 0.996493 0.059084
vn -0.061598 0.996659 0.053638
vn -0.064543 0.997718 0.019835
vn -0.058428 0.997880 0.028683
vn -0.059990 0.995276 0.076333
vn -0.054386 0.995579 0.076584
vn -0.053261 0.995830 0.074066
vn -0.057215 0.995418 0.076608
vn -0.063037 0.997775 -0.021729
vn -0.040561 0.999055 0.015601
vn -0.038588 0.999163 0.013567
vn -0.062727 0.997746 -0.023825
vn -0.024242 0.982818 -0.182981
vn -0.040647 0.990866 -0.128579
vn -0.114218 0.984676 -0.131785
vn -0.096443 0.977517 -0.187508
vn -0.001698 0.992008 -0.126162
vn 0.005227 0.993118 -0.117003
vn 0.068683 0.992991 -0.096181
vn 0.049959 0.992761 -0.109223
vn -0.014767 0.994097 -0.107487
vn -0.013320 0.993234 -0.115363
vn 0.013146 0.993831 -0.110128
vn 0.009939 0.994481 -0.104444
vn 0.014931 0.999673 0.020773
vn -0.051645 0.993602 0.100436
vn -0.101489 0.988533 0.111816
vn -0.028656 0.998695 0.042274
vn -0.016902 0.983724 0.178888
vn -0.030212 0.981983 0.186537
vn -0.044118 0.986148 0.159892
vn -0.030152 0.988213 0.150087
vn -0.111030 0.984203 -0.137901
vn -0.124478 0.982718 -0.137005
vn -0.098305 0.987417 -0.123872
vn -0.076554 0.991356 -0.106547
vn -0.146146 0.979363 -0.139606
vn -0.063099 0.986730 -0.149605
vn -0.075896 0.993437 -0.085575
vn -0.164541 0.984314 -0.063654
vn -0.025993 0.998942 -0.037938
vn -0.027497 0.998686 -0.043235
vn -0.078857 0.994067 -0.074911
vn -0.075090 0.994686 -0.070430
vn 0.007811 0.999835 0.016409
vn -0.006878 0.999821 0.017616
vn -0.006989 0.999856 0.015472
vn 0.009510 0.999891 0.011277
vn -0.027918 0.999155 0.030153
vn -0.023549 0.999467 0.022594
vn 0.029432 0.998470 0.046815
vn 0.016306 0.998457 0.053087
vn -0.009817 0.999679 -0.023356
vn -0.010866 0.999476 -0.030492
vn 0.046694 0.997233 -0.057845
vn 0.052329 0.997702 -0.043040
vn -0.031461 0.999179 0.025525
vn -0.020263 0.999637 0.017759
vn -0.017448 0.999686 0.018007
vn -0.022143 0.999385 0.027184
vn -0.013141 0.991627 -0.128462
vn -0.007004 0.992547 -0.121659
vn 0.042967 0.991463 -0.123105
vn 0.033222 0.991925 -0.122399
vn -0.055840 0.994190 0.092028
vn -0.068026 0.994974 0.073479
vn -0.066962 0.994929 0.075046
vn -0.052605 0.994425 0.091389
vn -0.033264 0.998106 0.051749
vn -0.044943 0.996362 0.072407
vn -0.045473 0.996465 0.070643
vn -0.027484 0.998481 0.047757
vn -0.002984 0.999258 0.038397
vn -0.010967 0.999301 0.035734
vn 0.013527 0.998374 0.055382
vn 0.017332 0.997900 0.062406
vn -0.000688 0.993325 -0.115351
vn -0.013190 0.993059 -0.116872
vn 0.000206 0.986107 -0.166112
vn 0.014352 0.986365 -0.163947
vn 0.078444 0.987141 -0.139281
vn 0.057660 0.998040 0.024303
vn 0.004730 0.997840 0.065514
vn 0.065195 0.995125 -0.073996
vn 0.051567 0.992351 0.112162
vn 0.114780 0.989385 0.089118
vn 0.134460 0.976081 0.170843
vn 0.038590 0.978758 0.201355
vn -0.076439 0.990661 0.112904
vn -0.020729 0.991488 0.128541
vn -0.070547 0.972699 0.221087
vn -0.157078 0.967693 0.197223
vn -0.085881 0.994416 -0.061335
vn -0.068793 0.987649 -0.140770
vn -0.083968 0.986638 -0.139626
vn -0.074835 0.994428 -0.074251
vn 0.085303 0.996081 0.023375
vn 0.035013 0.999350 0.008586
vn 0.031919 0.999400 0.013421
vn 0.073481 0.997065 0.021513
vn -0.117050 0.990193 -0.076272
vn -0.088944 0.992867 -0.079393
vn -0.089239 0.992358 -0.085221
vn -0.118673 0.989555 -0.081845
vn -0.089239 0.992358 -0.085221
vn -0.088944 0.992867 -0.079393
vn -0.030537 0.996068 -0.083160
vn -0.034685 0.995208 -0.091422
vn -0.138602 0.987152 -0.079508
vn -0.135111 0.988099 -0.073520
vn -0.117050 0.990193 -0.076272
vn -0.118673 0.989555 -0.081845
vn -0.030677 0.968525 0.247018
vn 0.014607 0.985526 0.168896
vn 0.016934 0.986860 0.160690
vn -0.032800 0.968853 0.245455
vn 0.026755 0.993690 0.108925
vn 0.020508 0.992427 0.121113
vn 0.009736 0.990564 0.136702
vn 0.016089 0.991794 0.126827
vn 0.024772 0.999499 0.019685
vn 0.009083 0.999692 0.023077
vn 0.071514 0.993226 0.091587
vn 0.089148 0.992442 0.084335
vn -0.019194 0.999805 -0.004699
vn -0.022229 0.999698 -0.010434
vn -0.007841 0.999849 -0.015499
vn -0.003919 0.999940 -0.010189
vn 0.000957 0.989566 0.144076
vn -0.008297 0.990438 0.137711
vn -0.067832 0.967551 0.243402
vn -0.058092 0.968508 0.242110
vn 0.001534 0.995235 0.097496
vn 0.012967 0.997392 0.070997
vn 0.020471 0.996326 0.083154
vn 0.009579 0.994263 0.106537
vn -0.187216 0.977312 -0.099049
vn -0.172325 0.980993 -0.089202
vn -0.172133 0.981654 -0.082014
vn -0.184389 0.978667 -0.090617
vn 0.054924 0.998489 0.001988
vn 0.103742 0.994442 0.017961
vn 0.040483 0.995810 0.081997
vn -0.006079 0.997788 0.066194
vn -0.246923 0.967009 0.062635
vn -0.224336 0.969628 0.097441
vn -0.362178 0.918772 0.157114
vn -0.385013 0.914385 0.125164
vn -0.375081 0.918882 0.122352
vn -0.240857 0.966920 0.083986
vn -0.233705 0.969250 0.077052
vn -0.363621 0.924689 0.112825
vn -0.343407 0.921510 0.181357
vn -0.217837 0.968598 0.119854
vn -0.227296 0.967241 0.113058
vn -0.357858 0.918192 0.169885
vn -0.208960 0.976782 0.047254
vn -0.203720 0.978258 0.038853
vn -0.307501 0.948989 0.069731
vn -0.317400 0.944981 0.079178
vn -0.096200 0.995351 0.004782
vn -0.043954 0.998938 -0.013799
vn -0.099711 0.991573 -0.082703
vn -0.178891 0.982554 -0.050855
vn -0.060943 0.996354 0.059700
vn -0.009105 0.997394 0.071570
vn -0.018911 0.999293 0.032507
vn -0.053947 0.997978 0.033606
vn -0.222460 0.974921 -0.006436
vn -0.133973 0.990395 0.034201
vn -0.096200 0.995351 0.004782
vn -0.178891 0.982554 -0.050855
vn 0.023796 0.999536 -0.018996
vn 0.090926 0.995737 -0.015502
vn 0.146184 0.985556 -0.085494
vn 0.024031 0.995225 -0.094604
vn 0.142072 0.989855 0.001775
vn 0.178750 0.983432 0.030158
vn 0.264645 0.964264 -0.012604
vn 0.222826 0.973274 -0.055560
vn 0.023459 0.997058 0.072967
vn 0.055858 0.995928 0.070765
vn 0.065907 0.997331 0.031415
vn 0.023638 0.999219 0.031656
vn -0.233141 0.968885 0.083108
vn -0.137790 0.988839 0.056666
vn -0.072610 0.990055 0.120494
vn -0.167473 0.975073 0.145556
vn 0.087183 0.996150 0.009186
vn 0.081389 0.996679 0.002552
vn 0.143727 0.989518 -0.014016
vn 0.153168 0.988199 -0.001334
vn 0.062006 0.990210 0.125058
vn 0.073356 0.989701 0.122926
vn 0.059220 0.993588 0.096312
vn 0.049845 0.993787 0.099512
vn -0.003472 0.987858 0.155321
vn 0.038938 0.990453 0.132234
vn 0.027903 0.993781 0.107801
vn -0.022728 0.991435 0.128612
vn 0.122417 0.990926 0.055493
vn 0.087876 0.992242 0.087937
vn 0.065414 0.995155 0.073395
vn 0.097000 0.994494 0.039661
vn 0.101506 0.989291 0.104881
vn 0.105442 0.989200 0.101815
vn 0.113196 0.987516 0.109538
vn 0.096398 0.989514 0.107565
vn 0.050954 0.997994 0.037562
vn 0.064198 0.997673 0.022957
vn 0.070022 0.997249 0.024307
vn 0.061817 0.997474 0.035001
vn 0.066289 0.993484 0.092710
vn 0.083296 0.990625 0.108276
vn 0.089447 0.990065 0.108491
vn 0.072299 0.992392 0.099652
vn 0.087213 0.995539 0.036006
vn 0.056095 0.997053 0.052324
vn 0.069684 0.995875 0.058108
vn 0.100894 0.994086 0.040160
vn 0.119310 0.991534 0.051237
vn 0.102797 0.993593 0.046964
vn 0.105177 0.993738 0.037730
vn 0.120756 0.991821 0.041340
vn 0.098843 0.992156 0.076533
vn 0.098587 0.992920 0.066264
vn 0.117384 0.990482 0.071879
vn 0.119206 0.989383 0.083129
vn 0.062676 0.997694 -0.026034
vn 0.063117 0.994737 -0.080715
vn 0.066041 0.996180 -0.057131
vn 0.062941 0.997994 -0.006821
vn 0.057358 0.996992 -0.052128
vn 0.048500 0.993323 -0.104678
vn 0.057265 0.994048 -0.092678
vn 0.060863 0.997380 -0.039090
vn -0.130645 0.990730 -0.037235
vn -0.058866 0.997733 -0.032611
vn -0.077092 0.996713 0.024923
vn -0.149754 0.988441 0.023612
vn -0.037066 0.997637 -0.057856
vn -0.041611 0.997331 -0.059997
vn -0.108023 0.991227 -0.076158
vn -0.098782 0.991852 -0.080444
vn 0.001159 0.986731 0.162360
vn 0.016623 0.983414 0.180611
vn 0.006664 0.981588 0.190894
vn -0.009282 0.984761 0.173664
vn 0.000060 0.964005 0.265883
vn 0.018016 0.976444 0.215019
vn 0.002192 0.979979 0.199087
vn -0.025475 0.965702 0.258401
vn -0.070028 0.993841 -0.085884
vn -0.083128 0.992150 -0.093422
vn -0.077592 0.991611 -0.103383
vn -0.061772 0.992699 -0.103601
vn -0.060006 0.986961 -0.149358
vn -0.061175 0.988763 -0.136401
vn -0.137838 0.981638 -0.131862
vn -0.135368 0.980048 -0.145541
vn -0.044046 0.998966 0.011243
vn -0.063461 0.997644 0.026042
vn -0.103343 0.994619 -0.007341
vn -0.080562 0.996479 -0.023243
vn 0.030590 0.998382 0.047925
vn 0.018419 0.998258 0.056058
vn 0.005330 0.997920 0.064248
vn 0.011880 0.998372 0.055794
vn -0.036805 0.998471 0.041233
vn -0.021472 0.999713 -0.010629
vn -0.007374 0.999973 -0.000821
vn -0.024207 0.998417 0.050774
vn 0.024265 0.999663 -0.009196
vn 0.000150 0.999633 -0.027076
vn 0.012201 0.999761 -0.018134
vn 0.046089 0.998931 0.003574
vn -0.067319 0.990448 -0.120340
vn -0.059008 0.990064 -0.127635
vn -0.053586 0.988413 -0.142017
vn -0.053910 0.989840 -0.131567
vn -0.001403 0.998120 0.061274
vn -0.008585 0.998283 0.057951
vn 0.004504 0.999058 0.043165
vn 0.010863 0.998541 0.052894
vn -0.131073 0.988846 -0.070731
vn -0.142251 0.987689 -0.065074
vn -0.145801 0.987514 -0.059645
vn -0.135053 0.988710 -0.064915
vn -0.054879 0.995255 -0.080342
vn -0.108727 0.991136 -0.076334
vn -0.112819 0.991179 -0.069547
vn -0.061943 0.995555 -0.070941
vn -0.112819 0.991179 -0.069547
vn -0.108727 0.991136 -0.076334
vn -0.131073 0.988846 -0.070731
vn -0.135053 0.988710 -0.064915
vn 0.000341 0.997733 0.067293
vn -0.016043 0.996481 0.082266
vn -0.002651 0.998574 0.053312
vn 0.013966 0.999259 0.035873
vn 0.111053 0.993632 -0.019046
vn 0.092504 0.995500 -0.020545
vn 0.074227 0.997061 -0.018972
vn 0.093989 0.995441 -0.016203
vn 0.215455 0.975552 0.043327
vn 0.146988 0.989127 -0.004684
vn 0.130492 0.991449 0.000087
vn 0.193626 0.979852 0.048987
vn 0.083510 0.996436 -0.011880
vn 0.079739 0.996816 -0.000015
vn 0.058640 0.998275 0.002736
vn 0.063542 0.997930 -0.009917
vn 0.011084 0.999924 -0.005426
vn 0.013273 0.999320 -0.034409
vn 0.028443 0.997719 -0.061224
vn 0.026649 0.999228 -0.028882
vn -0.149853 0.986781 -0.061700
vn -0.142979 0.987624 -0.064472
vn -0.137870 0.988942 -0.054647
vn -0.146208 0.987824 -0.053166
vn 0.212169 0.971287 0.107640
vn 0.187097 0.972113 0.141391
vn 0.095324 0.989880 0.105121
vn 0.117972 0.990590 0.069390
vn 0.094424 0.966738 -0.237703
vn 0.026733 0.973055 -0.229019
vn -0.027576 0.919071 -0.393126
vn 0.036398 0.914894 -0.402049
vn 0.004629 0.999697 0.024167
vn 0.031086 0.994416 0.100849
vn -0.020757 0.991128 0.131283
vn -0.046647 0.997167 0.059003
vn 0.020236 0.999054 -0.038504
vn 0.049773 0.997491 0.050350
vn 0.047113 0.996181 0.073509
vn 0.019125 0.999774 -0.009289
vn 0.157003 0.979756 -0.124211
vn 0.186612 0.961253 -0.202900
vn 0.170773 0.960904 -0.217945
vn 0.147214 0.979880 -0.134769
vn 0.180907 0.980577 -0.075767
vn 0.199035 0.974063 -0.107640
vn 0.204610 0.972078 -0.114888
vn 0.184294 0.979826 -0.077310
vn 0.182514 0.980036 -0.078856
vn 0.205103 0.971081 -0.122206
vn 0.203214 0.969287 -0.138519
vn 0.177504 0.980286 -0.086786
vn 0.119006 0.964903 -0.234093
vn 0.095411 0.967738 -0.233193
vn 0.100628 0.983898 -0.147711
vn 0.116003 0.982314 -0.146978
vn 0.109291 0.984567 -0.136685
vn 0.103923 0.971152 -0.214625
vn 0.179567 0.961972 -0.205827
vn 0.187494 0.973736 -0.129166
vn 0.199800 0.974265 0.104340
vn 0.198051 0.975647 0.094282
vn 0.108604 0.991601 0.070230
vn 0.109417 0.990979 0.077392
vn 0.172813 0.983238 0.058126
vn 0.168320 0.984814 0.042531
vn 0.101962 0.994512 0.023437
vn 0.100474 0.994192 0.038556
vn 0.093564 0.989756 0.107835
vn 0.176262 0.973540 0.145434
vn 0.187880 0.973162 0.132879
vn 0.101577 0.990031 0.097575
vn -0.035034 0.999385 0.001660
vn -0.005196 0.999985 0.001936
vn -0.018395 0.999733 0.013952
vn -0.036262 0.999247 0.013829
vn -0.018395 0.999733 0.013952
vn -0.061563 0.996783 0.051326
vn -0.037253 0.997914 0.052724
vn -0.036262 0.999247 0.013829
vn -0.026942 0.999601 0.008538
vn -0.107809 0.993677 0.031342
vn -0.091387 0.994919 0.042236
vn -0.029080 0.999464 0.015021
vn -0.287426 0.957382 -0.028390
vn -0.298429 0.952555 -0.059822
vn -0.311387 0.949273 -0.043814
vn -0.294739 0.955415 -0.017643
vn -0.311315 0.947402 -0.074251
vn -0.318098 0.944368 -0.083565
vn -0.342245 0.937848 -0.057524
vn -0.329969 0.942496 -0.053119
vn -0.332193 0.277592 0.901438
vn -0.333056 0.459473 0.823382
vn -0.351174 0.711936 0.608132
vn -0.374508 0.586139 0.718460
vn -0.219469 0.492861 0.841975
vn -0.333056 0.459473 0.823382
vn -0.332193 0.277592 0.901438
vn -0.216505 0.304322 0.927639
vn -0.264512 0.963211 0.047509
vn -0.274842 0.961447 0.009011
vn -0.276626 0.960875 0.014059
vn -0.264551 0.963033 0.050804
vn -0.320722 0.944796 -0.067061
vn -0.307632 0.949897 -0.055293
vn -0.340666 0.939873 -0.024192
vn -0.352477 0.935130 -0.035948
vn -0.290845 0.956024 -0.037787
vn -0.270984 0.962365 -0.020547
vn -0.304724 0.952387 0.010078
vn -0.324678 0.945799 -0.006979
vn -0.254388 0.966453 0.035439
vn -0.217627 0.976032 -0.000905
vn -0.177479 0.984122 0.002215
vn -0.221247 0.974068 0.047336
vn -0.052344 0.998374 0.022588
vn -0.031447 0.999358 0.017173
vn -0.022583 0.999660 0.013014
vn -0.018491 0.997901 0.062066
vn -0.029206 0.999521 0.010228
vn -0.011183 0.999871 0.011556
vn -0.007938 0.999958 0.004614
vn -0.032144 0.999476 0.003873
vn -0.028249 0.999550 0.010069
vn -0.088967 0.995844 0.019460
vn -0.100072 0.994681 0.024403
vn -0.027772 0.999581 0.008182
vn -0.123636 0.992155 0.018495
vn -0.111283 0.993613 0.018667
vn -0.057534 0.998259 0.013018
vn -0.072898 0.997218 0.015587
vn -0.187257 0.980173 0.064775
vn -0.136969 0.990535 0.008939
vn -0.096772 0.995226 0.012635
vn -0.139896 0.987718 0.069592
vn -0.311502 0.861988 0.399929
vn -0.290005 0.895567 0.337426
vn -0.272755 0.930382 0.244936
vn -0.287956 0.914626 0.283798
vn 0.077173 0.917859 -0.389331
vn 0.088474 0.900127 -0.426548
vn 0.112115 0.910386 -0.398282
vn 0.101059 0.923651 -0.369669
vn 0.066664 0.878758 -0.472590
vn 0.088474 0.900127 -0.426548
vn 0.077173 0.917859 -0.389331
vn 0.056369 0.900326 -0.431550
vn 0.074059 0.962216 -0.262021
vn 0.135619 0.939095 -0.315766
vn 0.123913 0.940859 -0.315326
vn 0.069367 0.965519 -0.250922
vn 0.050362 0.920452 -0.387598
vn 0.069406 0.924752 -0.374189
vn 0.025122 0.938720 -0.343763
vn 0.007782 0.933652 -0.358097
vn 0.049835 0.951413 -0.303857
vn 0.101969 0.934357 -0.341437
vn 0.125590 0.936332 -0.327887
vn 0.066620 0.956947 -0.282513
vn 0.021720 0.913110 -0.407135
vn 0.034909 0.915645 -0.400469
vn -0.005551 0.928266 -0.371875
vn -0.015977 0.924976 -0.379690
vn 0.052637 0.926080 -0.373638
vn 0.032996 0.921761 -0.386353
vn 0.018733 0.928517 -0.370818
vn 0.040875 0.931801 -0.360661
vn 0.022287 0.916986 -0.398296
vn 0.017954 0.912705 -0.408224
vn -0.006020 0.922274 -0.386490
vn 0.003576 0.925141 -0.379607
vn 0.120213 0.924817 -0.360920
vn 0.130862 0.915442 -0.380579
vn 0.136069 0.921052 -0.364896
vn 0.126535 0.927732 -0.351145
vn 0.093113 0.931349 -0.352022
vn 0.072087 0.930482 -0.359176
vn 0.062396 0.935118 -0.348800
vn 0.084437 0.935377 -0.343424
vn -0.053566 0.998474 0.013410
vn -0.064965 0.997887 0.001069
vn -0.035034 0.999385 0.001660
vn -0.036262 0.999247 0.013829
vn 0.021830 0.998975 0.039649
vn 0.041139 0.998808 0.026260
vn -0.042229 0.999089 0.006236
vn -0.041444 0.999045 0.013810
vn -0.037253 0.997914 0.052724
vn -0.011380 0.998668 0.050334
vn -0.053566 0.998474 0.013410
vn -0.036262 0.999247 0.013829
vn 0.362467 0.927195 -0.094481
vn 0.348911 0.930503 -0.111471
vn 0.337986 0.937617 -0.081487
vn 0.346182 0.935570 -0.069769
vn 0.361109 0.923842 -0.126953
vn 0.361761 0.923024 -0.130983
vn 0.386206 0.916585 -0.103526
vn 0.388814 0.916212 -0.096851
vn 0.388807 0.708070 0.589462
vn 0.372400 0.454662 0.809074
vn 0.371951 0.265111 0.889589
vn 0.415432 0.577823 0.702521
vn 0.371951 0.265111 0.889589
vn 0.372400 0.454662 0.809074
vn 0.255004 0.481798 0.838358
vn 0.253770 0.290693 0.922550
vn 0.326880 0.944298 -0.038088
vn 0.324109 0.944997 -0.043980
vn 0.310910 0.950430 -0.004118
vn 0.312021 0.950075 0.000038
vn 0.338076 0.934879 -0.108191
vn 0.349992 0.928751 -0.122176
vn 0.381321 0.920100 -0.089499
vn 0.370830 0.925615 -0.075640
vn 0.294914 0.952784 -0.072313
vn 0.317375 0.943677 -0.093529
vn 0.351698 0.934109 -0.061223
vn 0.330152 0.943055 -0.040581
vn 0.241948 0.970250 0.008739
vn 0.204514 0.978471 -0.027729
vn 0.238551 0.970332 -0.039357
vn 0.274791 0.961486 -0.005848
vn -0.022583 0.999660 0.013014
vn -0.013165 0.999843 0.011839
vn 0.011058 0.999849 0.013431
vn -0.018491 0.997901 0.062066
vn 0.013399 0.999907 0.002624
vn 0.067508 0.997716 0.002474
vn 0.088130 0.996108 0.001660
vn 0.033221 0.999444 0.002693
vn 0.037663 0.999149 0.016810
vn 0.029842 0.999519 0.008498
vn -0.030958 0.999514 0.003796
vn -0.036247 0.999334 0.004161
vn -0.056564 0.998395 0.002870
vn -0.047577 0.998829 0.008770
vn -0.029206 0.999521 0.010228
vn -0.032144 0.999476 0.003873
vn 0.060897 0.998110 -0.008289
vn 0.106109 0.994219 -0.016429
vn 0.158338 0.986577 0.039948
vn 0.107746 0.992909 0.050230
vn 0.303855 0.927904 0.216026
vn 0.322093 0.892236 0.316497
vn 0.347417 0.855804 0.383277
vn 0.322184 0.910811 0.258110
vn -0.125212 0.901507 -0.414254
vn -0.106287 0.890851 -0.441688
vn -0.092168 0.910204 -0.403774
vn -0.111393 0.916287 -0.384721
vn -0.092168 0.910204 -0.403774
vn -0.106287 0.890851 -0.441688
vn -0.086723 0.871303 -0.483022
vn -0.074439 0.893551 -0.442748
vn -0.142619 0.936686 -0.319810
vn -0.152104 0.933499 -0.324721
vn -0.090389 0.957560 -0.273693
vn -0.087239 0.962221 -0.257914
vn -0.056709 0.944119 -0.324689
vn -0.108440 0.926606 -0.360059
vn -0.085742 0.920612 -0.380948
vn -0.037059 0.936587 -0.348470
vn -0.037319 0.907406 -0.418594
vn -0.014370 0.900180 -0.435282
vn 0.027817 0.912986 -0.407042
vn 0.006601 0.920945 -0.389637
vn 0.005908 0.895076 -0.445874
vn 0.016474 0.889867 -0.455922
vn 0.053160 0.901671 -0.429143
vn 0.045654 0.907163 -0.418296
vn 0.033986 0.905799 -0.422343
vn 0.017764 0.898427 -0.438764
vn -0.004536 0.904551 -0.426341
vn 0.008980 0.910896 -0.412539
vn 0.028232 0.889141 -0.456761
vn 0.029483 0.888975 -0.457006
vn 0.055843 0.898989 -0.434397
vn 0.059710 0.899897 -0.431996
vn -0.135518 0.912038 -0.387067
vn -0.137481 0.907191 -0.397623
vn -0.124249 0.918119 -0.376325
vn -0.123327 0.920414 -0.370984
vn -0.018138 0.916385 -0.399886
vn -0.029352 0.911120 -0.411095
vn -0.056844 0.914354 -0.400907
vn -0.046501 0.919296 -0.390811
vn -0.015376 0.997592 -0.067632
vn 0.015351 0.997608 -0.067398
vn 0.000466 0.998914 -0.046600
vn -0.016213 0.998785 -0.046529
vn 0.000466 0.998914 -0.046600
vn -0.047348 0.998876 -0.002157
vn -0.016923 0.999857 -0.000359
vn -0.016213 0.998785 -0.046529
vn -0.014787 0.998131 -0.059302
vn -0.107475 0.993631 -0.033848
vn -0.085192 0.996248 -0.015210
vn -0.015743 0.998813 -0.046085
vn -0.338393 0.940678 0.024785
vn -0.313377 0.949595 -0.007998
vn -0.315494 0.948252 -0.035799
vn -0.347153 0.937802 0.003473
vn -0.315494 0.948252 -0.035799
vn -0.317348 0.946440 -0.059507
vn -0.355632 0.934521 -0.014013
vn -0.347153 0.937802 0.003473
vn -0.316519 -0.120756 0.940869
vn -0.353295 0.048692 0.934244
vn -0.433399 0.510718 0.742517
vn -0.436175 0.340161 0.833092
vn -0.312052 0.937521 0.153877
vn -0.302033 0.943316 0.137594
vn -0.306349 0.946212 0.104080
vn -0.317957 0.940270 0.121636
vn -0.333163 0.938987 -0.085473
vn -0.321194 0.942816 -0.089066
vn -0.364235 0.930333 -0.042595
vn -0.376304 0.925738 -0.037490
vn -0.318246 0.947007 -0.043561
vn -0.276826 0.957046 -0.086203
vn -0.247627 0.964869 -0.087798
vn -0.290385 0.955910 -0.043724
vn -0.005349 0.995937 -0.089894
vn -0.017943 0.996121 -0.086145
vn -0.005993 0.996591 -0.082287
vn -0.008040 0.996414 -0.084223
vn -0.010706 0.996660 -0.080954
vn 0.005839 0.996796 -0.079767
vn 0.011134 0.997055 -0.075884
vn -0.013060 0.996981 -0.076544
vn -0.015888 0.996587 -0.081003
vn -0.083339 0.993990 -0.070979
vn -0.098738 0.993699 -0.053046
vn -0.016045 0.997334 -0.071185
vn -0.047377 0.994766 -0.090528
vn -0.105701 0.990777 -0.084789
vn -0.095058 0.992303 -0.079366
vn -0.031840 0.995753 -0.086388
vn -0.189188 0.981578 -0.026686
vn -0.131158 0.987221 -0.090513
vn -0.090220 0.991886 -0.089567
vn -0.138842 0.989951 -0.026834
vn -0.401363 0.761916 0.508323
vn -0.371157 0.827607 0.421081
vn -0.341774 0.887818 0.308171
vn -0.368951 0.852796 0.369613
vn 0.072256 0.920679 -0.383575
vn 0.042441 0.906652 -0.419739
vn 0.052236 0.894318 -0.444373
vn 0.080360 0.913644 -0.398493
vn 0.148897 0.901680 -0.405960
vn 0.162283 0.902308 -0.399380
vn 0.186475 0.886583 -0.423318
vn 0.170719 0.884041 -0.435118
vn 0.094074 0.909351 -0.405255
vn 0.071241 0.910264 -0.407854
vn 0.090931 0.901409 -0.423313
vn 0.114628 0.899560 -0.421488
vn 0.042987 0.905234 -0.422734
vn 0.018103 0.915606 -0.401669
vn -0.000374 0.919375 -0.393381
vn 0.024691 0.909185 -0.415659
vn 0.007978 0.937741 -0.347244
vn 0.014367 0.942988 -0.332517
vn 0.017909 0.940282 -0.339926
vn 0.017557 0.932661 -0.360326
vn 0.017764 0.925036 -0.379463
vn 0.001401 0.932615 -0.360871
vn 0.007978 0.937741 -0.347244
vn 0.017557 0.932661 -0.360326
vn 0.101797 0.935560 -0.338179
vn 0.095852 0.928094 -0.359798
vn 0.101099 0.925555 -0.364866
vn 0.104184 0.935366 -0.337988
vn 0.054881 0.949981 -0.307448
vn 0.069151 0.949599 -0.305745
vn 0.064805 0.952032 -0.299057
vn 0.051210 0.951596 -0.303056
vn -0.032342 0.998378 -0.046858
vn -0.045970 0.996632 -0.067907
vn -0.015376 0.997592 -0.067632
vn -0.016213 0.998785 -0.046529
vn 0.054973 0.998323 -0.018151
vn 0.079378 0.996084 -0.038926
vn -0.014854 0.998009 -0.061292
vn -0.014899 0.998777 -0.047139
vn -0.016923 0.999857 -0.000359
vn 0.014595 0.999888 -0.003337
vn -0.032342 0.998378 -0.046858
vn -0.016213 0.998785 -0.046529
vn 0.375847 0.924021 -0.070181
vn 0.376035 0.925616 -0.042808
vn 0.399892 0.916509 -0.009933
vn 0.405908 0.913395 -0.030795
vn 0.346928 -0.102482 0.932276
vn 0.385346 0.060625 0.920779
vn 0.257769 0.099229 0.961098
vn 0.226581 -0.074408 0.971146
vn 0.367471 0.926996 0.075122
vn 0.360586 0.925883 0.112780
vn 0.370544 0.919824 0.128922
vn 0.378746 0.920856 0.092610
vn 0.361363 0.925161 -0.116161
vn 0.369827 0.922065 -0.114126
vn 0.411742 0.909018 -0.064452
vn 0.403506 0.912460 -0.067823
vn 0.317561 0.941452 -0.113238
vn 0.342036 0.932266 -0.117866
vn 0.384740 0.920296 -0.070924
vn 0.360224 0.930367 -0.068235
vn 0.263725 0.962601 -0.062031
vn 0.219175 0.969652 -0.108338
vn 0.255428 0.960737 -0.108354
vn 0.298586 0.952240 -0.063923
vn -0.009981 0.996320 -0.085123
vn 0.007598 0.995888 -0.090279
vn -0.005349 0.995937 -0.089894
vn -0.008040 0.996414 -0.084223
vn 0.078324 0.992841 -0.090179
vn 0.094123 0.990816 -0.097080
vn 0.036802 0.994464 -0.098421
vn 0.015690 0.995561 -0.092798
vn 0.073916 0.995471 -0.059775
vn 0.061138 0.994933 -0.079820
vn -0.005959 0.996278 -0.085993
vn -0.009575 0.997176 -0.074494
vn -0.037265 0.996322 -0.077157
vn -0.027419 0.996255 -0.081999
vn -0.010706 0.996660 -0.080954
vn -0.013060 0.996981 -0.076544
vn 0.085524 0.990903 -0.103904
vn 0.128327 0.985898 -0.107415
vn 0.187276 0.981358 -0.043166
vn 0.136435 0.989845 -0.039916
vn 0.441718 0.750579 0.491442
vn 0.412024 0.815481 0.406482
vn 0.470717 0.504075 0.724109
vn 0.471688 0.341895 0.812784
vn 0.369331 0.902179 0.222861
vn 0.352451 0.916077 0.191260
vn 0.385435 0.875821 0.290477
vn 0.413191 0.840223 0.351139
vn -0.016888 0.882050 -0.470854
vn -0.039413 0.905424 -0.422675
vn -0.049549 0.895022 -0.443261
vn -0.026265 0.867073 -0.497488
vn -0.177982 0.885223 -0.429770
vn -0.152185 0.901384 -0.405398
vn -0.140483 0.901361 -0.409649
vn -0.163690 0.883200 -0.439503
vn -0.077541 0.902974 -0.422640
vn -0.105260 0.903123 -0.416281
vn -0.125338 0.893265 -0.431704
vn -0.098023 0.893652 -0.437924
vn -0.008895 0.893525 -0.448926
vn 0.015900 0.903279 -0.428760
vn -0.014749 0.903198 -0.428970
vn -0.037569 0.893910 -0.446669
vn 0.027871 0.897115 -0.440918
vn 0.055072 0.907514 -0.416396
vn 0.041436 0.905308 -0.422729
vn 0.015208 0.895328 -0.445149
vn 0.048046 0.926042 -0.374351
vn 0.054463 0.929711 -0.364241
vn 0.059144 0.923010 -0.380204
vn 0.047117 0.917329 -0.395331
vn -0.059295 0.921156 -0.384649
vn -0.072217 0.930791 -0.358347
vn -0.080742 0.926806 -0.366758
vn -0.068941 0.914193 -0.399372
vn -0.069554 0.938012 -0.339552
vn -0.057217 0.943286 -0.327014
vn -0.057638 0.944291 -0.324026
vn -0.074282 0.936804 -0.341879
vn -0.011303 0.948040 -0.317949
vn -0.014239 0.946540 -0.322272
vn 0.004721 0.944114 -0.329585
vn 0.006706 0.944743 -0.327744
vn 0.131752 0.988527 0.073866
vn 0.154688 0.986849 0.046917
vn 0.160260 0.985593 0.054068
vn 0.138167 0.987031 0.081729
vn 0.166317 0.985731 0.025958
vn 0.177231 0.984092 0.012342
vn 0.181267 0.983305 0.015932
vn 0.171027 0.984759 0.031623
vn 0.177849 0.984051 -0.003574
vn 0.173556 0.984784 -0.008842
vn 0.178932 0.983814 -0.009701
vn 0.182374 0.983227 -0.001942
vn 0.155841 0.987625 -0.017645
vn 0.127692 0.991669 -0.016972
vn 0.136923 0.990393 -0.019355
vn 0.163047 0.986429 -0.019321
vn 0.094490 0.995064 -0.030312
vn 0.057488 0.997311 -0.045445
vn 0.067962 0.996735 -0.043588
vn 0.104889 0.993997 -0.031119
vn 0.067962 0.996735 -0.043588
vn 0.057488 0.997311 -0.045445
vn 0.026367 0.997655 -0.063159
vn 0.035215 0.997677 -0.058307
vn -0.005364 0.997380 -0.072142
vn -0.011212 0.996671 -0.080753
vn -0.059732 0.995172 -0.077871
vn -0.058163 0.996091 -0.066477
vn 0.043362 0.984991 -0.167068
vn 0.024001 0.990741 -0.133624
vn 0.049696 0.986383 -0.156778
vn 0.063136 0.980131 -0.188035
vn -0.033322 0.998711 -0.038296
vn -0.049965 0.998747 -0.002952
vn -0.026318 0.999487 -0.018268
vn -0.006040 0.998306 -0.057864
vn -0.046714 0.998480 0.029250
vn -0.044748 0.996994 0.063251
vn -0.030198 0.997831 0.058490
vn -0.027392 0.999448 0.018781
vn 0.005665 0.994340 0.106094
vn -0.004852 0.994657 0.103119
vn 0.025632 0.993040 0.114957
vn 0.035425 0.992096 0.120380
vn 0.063244 0.990150 0.124917
vn 0.054321 0.991558 0.117735
vn 0.082090 0.990141 0.113496
vn 0.090198 0.988500 0.121373
vn 0.118321 0.987293 0.106077
vn 0.110977 0.988980 0.097989
vn 0.131752 0.988527 0.073866
vn 0.138167 0.987031 0.081729
vn -0.121973 0.990710 -0.060132
vn -0.118487 0.990162 -0.074430
vn -0.177717 0.982210 -0.060670
vn -0.185269 0.981659 -0.044950
vn -0.237491 0.970632 -0.038360
vn -0.226900 0.972372 -0.054858
vn -0.262240 0.963610 -0.051828
vn -0.275409 0.960712 -0.034378
vn -0.295386 0.954706 -0.035819
vn -0.280342 0.958385 -0.053913
vn -0.285153 0.956852 -0.055872
vn -0.302801 0.952373 -0.036027
vn -0.264581 0.963360 -0.043980
vn -0.247506 0.968515 -0.026820
vn -0.273763 0.961797 0.000647
vn -0.287593 0.957556 -0.019413
vn -0.273763 0.961797 0.000647
vn -0.247506 0.968515 -0.026820
vn -0.230463 0.973020 -0.010940
vn -0.260379 0.965336 0.018128
vn -0.137812 0.988533 0.061732
vn -0.153298 0.986694 0.054182
vn -0.190311 0.980349 0.051930
vn -0.179379 0.981979 0.059499
vn -0.175420 0.983448 0.045365
vn -0.188331 0.981486 0.034877
vn -0.207460 0.977718 0.032075
vn -0.201224 0.978599 0.043048
vn -0.072690 0.995244 0.064855
vn -0.076949 0.994695 0.068270
vn -0.120576 0.990386 0.067797
vn -0.113798 0.991393 0.064727
vn -0.040325 0.998428 0.038921
vn -0.051463 0.997489 0.048648
vn -0.080382 0.995585 0.048475
vn -0.066256 0.997201 0.034636
vn -0.080382 0.995585 0.048475
vn -0.051463 0.997489 0.048648
vn -0.056839 0.996960 0.053292
vn -0.088436 0.994635 0.053675
vn -0.096612 0.993653 0.057624
vn -0.062925 0.996378 0.057192
vn -0.065733 0.996042 0.059832
vn -0.101889 0.992974 0.060180
vn -0.203672 0.978893 0.016908
vn -0.229045 0.972196 0.048718
vn -0.238964 0.970111 0.042193
vn 0.178432 0.927103 -0.329610
vn 0.131898 0.952414 -0.274792
vn 0.138502 0.946220 -0.292379
vn 0.185272 0.918122 -0.350324
vn -0.199980 0.979763 0.008492
vn -0.169196 0.985516 -0.011446
vn -0.144145 0.989335 -0.020940
vn -0.171598 0.985167 -0.000773
vn -0.871561 0.327638 -0.364739
vn -0.829517 0.441827 -0.341601
vn -0.852542 0.449749 -0.266268
vn -0.897483 0.335125 -0.286734
vn -0.786974 0.422310 -0.449807
vn -0.790213 0.431271 -0.435395
vn -0.829385 0.315713 -0.460919
vn -0.824737 0.307951 -0.474315
vn -0.633224 0.347783 0.691429
vn -0.634227 0.349412 0.689687
vn -0.654435 0.226273 0.721468
vn -0.653740 0.223604 0.722928
vn -0.181150 0.401221 0.897890
vn -0.177828 0.438599 0.880913
vn -0.167109 0.447432 0.878567
vn -0.172956 0.409195 0.895905
vn -0.872067 0.347997 -0.344089
vn -0.799112 0.347901 -0.490291
vn -0.822548 0.284218 -0.492579
vn -0.893113 0.287859 -0.345667
vn -0.937813 0.346158 -0.026112
vn -0.918091 0.347452 -0.190751
vn -0.937025 0.291164 -0.192891
vn -0.956322 0.290774 -0.029968
vn 0.774861 0.298286 0.557330
vn 0.724313 0.481796 0.493197
vn 0.787287 0.465774 0.404021
vn 0.847396 0.279466 0.451463
vn 0.589707 0.300899 0.749470
vn 0.567548 0.480382 0.668672
vn 0.653833 0.487917 0.578307
vn 0.691061 0.306236 0.654717
vn -0.428557 0.326892 -0.842307
vn -0.291308 0.316031 -0.902920
vn -0.310300 0.246252 -0.918191
vn -0.450909 0.258776 -0.854234
vn -0.695465 0.344055 -0.630837
vn -0.566247 0.336984 -0.752201
vn -0.590430 0.270509 -0.760406
vn -0.720046 0.278550 -0.635565
vn 0.335491 0.247478 0.908956
vn 0.340828 0.426728 0.837699
vn 0.463309 0.466232 0.753640
vn 0.469961 0.283835 0.835808
vn 0.073096 0.131782 0.988580
vn 0.084209 0.271858 0.958646
vn 0.213168 0.357664 0.909195
vn 0.200995 0.192505 0.960491
vn 0.221620 0.208195 -0.952649
vn 0.218948 0.282547 -0.933932
vn 0.338582 0.274043 -0.900146
vn 0.346306 0.198349 -0.916913
vn -0.159432 0.305422 -0.938775
vn -0.031671 0.295405 -0.954847
vn -0.040018 0.224781 -0.973587
vn -0.173277 0.235360 -0.956337
vn -0.040018 0.224781 -0.973587
vn -0.031671 0.295405 -0.954847
vn 0.094843 0.288793 -0.952682
vn 0.092221 0.216418 -0.971936
vn -0.228395 0.122815 0.965791
vn -0.138107 0.119069 0.983234
vn -0.143870 0.041385 0.988731
vn -0.234392 0.057017 0.970469
vn -0.143870 0.041385 0.988731
vn -0.138107 0.119069 0.983234
vn -0.036143 0.185295 0.982018
vn -0.044019 0.078873 0.995912
vn -0.393266 0.204300 0.896439
vn -0.309755 0.147719 0.939272
vn -0.316488 0.087323 0.944569
vn -0.400090 0.145151 0.904909
vn -0.620043 0.319786 0.716438
vn -0.649688 0.319680 0.689717
vn -0.654395 0.265832 0.707884
vn -0.623452 0.269098 0.734094
vn 0.805929 0.321957 -0.496813
vn 0.761956 0.437945 -0.477103
vn 0.729329 0.455464 -0.510521
vn 0.771802 0.350359 -0.530632
vn -0.711736 0.314763 0.627978
vn -0.726005 0.315272 0.611163
vn -0.736284 0.259496 0.624938
vn -0.720316 0.258426 0.643708
vn 0.934204 0.149023 -0.324123
vn 0.902391 0.299529 -0.309796
vn 0.870307 0.336473 -0.359656
vn 0.906293 0.193879 -0.375557
vn -0.830697 0.285842 0.477742
vn -0.810505 0.341722 0.475718
vn -0.842632 0.343248 0.414913
vn -0.863996 0.287652 0.413240
vn -0.737105 0.321636 0.594329
vn -0.754064 0.327574 0.569282
vn -0.768939 0.273160 0.578029
vn -0.749557 0.266576 0.605889
vn 0.975809 0.106843 -0.190740
vn 0.945320 0.274451 -0.176202
vn 0.925441 0.286738 -0.247671
vn 0.956503 0.127477 -0.262397
vn 0.936912 0.342253 0.071132
vn 0.950996 0.308954 -0.012418
vn 0.991659 0.126535 -0.024515
vn 0.985814 0.155104 0.064143
vn -0.949061 0.290368 0.122348
vn -0.929968 0.344739 0.127729
vn -0.937813 0.346158 -0.026112
vn -0.956322 0.290774 -0.029968
vn -0.895634 0.289528 0.337659
vn -0.874052 0.344996 0.342068
vn -0.905342 0.344408 0.248473
vn -0.925884 0.289442 0.242821
vn 0.881450 0.409991 0.234421
vn 0.914670 0.373764 0.153883
vn 0.970985 0.182462 0.154584
vn 0.943712 0.219144 0.247756
vn 0.787287 0.465774 0.404021
vn 0.837992 0.442790 0.318914
vn 0.902912 0.252664 0.347723
vn 0.847396 0.279466 0.451463
vn 0.592185 0.175299 -0.786503
vn 0.571459 0.257447 -0.779202
vn 0.611016 0.254755 -0.749506
vn 0.635456 0.172610 -0.752596
vn 0.452798 0.189525 -0.871237
vn 0.440607 0.266781 -0.857143
vn 0.516344 0.261170 -0.815585
vn 0.532858 0.181559 -0.826498
vn -0.554761 0.307174 0.773230
vn -0.475981 0.269570 0.837122
vn -0.481992 0.209244 0.850823
vn -0.560364 0.249181 0.789874
vn -0.673457 0.368188 0.641009
vn -0.621787 0.350649 0.700304
vn -0.627707 0.292581 0.721374
vn -0.679736 0.309771 0.664831
vn 0.666830 0.170522 -0.725438
vn 0.639461 0.252762 -0.726086
vn 0.654690 0.266117 -0.707505
vn 0.684713 0.182097 -0.705698
vn -0.731200 0.397688 0.554248
vn -0.708352 0.390832 0.587782
vn -0.715841 0.330547 0.615069
vn -0.740284 0.330548 0.585421
vn 0.332359 0.516903 -0.788891
vn 0.324132 0.553687 -0.767053
vn 0.000811 0.584608 -0.811315
vn 0.001195 0.550126 -0.835081
vn 0.655331 0.327381 -0.680708
vn 0.622734 0.379324 -0.684336
vn 0.647363 0.311353 -0.695687
vn 0.684090 0.250193 -0.685145
vn 0.647363 0.311353 -0.695687
vn 0.622734 0.379324 -0.684336
vn 0.529322 0.457350 -0.714597
vn 0.547324 0.405109 -0.732341
vn -0.775332 0.417512 0.473861
vn -0.761867 0.414531 0.497718
vn -0.779826 0.322986 0.536238
vn -0.798250 0.316025 0.512763
vn -0.779826 0.322986 0.536238
vn -0.761867 0.414531 0.497718
vn -0.753500 0.410677 0.513402
vn -0.767883 0.327683 0.550436
vn -0.938198 0.344003 -0.038041
vn -0.884593 0.465735 -0.024230
vn -0.890260 0.455181 0.015732
vn -0.943708 0.330754 0.004158
vn -0.874149 0.430384 0.225019
vn -0.866400 0.430670 0.252734
vn -0.916856 0.299478 0.263987
vn -0.925345 0.299407 0.232577
vn -0.916856 0.299478 0.263987
vn -0.866400 0.430670 0.252734
vn -0.862625 0.430700 0.265286
vn -0.912186 0.299965 0.279175
vn -0.890387 0.437651 0.125193
vn -0.883768 0.430780 0.182708
vn -0.935693 0.300005 0.185676
vn -0.943222 0.308685 0.122664
vn -0.929743 0.353146 -0.104240
vn -0.877759 0.470756 -0.089035
vn -0.881897 0.468059 -0.056385
vn -0.934633 0.348445 -0.071044
vn -0.916238 0.341859 -0.208905
vn -0.868642 0.457184 -0.190903
vn -0.875971 0.463529 -0.133476
vn -0.925758 0.347235 -0.149666
vn -0.877961 0.300794 0.372434
vn -0.836932 0.425784 0.343879
vn -0.816102 0.423030 0.393729
vn -0.851064 0.304797 0.427539
vn -0.763603 0.255370 0.593040
vn -0.735726 0.376710 0.562847
vn -0.801624 0.376958 0.464006
vn -0.832706 0.259099 0.489356
vn -0.838191 0.399382 -0.371389
vn -0.800898 0.411917 -0.434612
vn -0.838111 0.299841 -0.455703
vn -0.875800 0.288426 -0.387020
vn -0.892600 0.389794 -0.226553
vn -0.931313 0.279414 -0.233631
vn -0.960469 0.277043 0.027323
vn -0.456309 0.318530 0.830855
vn -0.496838 0.320992 0.806298
vn -0.496914 0.280230 0.821308
vn -0.455560 0.281279 0.844599
vn 0.685366 0.408488 -0.602835
vn 0.652294 0.483959 -0.583348
vn 0.637511 0.481172 -0.601709
vn 0.666883 0.413361 -0.619999
vn -0.372071 0.251952 0.893355
vn -0.370027 0.403250 0.836941
vn -0.573356 0.359443 0.736249
vn -0.584025 0.225601 0.779756
vn -0.214330 0.975306 0.053306
vn -0.190501 0.980542 0.047397
vn -0.176898 0.983045 0.048257
vn -0.198766 0.978549 0.054172
vn -0.176898 0.983045 0.048257
vn -0.190501 0.980542 0.047397
vn -0.172930 0.984164 0.038954
vn -0.163748 0.985720 0.039266
vn -0.245858 0.967466 0.059697
vn -0.236948 0.969830 0.057325
vn -0.218936 0.974015 0.057988
vn -0.229754 0.971386 0.060180
vn -0.247858 0.966535 0.066153
vn -0.241454 0.968165 0.065997
vn -0.247982 0.966686 0.063422
vn -0.244087 0.967660 0.063677
vn -0.242430 0.968881 0.049972
vn -0.187262 0.980963 0.051429
vn -0.204033 0.977247 0.057954
vn -0.251828 0.966100 0.056857
vn -0.212534 0.976665 0.030912
vn -0.156665 0.987134 0.031992
vn -0.171115 0.984307 0.043129
vn -0.225592 0.973328 0.041714
vn 0.246230 0.965889 -0.080182
vn 0.175635 0.979416 -0.099485
vn 0.182670 0.979886 -0.080339
vn 0.254353 0.965004 -0.063813
vn 0.182670 0.979886 -0.080339
vn 0.175635 0.979416 -0.099485
vn 0.096579 0.989056 -0.111539
vn 0.099746 0.990635 -0.093234
vn 0.328115 0.942262 -0.066958
vn 0.296642 0.952202 -0.072906
vn 0.304744 0.950549 -0.059902
vn 0.337670 0.939717 -0.053953
vn 0.304744 0.950549 -0.059902
vn 0.296642 0.952202 -0.072906
vn 0.246230 0.965889 -0.080182
vn 0.254353 0.965004 -0.063813
vn 0.091187 0.969248 -0.228568
vn 0.067951 0.967948 -0.241784
vn 0.055216 0.953295 -0.296950
vn 0.081624 0.956659 -0.279537
vn 0.105863 0.988614 -0.106936
vn 0.050477 0.989184 -0.137721
vn 0.062598 0.979358 -0.192197
vn 0.103362 0.980012 -0.169981
vn 0.161628 0.984170 0.072707
vn 0.167377 0.983256 0.072067
vn 0.198140 0.977250 0.075646
vn 0.193653 0.978132 0.075875
vn 0.172716 0.982464 0.070234
vn 0.178090 0.981748 0.066751
vn 0.208434 0.975363 0.072259
vn 0.203279 0.976277 0.074572
vn 0.208434 0.975363 0.072259
vn 0.178090 0.981748 0.066751
vn 0.193041 0.979177 0.062832
vn 0.224752 0.971888 0.070151
vn 0.853618 0.442677 -0.274541
vn 0.829372 0.434581 -0.351114
vn 0.874123 0.308609 -0.375060
vn 0.901369 0.315752 -0.296369
vn 0.655555 0.203768 0.727136
vn 0.632869 0.332857 0.699059
vn 0.633279 0.330041 0.700022
vn 0.655684 0.199808 0.728118
vn 0.881640 0.293966 -0.369181
vn 0.929011 0.293084 -0.225923
vn 0.944724 0.239339 -0.224084
vn 0.899534 0.237678 -0.366534
vn 0.711143 0.298206 -0.636670
vn 0.810614 0.295771 -0.505395
vn 0.830570 0.237239 -0.503856
vn 0.732366 0.236590 -0.638487
vn -0.597426 0.319458 0.735546
vn -0.577822 0.500457 0.644721
vn -0.468833 0.489076 0.735527
vn -0.472073 0.302290 0.828111
vn -0.778113 0.317959 0.541703
vn -0.728884 0.496437 0.471465
vn -0.662920 0.505585 0.552197
vn -0.698538 0.325877 0.637063
vn 0.446403 0.297040 -0.844092
vn 0.585592 0.299374 -0.753298
vn 0.606406 0.235189 -0.759578
vn 0.464831 0.231678 -0.854551
vn 0.156521 0.293041 -0.943201
vn 0.301392 0.293462 -0.907217
vn 0.316542 0.227129 -0.920985
vn 0.167997 0.223621 -0.960089
vn -0.045087 0.132745 0.990124
vn -0.055530 0.277601 0.959090
vn 0.069988 0.182913 0.980635
vn 0.074921 0.074919 0.994371
vn -0.327365 0.262811 0.907614
vn -0.335786 0.447680 0.828752
vn -0.194788 0.371173 0.907903
vn -0.180957 0.200183 0.962903
vn -0.119634 0.293299 -0.948506
vn 0.015161 0.292529 -0.956137
vn 0.022393 0.219920 -0.975261
vn -0.118248 0.219170 -0.968495
vn -0.360943 0.289745 -0.886436
vn -0.245597 0.294219 -0.923644
vn -0.250411 0.218350 -0.943195
vn -0.372053 0.212742 -0.903503
vn 0.341816 0.078466 0.936485
vn 0.339189 0.136696 0.930734
vn 0.421401 0.189154 0.886929
vn 0.423506 0.130877 0.896389
vn 0.173242 0.035398 0.984243
vn 0.171191 0.113458 0.978683
vn 0.260262 0.114562 0.958718
vn 0.262528 0.049560 0.963651
vn 0.625835 0.245794 0.740214
vn 0.628745 0.293629 0.720043
vn 0.595084 0.292706 0.748464
vn 0.590042 0.248110 0.768305
vn 0.677124 0.235864 0.697044
vn 0.674847 0.290953 0.678180
vn 0.654476 0.291521 0.697623
vn 0.654156 0.240069 0.717249
vn -0.697299 0.497726 -0.515793
vn -0.741114 0.481466 -0.467910
vn -0.795205 0.361547 -0.486757
vn -0.751762 0.388632 -0.532747
vn -0.620841 0.515293 -0.590788
vn -0.654486 0.512111 -0.556229
vn -0.708136 0.413919 -0.572027
vn -0.671734 0.427039 -0.605319
vn 0.743352 0.232626 0.627147
vn 0.730575 0.290198 0.618098
vn 0.717011 0.290023 0.633863
vn 0.727511 0.231688 0.645793
vn -0.871001 0.376060 -0.316126
vn -0.904301 0.337318 -0.261642
vn -0.939534 0.185745 -0.287706
vn -0.911064 0.230988 -0.341479
vn 0.781415 0.244125 0.574276
vn 0.764798 0.298855 0.570763
vn 0.743552 0.294955 0.600110
vn 0.758387 0.238844 0.606467
vn 0.871721 0.305435 0.383161
vn 0.834041 0.307695 0.457930
vn 0.853208 0.252971 0.456116
vn 0.890928 0.250124 0.379059
vn 0.853208 0.252971 0.456116
vn 0.834041 0.307695 0.457930
vn 0.796683 0.304040 0.522356
vn 0.814948 0.249400 0.523125
vn -0.944886 0.324489 -0.043568
vn -0.940320 0.338469 0.035187
vn -0.986561 0.162887 0.012867
vn -0.985553 0.154015 -0.070466
vn -0.986561 0.162887 0.012867
vn -0.940320 0.338469 0.035187
vn -0.923520 0.367501 0.109794
vn -0.977144 0.189354 0.096618
vn -0.925841 0.323240 -0.195791
vn -0.942931 0.309364 -0.123191
vn -0.977817 0.144624 -0.151518
vn -0.960595 0.164809 -0.223821
vn 0.933448 0.298439 0.199020
vn 0.904908 0.303228 0.298653
vn 0.923357 0.247561 0.293470
vn 0.950021 0.244427 0.194205
vn 0.953355 0.293516 -0.070447
vn 0.952347 0.294901 0.077902
vn 0.967289 0.242426 0.074710
vn 0.968103 0.240278 -0.071013
vn -0.894365 0.277264 0.351049
vn -0.829301 0.458176 0.319896
vn -0.784777 0.480215 0.391815
vn -0.844223 0.301260 0.443316
vn -0.960114 0.214396 0.179487
vn -0.900605 0.395086 0.181154
vn -0.868947 0.427856 0.248737
vn -0.932759 0.247264 0.262339
vn -0.521192 0.278742 -0.806636
vn -0.454383 0.285997 -0.843648
vn -0.470998 0.207523 -0.857377
vn -0.541859 0.200844 -0.816119
vn -0.470998 0.207523 -0.857377
vn -0.454383 0.285997 -0.843648
vn -0.360943 0.289745 -0.886436
vn -0.372053 0.212742 -0.903503
vn -0.597294 0.269878 -0.755252
vn -0.567265 0.272665 -0.777087
vn -0.591537 0.195078 -0.782323
vn -0.626319 0.189335 -0.756225
vn -0.591537 0.195078 -0.782323
vn -0.567265 0.272665 -0.777087
vn -0.521192 0.278742 -0.806636
vn -0.541859 0.200844 -0.816119
vn 0.577281 0.286449 0.764652
vn 0.642131 0.328831 0.692487
vn 0.644007 0.271038 0.715398
vn 0.578623 0.228343 0.782978
vn 0.644007 0.271038 0.715398
vn 0.642131 0.328831 0.692487
vn 0.690891 0.346180 0.634688
vn 0.693414 0.286862 0.660974
vn 0.421401 0.189154 0.886929
vn 0.501710 0.249745 0.828200
vn 0.503042 0.189021 0.843339
vn 0.423506 0.130877 0.896389
vn 0.503042 0.189021 0.843339
vn 0.501710 0.249745 0.828200
vn 0.577281 0.286449 0.764652
vn 0.578623 0.228343 0.782978
vn -0.629010 0.281740 -0.724548
vn -0.618588 0.267386 -0.738819
vn -0.651299 0.183856 -0.736211
vn -0.663448 0.198735 -0.721346
vn 0.728639 0.306621 0.612428
vn 0.724523 0.368936 0.582197
vn 0.745991 0.376889 0.549047
vn 0.751821 0.307954 0.583035
vn -0.516376 0.471315 -0.714995
vn -0.603044 0.396767 -0.692036
vn -0.628875 0.331298 -0.703390
vn -0.534202 0.421797 -0.732609
vn -0.628875 0.331298 -0.703390
vn -0.603044 0.396767 -0.692036
vn -0.630561 0.345338 -0.695078
vn -0.661711 0.270969 -0.699081
vn 0.768401 0.392594 0.505401
vn 0.777138 0.398069 0.487440
vn 0.792533 0.302210 0.529680
vn 0.779818 0.306689 0.545735
vn 0.792533 0.302210 0.529680
vn 0.777138 0.398069 0.487440
vn 0.791181 0.401208 0.461590
vn 0.811747 0.295560 0.503697
vn 0.894333 0.447384 -0.004052
vn 0.887269 0.459432 -0.040945
vn 0.944364 0.324036 -0.056362
vn 0.950746 0.309508 -0.016911
vn 0.947677 0.275835 0.160698
vn 0.894011 0.419054 0.158551
vn 0.898406 0.427199 0.101824
vn 0.953334 0.285468 0.098300
vn 0.876556 0.417718 0.239083
vn 0.879334 0.418308 0.227576
vn 0.931129 0.275753 0.238663
vn 0.926926 0.276561 0.253620
vn 0.931129 0.275753 0.238663
vn 0.879334 0.418308 0.227576
vn 0.885915 0.418330 0.200388
vn 0.938670 0.275491 0.207371
vn 0.878011 0.457193 -0.141674
vn 0.870488 0.450358 -0.198568
vn 0.921063 0.322412 -0.218389
vn 0.931131 0.327727 -0.159971
vn 0.884102 0.462090 -0.069542
vn 0.879640 0.465237 -0.098939
vn 0.935406 0.333891 -0.116326
vn 0.940462 0.328811 -0.086107
vn 0.006646 0.998383 0.056463
vn 0.009935 0.998132 0.060279
vn 0.006376 0.999920 0.010923
vn 0.017936 0.999722 0.015304
vn -0.051933 0.983652 0.172430
vn -0.026859 0.983744 0.177556
vn -0.033704 0.983236 0.179194
vn -0.058247 0.982799 0.175255
vn -0.033704 0.983236 0.179194
vn -0.026859 0.983744 0.177556
vn -0.012078 0.985390 0.169883
vn -0.018846 0.985269 0.169972
vn 0.000195 0.989174 0.146746
vn 0.007171 0.988878 0.148557
vn 0.005886 0.994322 0.106254
vn 0.001292 0.994658 0.103217
vn 0.938135 0.253990 -0.235354
vn 0.927482 0.372572 0.031114
vn 0.967712 0.249934 0.032661
vn 0.552097 0.251546 0.794930
vn 0.558490 0.293001 0.776041
vn 0.525111 0.291649 0.799499
vn 0.517849 0.254657 0.816690
vn -0.570841 0.511972 -0.641892
vn -0.591579 0.517273 -0.618436
vn -0.638796 0.438797 -0.631979
vn -0.613675 0.441928 -0.654295
vn 0.108151 0.992902 0.049482
vn 0.076932 0.995715 0.051313
vn 0.101784 0.992756 0.063833
vn 0.135900 0.988688 0.063454
vn 0.160579 0.984203 0.074559
vn 0.123754 0.989535 0.074199
vn 0.134361 0.987245 0.085407
vn 0.172578 0.981236 0.085982
vn 0.343265 0.937218 -0.061581
vn 0.340290 0.937980 -0.066300
vn 0.350966 0.934866 -0.053367
vn 0.358793 0.932382 -0.043956
vn 0.289550 0.956946 0.020396
vn 0.304954 0.952362 -0.003012
vn 0.334666 0.941914 0.028217
vn 0.323289 0.944829 0.052740
vn 0.334666 0.941914 0.028217
vn 0.304954 0.952362 -0.003012
vn 0.321241 0.946471 -0.031563
vn 0.346309 0.938109 -0.004584
vn 0.065705 0.942488 -0.327719
vn 0.035924 0.936985 -0.347518
vn -0.009213 0.907894 -0.419099
vn 0.023104 0.916668 -0.398980
vn 0.079285 0.996843 0.004269
vn 0.047329 0.998797 0.012808
vn 0.063158 0.997457 0.033037
vn 0.094851 0.995090 0.028255
vn -0.182891 0.982785 -0.026178
vn -0.170852 0.985230 0.011459
vn -0.174009 0.984648 0.013747
vn -0.185215 0.982374 -0.025250
vn -0.194533 0.978237 -0.072177
vn -0.193032 0.979817 -0.051940
vn -0.194313 0.979533 -0.052521
vn -0.195971 0.977834 -0.073731
vn -0.108524 0.989831 -0.091966
vn -0.144175 0.986094 -0.082657
vn -0.148721 0.985261 -0.084516
vn -0.114135 0.989402 -0.089765
vn -0.172525 0.981244 -0.085999
vn -0.189580 0.978642 -0.079488
vn -0.191158 0.978088 -0.082482
vn -0.175540 0.980490 -0.088457
vn -0.100824 0.985767 0.134530
vn -0.076623 0.984724 0.156360
vn -0.082474 0.983661 0.160026
vn -0.106191 0.984659 0.138454
vn -0.147849 0.987329 0.057645
vn -0.128062 0.986527 0.101804
vn -0.133151 0.985447 0.105663
vn -0.151878 0.986532 0.060729
vn 0.096579 0.989056 -0.111539
vn 0.027578 0.992004 -0.123156
vn 0.026926 0.993984 -0.106167
vn 0.099746 0.990635 -0.093234
vn -0.024982 0.993254 -0.113234
vn -0.065773 0.992762 -0.100490
vn -0.071526 0.993069 -0.093264
vn -0.028850 0.994422 -0.101452
vn 0.175498 0.980912 0.083737
vn 0.139791 0.986831 0.081385
vn 0.148051 0.986037 0.076241
vn 0.182487 0.980037 0.078900
vn 0.678547 0.222103 0.700175
vn 0.652094 0.349570 0.672736
vn 0.650153 0.348757 0.675033
vn 0.676037 0.221733 0.702715
vn 0.299875 0.407690 0.862475
vn 0.272778 0.440245 0.855439
vn 0.274604 0.397959 0.875341
vn 0.299332 0.370330 0.879350
vn -0.187152 0.982242 0.013226
vn -0.160642 0.986960 0.010173
vn -0.156953 0.987559 0.009687
vn -0.184465 0.982758 0.012649
vn -0.158547 0.987332 0.006128
vn -0.154751 0.987886 0.011532
vn -0.182354 0.983080 0.017366
vn -0.188810 0.981907 0.014492
vn -0.185917 0.982387 0.018753
vn -0.158777 0.987199 0.015120
vn -0.159680 0.987088 0.012663
vn -0.186502 0.982326 0.015919
vn -0.194602 0.980866 -0.005583
vn -0.153928 0.988073 -0.004251
vn -0.166184 0.986054 -0.008979
vn -0.197572 0.980235 -0.010234
vn -0.102017 0.977580 -0.184199
vn -0.115967 0.973436 -0.197418
vn -0.052063 0.965551 -0.254953
vn -0.029797 0.967659 -0.250495
vn -0.101269 0.994850 -0.004313
vn -0.062216 0.998052 -0.004612
vn -0.068074 0.997674 -0.003551
vn -0.109900 0.993936 -0.003537
vn -0.034107 0.999251 -0.018259
vn -0.043886 0.998982 -0.010441
vn -0.073017 0.997281 -0.009923
vn -0.061635 0.997890 -0.020404
vn -0.088202 0.996091 -0.004810
vn -0.054399 0.998505 -0.005389
vn -0.058301 0.998287 -0.004869
vn -0.094740 0.995492 -0.004401
vn -0.082442 0.940030 -0.330979
vn -0.113350 0.949252 -0.293381
vn -0.106340 0.951789 -0.287730
vn -0.081775 0.942288 -0.324663
vn -0.070481 0.944645 -0.320434
vn -0.087607 0.954561 -0.284847
vn -0.061887 0.960110 -0.272689
vn -0.053149 0.951235 -0.303855
vn -0.069448 0.995470 -0.064927
vn -0.056613 0.996450 -0.062309
vn -0.045459 0.996393 -0.071659
vn -0.054491 0.995885 -0.072409
vn -0.167653 0.985836 0.004459
vn -0.132548 0.991172 0.003156
vn -0.122552 0.992455 -0.003819
vn -0.151232 0.988493 -0.003230
vn -0.194987 0.980419 -0.027551
vn -0.182912 0.982889 -0.021719
vn -0.220390 0.975412 0.000001
vn -0.230989 0.972956 -0.001011
vn -0.077524 0.996224 -0.039098
vn -0.067182 0.996845 -0.042267
vn -0.052610 0.997258 -0.052053
vn -0.055313 0.997334 -0.047600
vn -0.173923 0.984325 -0.029241
vn -0.150463 0.987805 -0.040022
vn -0.131584 0.990391 -0.042564
vn -0.163825 0.985992 -0.031324
vn 0.800252 0.391855 -0.453924
vn 0.763833 0.422774 -0.487670
vn 0.805944 0.308145 -0.505471
vn 0.841575 0.266974 -0.469550
vn 0.898903 0.289721 -0.328687
vn 0.867585 0.324857 -0.376517
vn 0.904641 0.181799 -0.385454
vn 0.328230 0.524518 -0.785586
vn 0.000079 0.555203 -0.831715
vn 0.000116 0.521082 -0.853507
vn -0.100712 0.994704 -0.020516
vn -0.089785 0.995502 -0.030232
vn -0.107715 0.993580 -0.034596
vn -0.120894 0.992405 -0.022750
vn -0.098411 0.993697 -0.053672
vn -0.078092 0.995937 -0.044850
vn -0.074547 0.996043 -0.048382
vn -0.094309 0.993901 -0.057150
vn 0.652905 0.398168 -0.644342
vn 0.627338 0.460899 -0.627709
vn 0.640892 0.397796 -0.656518
vn 0.062100 0.985040 -0.160748
vn 0.058967 0.987986 -0.142850
vn 0.046634 0.987225 -0.152354
vn 0.050863 0.984067 -0.170368
vn 0.047006 0.990755 -0.127259
vn 0.034671 0.993869 -0.104984
vn 0.017532 0.993279 -0.114409
vn 0.032345 0.990057 -0.136899
vn -0.173742 0.984698 0.013571
vn -0.201002 0.979449 0.016644
vn -0.239902 0.970432 0.026624
vn -0.208540 0.977802 0.020371
vn -0.061887 0.960110 -0.272689
vn -0.036701 0.964337 -0.262120
vn -0.035000 0.956721 -0.288893
vn -0.053149 0.951235 -0.303855
vn -0.035000 0.956721 -0.288893
vn -0.036701 0.964337 -0.262120
vn -0.014774 0.969520 -0.244566
vn -0.017308 0.963663 -0.266559
vn -0.003003 0.969767 -0.244013
vn 0.002485 0.974020 -0.226449
vn 0.023259 0.976878 -0.212530
vn 0.016010 0.973678 -0.227365
vn -0.014774 0.969520 -0.244566
vn 0.002485 0.974020 -0.226449
vn -0.003003 0.969767 -0.244013
vn -0.017308 0.963663 -0.266559
vn -0.233026 0.972288 0.018863
vn -0.260777 0.965259 0.016448
vn -0.309374 0.950309 0.034642
vn -0.276911 0.960336 0.032794
vn -0.309374 0.950309 0.034642
vn -0.260777 0.965259 0.016448
vn -0.255673 0.966763 -0.000972
vn -0.314399 0.948951 0.025417
vn 0.006475 0.996967 -0.077558
vn -0.018010 0.998586 -0.050022
vn -0.039959 0.997581 -0.056888
vn -0.013110 0.996223 -0.085842
vn -0.111379 0.993684 -0.013667
vn -0.085604 0.996270 -0.010901
vn -0.116030 0.993246 0.000647
vn -0.144293 0.989535 0.000854
vn -0.052862 0.998256 -0.026264
vn -0.085604 0.996270 -0.010901
vn -0.111379 0.993684 -0.013667
vn -0.076899 0.996551 -0.031187
vn 0.023259 0.976878 -0.212530
vn 0.040057 0.979458 -0.197628
vn 0.031516 0.977240 -0.209783
vn 0.016010 0.973678 -0.227365
vn 0.031516 0.977240 -0.209783
vn 0.040057 0.979458 -0.197628
vn 0.054171 0.980763 -0.187533
vn 0.044689 0.979083 -0.198491
vn 0.054171 0.980763 -0.187533
vn 0.061698 0.982974 -0.173079
vn 0.051630 0.981808 -0.182724
vn 0.044689 0.979083 -0.198491
vn -0.074526 0.943658 -0.322422
vn -0.114526 0.952066 -0.283644
vn -0.117151 0.950196 -0.288797
vn -0.081123 0.941488 -0.327139
vn -0.120744 0.956076 -0.267096
vn -0.114526 0.952066 -0.283644
vn -0.074526 0.943658 -0.322422
vn -0.076554 0.948503 -0.307379
vn -0.055048 0.977484 -0.203702
vn -0.059647 0.978421 -0.197823
vn -0.064693 0.978920 -0.193726
vn -0.060759 0.977710 -0.200976
vn -0.064693 0.978920 -0.193726
vn -0.059647 0.978421 -0.197823
vn -0.051318 0.980403 -0.190200
vn -0.056666 0.981202 -0.184478
vn 0.041758 0.978675 -0.201124
vn 0.009946 0.980598 -0.195776
vn 0.000738 0.980755 -0.195242
vn 0.032703 0.979391 -0.199307
vn -0.021129 0.979579 -0.199946
vn -0.043865 0.979028 -0.198947
vn -0.050575 0.978888 -0.198043
vn -0.029217 0.979469 -0.199464
vn 0.174603 0.962711 -0.206641
vn 0.132223 0.966132 -0.221599
vn 0.130267 0.968284 -0.213205
vn 0.177260 0.964506 -0.195721
vn 0.101460 0.971222 -0.215483
vn 0.074620 0.974936 -0.209601
vn 0.066794 0.976345 -0.205645
vn 0.096038 0.973065 -0.209575
vn 0.117217 0.980141 -0.159952
vn 0.141071 0.980275 -0.138420
vn 0.120690 0.977379 -0.173678
vn 0.102759 0.975771 -0.193162
vn 0.087967 0.970208 -0.225738
vn 0.100174 0.972940 -0.208212
vn 0.066559 0.964436 -0.255800
vn 0.057463 0.960248 -0.273171
vn 0.192756 0.980882 -0.026744
vn 0.202962 0.978372 -0.039927
vn 0.180306 0.982225 -0.052200
vn 0.174094 0.984147 -0.033856
vn 0.180306 0.982225 -0.052200
vn 0.202962 0.978372 -0.039927
vn 0.189897 0.979898 -0.061143
vn 0.164179 0.983345 -0.077964
vn 0.101551 0.993571 -0.050046
vn 0.133827 0.990466 -0.032671
vn 0.124336 0.991869 -0.027124
vn 0.092864 0.994763 -0.042685
vn 0.158141 0.987210 -0.020192
vn 0.184407 0.982708 -0.016740
vn 0.170137 0.985254 -0.018131
vn 0.146112 0.989107 -0.017855
vn -0.016701 0.989163 -0.145871
vn 0.005518 0.993016 -0.117853
vn -0.001397 0.994018 -0.109204
vn -0.023024 0.990173 -0.137937
vn 0.038138 0.994948 -0.092869
vn 0.068538 0.995024 -0.072322
vn 0.060833 0.996103 -0.063865
vn 0.030825 0.995985 -0.084050
vn 0.304972 0.942719 -0.135177
vn 0.291173 0.944582 -0.151605
vn 0.263709 0.949820 -0.168227
vn 0.275118 0.949178 -0.152875
vn 0.227893 0.957135 -0.178764
vn 0.220305 0.956293 -0.192273
vn 0.174603 0.962711 -0.206641
vn 0.177260 0.964506 -0.195721
vn 0.316226 0.941889 -0.113340
vn 0.299698 0.944828 -0.132214
vn 0.300989 0.943070 -0.141511
vn 0.316477 0.940494 -0.123745
vn 0.252138 0.965272 -0.068389
vn 0.225175 0.969405 -0.097730
vn 0.248550 0.961952 -0.113449
vn 0.272094 0.958304 -0.087283
vn 0.201897 0.975841 -0.083504
vn 0.225175 0.969405 -0.097730
vn 0.252138 0.965272 -0.068389
vn 0.232910 0.971092 -0.052278
vn 0.068737 0.997633 -0.002011
vn 0.076403 0.997071 -0.003582
vn 0.104078 0.994569 -0.000166
vn 0.097228 0.995262 0.001078
vn 0.081935 0.996634 -0.002867
vn 0.087431 0.996168 -0.002217
vn 0.115701 0.993282 0.002106
vn 0.109892 0.993943 0.000902
vn 0.125817 0.992053 -0.001268
vn 0.097075 0.995245 -0.007961
vn 0.106819 0.994171 -0.014611
vn 0.138100 0.990403 -0.005419
vn -0.432081 0.597583 -0.675427
vn -0.444721 0.654613 -0.611315
vn -0.481190 0.584128 -0.653644
vn -0.461267 0.530536 -0.711171
vn 0.492594 0.837650 0.235996
vn 0.493259 0.844722 0.207704
vn 0.445878 0.886734 0.122046
vn 0.447888 0.882525 0.143340
vn 0.489478 0.851036 0.190128
vn 0.482912 0.857231 0.178750
vn 0.420949 0.902753 0.088535
vn 0.434224 0.895125 0.100998
vn -0.028734 0.998534 -0.045880
vn -0.018062 0.999125 -0.037735
vn -0.004613 0.999146 -0.041063
vn -0.018968 0.998706 -0.047194
vn 0.026611 0.999646 0.000744
vn 0.034747 0.999377 0.006204
vn 0.070739 0.997473 0.006660
vn 0.056084 0.998426 0.000524
vn 0.185778 0.982161 -0.029104
vn 0.147416 0.987725 -0.051653
vn 0.164027 0.984593 -0.060598
vn -0.005525 0.998957 -0.045318
vn 0.007127 0.999314 -0.036346
vn 0.020794 0.999164 -0.035201
vn 0.001870 0.999059 -0.043322
vn -0.524069 0.444469 -0.726497
vn -0.637103 0.305505 -0.707648
vn -0.541499 0.394129 -0.742591
vn 0.020908 0.999486 -0.024310
vn 0.002254 0.999816 -0.019024
vn 0.009967 0.999880 -0.011876
vn 0.030811 0.999413 -0.014987
vn 0.059174 0.994390 0.087680
vn 0.117579 0.987407 0.105845
vn 0.075517 0.995088 0.064014
vn 0.020023 0.998441 0.052095
vn -0.024899 0.999689 -0.001258
vn 0.026940 0.999631 0.003631
vn -0.006815 0.997720 -0.067143
vn -0.055322 0.996361 -0.064838
vn 0.242690 0.961438 0.129375
vn 0.303021 0.936843 0.174654
vn 0.254231 0.952084 0.170011
vn 0.193265 0.972282 0.131591
vn 0.148196 0.981324 0.122646
vn 0.209353 0.965662 0.153847
vn 0.163286 0.977004 0.137115
vn 0.103259 0.988262 0.112589
vn -0.065222 0.980959 -0.182936
vn -0.081157 0.972971 -0.216198
vn -0.118593 0.973547 -0.195301
vn -0.106343 0.980118 -0.167512
vn -0.118593 0.973547 -0.195301
vn -0.081157 0.972971 -0.216198
vn -0.092830 0.966633 -0.238753
vn -0.125286 0.968958 -0.213128
vn -0.126022 0.966898 -0.221870
vn -0.099195 0.962629 -0.252005
vn -0.101065 0.961196 -0.256686
vn -0.121432 0.967049 -0.223766
vn -0.107821 0.969891 -0.218370
vn -0.094251 0.962651 -0.253809
vn -0.076706 0.966016 -0.246840
vn -0.083572 0.973834 -0.211337
vn 0.041037 0.981242 -0.188362
vn 0.027670 0.973599 -0.226581
vn 0.068865 0.969198 -0.236461
vn 0.091314 0.976797 -0.193725
vn -0.048936 0.978677 -0.199491
vn -0.049032 0.970784 -0.234892
vn -0.015710 0.972629 -0.231832
vn -0.009417 0.980736 -0.195111
vn 0.117630 0.951565 -0.284056
vn 0.110324 0.939536 -0.324191
vn 0.166447 0.949939 -0.264407
vn 0.162349 0.959610 -0.229765
vn 0.068865 0.969198 -0.236461
vn 0.109864 0.962018 -0.249903
vn 0.142055 0.968885 -0.202690
vn 0.091314 0.976797 -0.193725
vn 0.101198 0.932208 -0.347487
vn 0.079303 0.925048 -0.371481
vn 0.146791 0.938971 -0.311105
vn 0.163981 0.943864 -0.286760
vn 0.029135 0.943659 -0.329634
vn 0.006971 0.956574 -0.291407
vn 0.072495 0.968880 -0.236677
vn 0.096074 0.956690 -0.274799
vn 0.072495 0.968880 -0.236677
vn 0.006971 0.956574 -0.291407
vn 0.004761 0.969756 -0.244030
vn 0.062028 0.979021 -0.194090
vn 0.431299 0.887153 0.164139
vn 0.400663 0.900844 0.167182
vn 0.341819 0.933335 0.109755
vn 0.371326 0.923144 0.099614
vn 0.341819 0.933335 0.109755
vn 0.400663 0.900844 0.167182
vn 0.351815 0.920099 0.172172
vn 0.292056 0.948830 0.120106
vn 0.115562 0.993109 -0.019484
vn 0.126925 0.991811 -0.014184
vn 0.114417 0.993338 -0.013692
vn 0.108569 0.993896 -0.019571
vn 0.141712 0.989869 -0.008838
vn 0.162321 0.986693 -0.009449
vn 0.167301 0.985863 -0.009222
vn 0.148413 0.988887 -0.008744
vn 0.155034 0.987868 -0.009011
vn 0.172176 0.985021 -0.009410
vn 0.162181 0.986722 -0.008803
vn 0.157120 0.987542 -0.008584
vn 0.164408 0.985805 -0.034041
vn 0.118096 0.992399 -0.034613
vn 0.126109 0.991635 -0.027521
vn 0.170449 0.985003 -0.026747
vn 0.170210 0.985365 -0.009147
vn 0.114343 0.993408 -0.008178
vn 0.103960 0.994510 -0.011893
vn 0.158114 0.987336 -0.012940
s off
g sword:_FancySword
usemtl initialShadingGroup
f 39/1/1 34/2/2 57/3/3 12/4/4
f 38/5/5 39/1/6 12/4/7 191/6/8
f 190/7/9 63/8/10 35/9/11 13/10/12
f 58/11/13 59/12/14 56/13/15 8/14/16
f 56/13/17 59/12/18 22/15/19 133/16/20
f 103/17/21 48/18/22 62/19/23 23/20/24
f 48/18/25 58/11/26 8/14/27 62/19/28
f 12/4/29 57/3/30 192/21/31 60/22/32
f 191/6/33 12/4/34 60/22/35 61/23/36
f 60/24/37 37/25/38 36/26/39 61/27/40
f 192/28/41 200/29/42 37/25/43 60/24/44
f 37/30/45 39/1/46 38/5/47 36/31/48
f 200/32/49 34/2/50 39/1/51 37/30/52
f 201/33/53 49/34/54 40/35/55 55/36/56
f 55/36/57 40/35/58 98/37/59 216/38/60
f 109/39/61 47/40/62 202/41/63 127/42/64
f 202/41/65 47/40/66 49/34/67 201/33/68
f 203/43/69 41/44/70 69/45/71 42/46/72
f 69/45/73 41/44/74 14/47/75 20/48/76
f 43/49/77 203/43/78 42/46/79 70/50/80
f 194/51/81 204/52/82 43/49/83 70/50/84
f 45/53/85 54/54/86 203/55/87 43/56/88
f 41/57/89 44/58/90 2/59/91 14/60/92
f 54/54/93 44/58/94 41/57/95 203/55/96
f 204/61/97 52/62/98 45/53/99 43/56/100
f 66/63/101 46/64/102 102/65/103 21/66/104
f 84/67/105 82/68/106 46/64/107 66/63/108
f 59/12/109 47/40/110 109/39/111 22/15/112
f 49/34/113 47/40/114 59/12/115 58/11/116
f 98/37/117 40/35/118 48/18/119 103/17/120
f 40/35/121 49/34/122 58/11/123 48/18/124
f 65/69/125 51/70/126 50/71/127 64/72/128
f 15/73/129 65/69/130 64/72/131 76/74/132
f 206/75/133 205/76/134 15/77/135 76/78/136
f 50/71/137 51/70/138 205/79/139 206/80/140
f 208/81/141 66/63/142 21/66/143 193/82/144
f 1/83/145 84/67/146 66/63/147 208/81/148
f 207/84/149 211/85/150 1/86/151 208/87/152
f 101/88/153 207/84/154 208/87/155 193/89/156
f 46/64/157 82/68/158 211/90/159 207/91/160
f 102/65/161 46/64/162 207/91/163 101/92/164
f 45/53/165 52/62/166 94/93/167 7/94/168
f 2/59/169 44/58/170 53/95/171 3/96/172
f 53/95/173 44/58/174 54/54/175 95/97/176
f 95/97/177 54/54/178 45/53/179 7/94/180
f 7/94/181 94/93/182 194/98/183 70/99/184
f 3/96/185 53/95/186 69/100/187 20/101/188
f 69/100/189 53/95/190 95/97/191 42/102/192
f 42/102/193 95/97/194 7/94/195 70/99/196
f 62/103/197 55/104/198 216/105/199 23/106/200
f 8/107/201 201/108/202 55/104/203 62/103/204
f 127/109/205 202/110/206 56/111/207 133/112/208
f 56/111/209 202/110/210 201/108/211 8/107/212
f 51/70/213 63/8/214 190/113/215 205/79/216
f 35/9/217 63/8/218 51/70/219 65/69/220
f 205/76/221 190/114/222 13/115/223 15/77/224
f 13/116/225 35/117/226 65/69/227 15/73/228
f 72/118/229 50/71/230 206/80/231 210/119/232
f 89/120/233 71/121/234 209/122/235 86/123/236
f 71/121/237 72/118/238 210/119/239 209/122/240
f 75/124/241 71/121/242 89/120/243 24/125/244
f 74/126/245 72/118/246 71/121/247 75/124/248
f 64/72/249 50/71/250 72/118/251 74/126/252
f 210/127/253 206/75/254 76/78/255 77/128/256
f 86/129/257 209/130/258 73/131/259 96/132/260
f 209/130/261 210/127/262 77/128/263 73/131/264
f 77/133/265 74/126/266 75/124/267 73/134/268
f 73/134/269 75/124/270 24/125/271 96/135/272
f 76/74/273 64/72/274 74/126/275 77/133/276
f 212/136/277 204/52/278 194/51/279 78/137/280
f 79/138/281 212/136/282 78/137/283 80/139/284
f 1/86/285 211/85/286 79/138/287 80/139/288
f 81/140/289 83/141/290 212/142/291 79/143/292
f 83/141/293 52/62/294 204/61/295 212/142/296
f 211/90/297 82/68/298 81/140/299 79/143/300
f 81/140/301 82/68/302 84/67/303 9/144/304
f 94/93/305 52/62/306 83/141/307 85/145/308
f 85/145/309 83/141/310 81/140/311 9/144/312
f 9/144/313 84/67/314 1/83/315 80/146/316
f 194/98/317 94/93/318 85/145/319 78/147/320
f 78/147/321 85/145/322 9/144/323 80/146/324
f 213/148/325 86/129/326 96/132/327 10/149/328
f 14/47/329 214/150/330 87/151/331 20/48/332
f 87/151/333 214/150/334 88/152/335 97/153/336
f 97/153/337 88/152/338 213/148/339 10/149/340
f 93/154/341 89/120/342 86/123/343 213/155/344
f 2/59/345 91/156/346 214/157/347 14/60/348
f 214/157/349 91/156/350 90/158/351 88/159/352
f 88/159/353 90/158/354 93/154/355 213/155/356
f 90/158/357 91/156/358 67/160/359 92/161/360
f 67/160/361 91/156/362 2/59/363 3/96/364
f 93/154/365 90/158/366 92/161/367 68/162/368
f 24/125/369 89/120/370 93/154/371 68/162/372
f 68/162/373 92/161/374 97/163/375 10/164/376
f 87/165/377 67/160/378 3/96/379 20/101/380
f 92/161/381 67/160/382 87/165/383 97/163/384
f 96/135/385 24/125/386 68/162/387 10/164/388
f 104/166/389 99/167/390 98/37/391 103/17/392
f 34/2/393 99/167/394 104/166/395 57/3/396
f 100/168/397 38/5/398 191/6/399 105/169/400
f 21/66/401 102/65/402 100/168/403 105/169/404
f 106/170/405 104/166/406 103/17/407 23/20/408
f 57/3/409 104/166/410 106/170/411 192/21/412
f 105/169/413 191/6/414 61/23/415 11/171/416
f 193/82/417 21/66/418 105/169/419 11/171/420
f 106/172/421 215/173/422 200/29/423 192/28/424
f 216/105/425 215/173/426 106/172/427 23/106/428
f 217/174/429 101/88/430 193/89/431 11/175/432
f 61/27/433 36/26/434 217/174/435 11/175/436
f 215/176/437 99/167/438 34/2/439 200/32/440
f 98/37/441 99/167/442 215/176/443 216/38/444
f 100/168/445 102/65/446 101/92/447 217/177/448
f 36/31/449 38/5/450 100/168/451 217/177/452
f 186/178/453 175/179/454 107/180/455 129/181/456
f 129/181/457 107/180/458 184/182/459 29/183/460
f 135/184/461 195/185/462 223/186/463 30/187/464
f 134/188/465 31/189/466 130/190/467 125/191/468
f 125/191/469 130/190/470 26/192/471 188/193/472
f 133/16/473 22/15/474 131/194/475 128/195/476
f 128/195/477 131/194/478 31/189/479 134/188/480
f 132/196/481 186/178/482 129/181/483 108/197/484
f 108/197/485 129/181/486 29/183/487 198/198/488
f 218/199/489 229/200/490 132/201/491 108/202/492
f 180/203/493 218/199/494 108/202/495 198/204/496
f 184/182/497 107/180/498 218/205/499 180/206/500
f 107/180/501 175/179/502 229/207/503 218/205/504
f 110/208/505 117/209/506 219/210/507 126/211/508
f 117/209/509 109/39/510 127/42/511 219/210/512
f 181/212/513 118/213/514 220/214/515 177/215/516
f 118/213/517 110/208/518 126/211/519 220/214/520
f 141/216/521 111/217/522 225/218/523 25/219/524
f 142/220/525 113/221/526 111/217/527 141/216/528
f 196/222/529 221/223/530 112/224/531 16/225/532
f 112/224/533 221/223/534 19/226/535 17/227/536
f 19/226/537 113/221/538 142/220/539 17/227/540
f 113/228/541 115/229/542 114/230/543 111/231/544
f 111/231/545 114/230/546 160/232/547 225/233/548
f 5/234/549 124/235/550 221/236/551 196/237/552
f 221/236/553 124/235/554 232/238/555 19/239/556
f 232/238/557 115/229/558 113/228/559 19/239/560
f 176/240/561 116/241/562 138/242/563 199/243/564
f 22/15/565 109/39/566 117/209/567 131/194/568
f 131/194/569 117/209/570 110/208/571 31/189/572
f 130/190/573 118/213/574 181/212/575 26/192/576
f 31/189/577 110/208/578 118/213/579 130/190/580
f 121/244/581 122/245/582 224/246/583 148/247/584
f 224/246/585 122/245/586 195/185/587 135/184/588
f 148/247/589 224/246/590 137/248/591 136/249/592
f 137/248/593 224/246/594 135/184/595 30/250/596
f 137/251/597 120/252/598 119/253/599 136/254/600
f 223/255/601 120/252/602 137/251/603 30/256/604
f 120/257/605 122/245/606 121/244/607 119/258/608
f 195/259/609 122/245/610 120/257/611 223/260/612
f 199/243/613 138/242/614 197/261/615 27/262/616
f 197/263/617 222/264/618 230/265/619 27/266/620
f 222/267/621 116/241/622 176/240/623 230/268/624
f 160/232/625 114/230/626 123/269/627 4/270/628
f 114/230/629 115/229/630 172/271/631 123/269/632
f 232/238/633 124/235/634 171/272/635 18/273/636
f 171/272/637 124/235/638 5/234/639 6/274/640
f 172/271/641 115/229/642 232/238/643 18/273/644
f 4/270/645 123/269/646 141/275/647 25/276/648
f 123/269/649 172/271/650 142/277/651 141/275/652
f 142/277/653 172/271/654 18/273/655 17/278/656
f 112/279/657 171/272/658 6/274/659 16/280/660
f 18/273/661 171/272/662 112/279/663 17/278/664
f 177/281/665 220/282/666 125/283/667 188/284/668
f 220/282/669 126/285/670 134/286/671 125/283/672
f 219/287/673 127/109/674 133/112/675 128/288/676
f 126/285/677 219/287/678 128/288/679 134/286/680
f 119/258/681 121/244/682 143/289/683 146/290/684
f 146/290/685 143/289/686 144/291/687 147/292/688
f 147/292/689 144/291/690 170/293/691 228/294/692
f 143/289/693 121/244/694 148/247/695 149/295/696
f 170/293/697 144/291/698 145/296/699 139/297/700
f 144/291/701 143/289/702 149/295/703 145/296/704
f 136/254/705 119/253/706 146/298/707 151/299/708
f 150/300/709 147/301/710 228/302/711 28/303/712
f 151/299/713 146/298/714 147/301/715 150/300/716
f 139/297/717 145/296/718 150/304/719 28/305/720
f 145/296/721 149/295/722 151/306/723 150/304/724
f 149/295/725 148/247/726 136/249/727 151/306/728
f 25/219/729 225/218/730 152/307/731 155/308/732
f 155/308/733 152/307/734 226/309/735 32/310/736
f 154/311/737 153/312/738 222/264/739 197/263/740
f 32/310/741 226/309/742 153/312/743 154/311/744
f 225/233/745 160/232/746 156/313/747 152/314/748
f 152/314/749 156/313/750 159/315/751 226/316/752
f 226/316/753 159/315/754 157/317/755 153/318/756
f 153/318/757 157/317/758 116/241/759 222/267/760
f 116/241/761 157/317/762 158/319/763 138/242/764
f 157/317/765 159/315/766 162/320/767 158/319/768
f 156/313/769 160/232/770 4/270/771 161/321/772
f 159/315/773 156/313/774 161/321/775 162/320/776
f 138/242/777 158/319/778 154/322/779 197/261/780
f 158/319/781 162/320/782 32/323/783 154/322/784
f 162/320/785 161/321/786 155/324/787 32/323/788
f 161/321/789 4/270/790 25/276/791 155/324/792
f 227/325/793 163/326/794 173/327/795 164/328/796
f 173/327/797 163/326/798 196/222/799 16/225/800
f 165/329/801 227/325/802 164/328/803 174/330/804
f 28/303/805 228/302/806 165/329/807 174/330/808
f 167/331/809 169/332/810 227/333/811 165/334/812
f 163/335/813 166/336/814 5/234/815 196/237/816
f 169/332/817 166/336/818 163/335/819 227/333/820
f 228/294/821 170/293/822 167/331/823 165/334/824
f 5/234/825 166/336/826 168/337/827 6/274/828
f 168/337/829 166/336/830 169/332/831 140/338/832
f 140/338/833 169/332/834 167/331/835 33/339/836
f 167/331/837 170/293/838 139/297/839 33/339/840
f 6/274/841 168/337/842 173/340/843 16/280/844
f 173/340/845 168/337/846 140/338/847 164/341/848
f 164/341/849 140/338/850 33/339/851 174/342/852
f 33/339/853 139/297/854 28/305/855 174/342/856
f 181/212/857 182/343/858 185/344/859 26/192/860
f 185/344/861 182/343/862 175/179/863 186/178/864
f 183/345/865 176/240/866 199/243/867 231/346/868
f 29/183/869 184/182/870 183/345/871 231/346/872
f 26/192/873 185/344/874 189/347/875 188/193/876
f 189/347/877 185/344/878 186/178/879 132/196/880
f 231/346/881 199/243/882 27/262/883 187/348/884
f 198/198/885 29/183/886 231/346/887 187/348/888
f 189/349/889 178/350/890 177/281/891 188/284/892
f 229/200/893 178/350/894 189/349/895 132/201/896
f 27/266/897 230/265/898 179/351/899 187/352/900
f 179/351/901 180/203/902 198/204/903 187/352/904
f 178/353/905 182/343/906 181/212/907 177/215/908
f 175/179/909 182/343/910 178/353/911 229/207/912
f 230/268/913 176/240/914 183/345/915 179/354/916
f 183/345/917 184/182/918 180/206/919 179/354/920
f 255/355/921 287/356/922 293/357/923
f 287/356/924 255/355/925 324/358/926 282/359/927
f 293/357/928 287/356/929 288/360/930
f 288/360/931 287/356/932 282/359/933 283/361/934
f 250/362/935 253/363/936 288/360/937 283/361/938
f 289/364/939 253/363/940 250/362/941 284/365/942
f 285/366/943 290/367/944 289/364/945 284/365/946
f 251/368/947 254/369/948 290/367/949 285/366/950
f 291/370/951 254/369/952 251/368/953 286/371/954
f 324/358/955 252/372/956 292/373/957 282/359/958
f 324/374/959 255/355/960 293/357/961 294/375/962
f 294/375/963 293/357/964 288/360/965 295/376/966
f 288/360/967 253/363/968 256/377/969 295/376/970
f 256/377/971 253/363/972 289/364/973 233/378/974
f 289/364/975 290/367/976 257/379/977 233/378/978
f 290/367/979 254/369/980 258/380/981 257/379/982
f 258/380/983 254/369/984 291/370/985 296/381/986
f 250/362/987 279/382/988 343/383/989 284/365/990
f 297/384/991 259/385/992 324/374/993 294/375/994
f 300/386/995 297/384/996 294/375/997 295/376/998
f 256/377/999 260/387/1000 300/386/1001 295/376/1002
f 302/388/1003 260/387/1004 256/377/1005 233/378/1006
f 257/379/1007 303/389/1008 302/388/1009 233/378/1010
f 258/380/1011 261/390/1012 303/389/1013 257/379/1014
f 305/391/1015 261/390/1016 258/380/1017 296/381/1018
f 343/383/1019 280/392/1020 285/366/1021 284/365/1022
f 324/393/1023 259/385/1024 298/394/1025 299/395/1026
f 298/394/1027 259/385/1028 297/384/1029
f 299/395/1030 298/394/1031 300/386/1032 234/396/1033
f 300/386/1034 298/394/1035 297/384/1036
f 300/386/1037 260/387/1038 301/397/1039 234/396/1040
f 301/397/1041 260/387/1042 302/388/1043 235/398/1044
f 302/388/1045 303/389/1046 236/399/1047 235/398/1048
f 303/389/1049 261/390/1050 304/400/1051 236/399/1052
f 304/400/1053 261/390/1054 305/391/1055 237/401/1056
f 307/402/1057 306/403/1058 324/393/1059 299/395/1060
f 308/404/1061 307/402/1062 299/395/1063 234/396/1064
f 301/397/1065 262/405/1066 308/404/1067 234/396/1068
f 309/406/1069 262/405/1070 301/397/1071 235/398/1072
f 236/399/1073 310/407/1074 309/406/1075 235/398/1076
f 304/400/1077 263/408/1078 310/407/1079 236/399/1080
f 311/409/1081 263/408/1082 304/400/1083 237/401/1084
f 282/359/1085 292/373/1086 342/410/1087 283/361/1088
f 306/411/1089 264/412/1090 268/413/1091 324/414/1092
f 268/415/1093 264/416/1094 312/417/1095 316/418/1096
f 312/417/1097 264/416/1098 306/419/1099 307/420/1100
f 316/418/1101 312/417/1102 313/421/1103 318/422/1104
f 313/421/1105 312/417/1106 307/420/1107 308/423/1108
f 313/421/1109 265/424/1110 269/425/1111 318/422/1112
f 262/426/1113 265/424/1114 313/421/1115 308/423/1116
f 269/425/1117 265/424/1118 314/427/1119 320/428/1120
f 314/427/1121 265/424/1122 262/426/1123 309/429/1124
f 314/427/1125 266/430/1126 270/431/1127 320/428/1128
f 310/432/1129 266/430/1130 314/427/1131 309/429/1132
f 266/430/1133 267/433/1134 271/434/1135 270/431/1136
f 263/435/1137 267/433/1138 266/430/1139 310/432/1140
f 271/434/1141 267/433/1142 315/436/1143 322/437/1144
f 315/436/1145 267/433/1146 263/435/1147 311/438/1148
f 324/439/1149 268/415/1150 316/418/1151 317/440/1152
f 317/440/1153 316/418/1154 318/422/1155 238/441/1156
f 318/422/1157 269/425/1158 319/442/1159 238/441/1160
f 319/442/1161 269/425/1162 320/428/1163 239/443/1164
f 320/428/1165 270/431/1166 240/444/1167 239/443/1168
f 270/431/1169 271/434/1170 321/445/1171 240/444/1172
f 321/445/1173 271/434/1174 322/437/1175 241/446/1176
f 280/392/1177 281/447/1178 251/368/1179 285/366/1180
f 323/448/1181 272/449/1182 324/439/1183 317/440/1184
f 327/450/1185 323/448/1186 317/440/1187 238/441/1188
f 319/442/1189 273/451/1190 327/450/1191 238/441/1192
f 329/452/1193 273/451/1194 319/442/1195 239/443/1196
f 240/444/1197 330/453/1198 329/452/1199 239/443/1200
f 321/445/1201 274/454/1202 330/453/1203 240/444/1204
f 332/455/1205 274/454/1206 321/445/1207 241/446/1208
f 324/456/1209 272/449/1210 325/457/1211 326/458/1212
f 325/457/1213 272/449/1214 323/448/1215
f 326/458/1216 325/457/1217 327/450/1218 242/459/1219
f 327/450/1220 325/457/1221 323/448/1222
f 327/450/1223 273/451/1224 328/460/1225 242/459/1226
f 328/460/1227 273/451/1228 329/452/1229 243/461/1230
f 329/452/1231 330/453/1232 244/462/1233 243/461/1234
f 330/453/1235 274/454/1236 331/463/1237 244/462/1238
f 331/463/1239 274/454/1240 332/455/1241 245/464/1242
f 278/465/1243 333/466/1244 337/467/1245
f 333/466/1246 278/465/1247 324/456/1248 326/458/1249
f 337/467/1250 333/466/1251 334/468/1252
f 334/468/1253 333/466/1254 326/458/1255 242/459/1256
f 328/460/1257 275/469/1258 334/468/1259 242/459/1260
f 335/470/1261 275/469/1262 328/460/1263 243/461/1264
f 244/462/1265 276/471/1266 335/470/1267 243/461/1268
f 331/463/1269 277/472/1270 276/471/1271 244/462/1272
f 336/473/1273 277/472/1274 331/463/1275 245/464/1276
f 342/410/1277 279/382/1278 250/362/1279 283/361/1280
f 324/474/1281 278/465/1282 337/467/1283 338/475/1284
f 338/475/1285 337/467/1286 334/468/1287 246/476/1288
f 334/468/1289 275/469/1290 339/477/1291 246/476/1292
f 339/477/1293 275/469/1294 335/470/1295 247/478/1296
f 335/470/1297 276/471/1298 248/479/1299 247/478/1300
f 276/471/1301 277/472/1302 340/480/1303 248/479/1304
f 340/480/1305 277/472/1306 336/473/1307 249/481/1308
f 251/368/1309 281/447/1310 344/482/1311 286/371/1312
f 252/372/1313 341/483/1314 292/373/1315
f 341/483/1316 252/372/1317 324/474/1318 338/475/1319
f 292/373/1320 341/483/1321 342/410/1322
f 342/410/1323 341/483/1324 338/475/1325 246/476/1326
f 339/477/1327 279/382/1328 342/410/1329 246/476/1330
f 343/383/1331 279/382/1332 339/477/1333 247/478/1334
f 248/479/1335 280/392/1336 343/383/1337 247/478/1338
f 340/480/1339 281/447/1340 280/392/1341 248/479/1342
f 344/482/1343 281/447/1344 340/480/1345 249/481/1346
f 454/484/1347 435/485/1348 2122/486/1349 2128/487/1350
f 2122/486/1351 435/485/1352 409/488/1353 2127/489/1354
f 409/488/1355 435/485/1356 394/490/1357 381/491/1358
f 394/490/1359 435/485/1360 454/484/1361 443/492/1362
f 410/493/1363 436/494/1364 400/495/1365 382/496/1366
f 400/495/1367 436/494/1368 409/488/1369 381/491/1370
f 409/488/1371 436/494/1372 2129/497/1373 2127/489/1374
f 2129/497/1375 436/494/1376 410/493/1377 2126/498/1378
f 417/499/1379 437/500/1380 401/501/1381 378/502/1382
f 401/501/1383 437/500/1384 411/503/1385 384/504/1386
f 411/503/1387 437/500/1388 417/499/1389 385/505/1390
f 410/493/1391 438/506/1392 2130/507/1393 2126/498/1394
f 2130/507/1395 438/506/1396 419/508/1397 2125/509/1398
f 419/508/1399 438/506/1400 402/510/1401 383/511/1402
f 402/510/1403 438/506/1404 410/493/1405 382/496/1406
f 419/508/1407 439/512/1408 2131/513/1409 2125/509/1410
f 2131/513/1411 439/512/1412 2132/514/1413 2124/515/1414
f 2132/514/1415 439/512/1416 403/516/1417 2123/517/1418
f 403/516/1419 439/512/1420 419/508/1421 383/511/1422
f 2133/518/1423 412/519/1424 424/520/1425 2121/521/1426
f 424/520/1427 412/519/1428 465/522/1429 360/523/1430
f 465/522/1431 412/519/1432 474/524/1433 349/525/1434
f 474/524/1435 412/519/1436 2133/518/1437 2120/526/1438
f 467/527/1439 413/528/1440 475/529/1441 350/530/1442
f 475/529/1443 413/528/1444 2134/531/1445 2119/532/1446
f 2134/531/1447 413/528/1448 474/524/1449 2120/526/1450
f 474/524/1451 413/528/1452 467/527/1453 349/525/1454
f 468/533/1455 414/534/1456 476/535/1457 345/536/1458
f 476/535/1459 414/534/1460 477/537/1461 353/538/1462
f 477/537/1463 414/534/1464 468/533/1465 352/539/1466
f 2135/540/1467 415/541/1468 475/529/1469 2119/532/1470
f 475/529/1471 415/541/1472 470/542/1473 350/530/1474
f 470/542/1475 415/541/1476 478/543/1477 351/544/1478
f 478/543/1479 415/541/1480 2135/540/1481 2118/545/1482
f 2137/546/1483 416/547/1484 478/543/1485 2118/545/1486
f 478/543/1487 416/547/1488 472/548/1489 351/544/1490
f 472/548/1491 416/547/1492 2136/549/1493 2116/550/1494
f 2136/549/1495 416/547/1496 2137/546/1497 2117/551/1498
f 444/552/1499 422/553/1500 421/554/1501 389/555/1502
f 421/554/1503 422/553/1504 399/556/1505 388/557/1506
f 420/558/1507 418/559/1508 482/560/1509 366/561/1510
f 482/560/1511 418/559/1512 356/562/1513 365/563/1514
f 487/564/1515 469/565/1516 457/566/1517 463/567/1518
f 399/556/1519 445/568/1520 425/569/1521 388/557/1522
f 425/569/1523 445/568/1524 398/570/1525 387/571/1526
f 398/570/1527 446/572/1528 426/573/1529 387/571/1530
f 426/573/1531 446/572/1532 397/574/1533 386/575/1534
f 397/574/1535 447/576/1536 432/577/1537 386/575/1538
f 432/577/1539 447/576/1540 396/578/1541 385/505/1542
f 473/579/1543 480/580/1544 479/581/1545 456/582/1546
f 396/578/1547 448/583/1548 411/503/1549 385/505/1550
f 411/503/1551 448/583/1552 395/584/1553 384/504/1554
f 356/562/1555 346/585/1556 488/586/1557 365/563/1558
f 488/586/1559 346/585/1560 355/587/1561 364/588/1562
f 355/587/1563 348/589/1564 347/590/1565 364/588/1566
f 347/590/1567 348/589/1568 354/591/1569 363/592/1570
f 354/591/1571 358/593/1572 357/594/1573 363/592/1574
f 357/594/1575 358/593/1576 353/538/1577 362/595/1578
f 353/538/1579 477/537/1580 359/596/1581 362/595/1582
f 359/596/1583 477/537/1584 352/539/1585 361/597/1586
f 434/598/1587 449/599/1588 367/600/1589 369/601/1590
f 367/600/1591 449/599/1592 2240/602/1593 2238/603/1594
f 440/604/1595 450/605/1596 370/606/1597 371/607/1598
f 370/606/1599 450/605/1600 434/598/1601 369/601/1602
f 2237/608/1603 2168/609/1604 2043/610/1605 2239/611/1606
f 2043/610/1607 2168/609/1608 2161/612/1609 2045/613/1610
f 441/614/1611 451/615/1612 374/616/1613 372/617/1614
f 374/616/1615 451/615/1616 440/604/1617 371/607/1618
f 2161/612/1619 2166/618/1620 2046/619/1621 2045/613/1622
f 2046/619/1623 2166/618/1624 2162/620/1625 2047/621/1626
f 442/622/1627 452/623/1628 376/624/1629 373/625/1630
f 376/624/1631 452/623/1632 441/614/1633 372/617/1634
f 2162/620/1635 2160/626/1636 2050/627/1637 2047/621/1638
f 2050/627/1639 2160/626/1640 2163/628/1641 2048/629/1642
f 453/630/1643 2167/631/1644 377/632/1645 375/633/1646
f 377/632/1647 2167/631/1648 442/622/1649 373/625/1650
f 2163/628/1651 2159/634/1652 2051/635/1653 2048/629/1654
f 2051/635/1655 2159/634/1656 2164/636/1657 2049/637/1658
f 2164/636/1659 423/638/1660 2052/639/1661 2049/637/1662
f 2052/639/1663 423/638/1664 2165/640/1665 2053/641/1666
f 483/642/1667 2054/643/1668 2109/644/1669 2107/645/1670
f 486/646/1671 2111/647/1672 481/648/1673 455/649/1674
f 485/650/1675 2110/651/1676 484/652/1677 2112/653/1678
f 2115/654/1679 471/655/1680 2108/656/1681 466/657/1682
f 464/658/1683 458/659/1684 2194/660/1685 2193/661/1686
f 2194/660/1687 458/659/1688 408/662/1689 2192/663/1690
f 408/662/1691 459/664/1692 2195/665/1693 2192/663/1694
f 2195/665/1695 459/664/1696 407/666/1697 2191/667/1698
f 407/666/1699 460/668/1700 2196/669/1701 2191/667/1702
f 2196/669/1703 460/668/1704 406/670/1705 2190/671/1706
f 406/670/1707 461/672/1708 2197/673/1709 2190/671/1710
f 2197/673/1711 461/672/1712 405/674/1713 2189/675/1714
f 405/674/1715 462/676/1716 2198/677/1717 2189/675/1718
f 2198/677/1719 462/676/1720 404/678/1721 2188/679/1722
f 390/680/1723 427/681/1724 2187/682/1725 2186/683/1726
f 2200/684/1727 428/685/1728 390/680/1729 2186/683/1730
f 391/686/1731 428/685/1732 2200/684/1733 2185/687/1734
f 2179/688/1735 429/689/1736 391/686/1737 2185/687/1738
f 392/690/1739 429/689/1740 2179/688/1741 2184/691/1742
f 2180/692/1743 430/693/1744 392/690/1745 2184/691/1746
f 393/694/1747 430/693/1748 2180/692/1749 2183/695/1750
f 2181/696/1751 431/697/1752 393/694/1753 2183/695/1754
f 380/698/1755 431/697/1756 2181/696/1757 2182/699/1758
f 427/681/1759 379/700/1760 2199/701/1761 2187/682/1762
f 2073/702/1763 2233/703/1764 2083/704/1765 2072/705/1766
f 2086/706/1767 2080/707/1768 2076/708/1769 2234/709/1770
f 2071/710/1771 2081/711/1772 2104/712/1773 2103/713/1774
f 2067/714/1775 2082/715/1776 2079/716/1777 2070/717/1778
f 2074/718/1779 2085/719/1780 2084/720/1781 2091/721/1782
f 2068/722/1783 2098/723/1784 2077/724/1785 2069/725/1786
f 2075/726/1787 2224/727/1788 2225/728/1789 2222/729/1790
f 2221/730/1791 2223/731/1792 2078/732/1793 2226/733/1794
f 2039/734/1795 2038/735/1796 2037/736/1797
f 2039/734/1798 2040/737/1799 2042/738/1800 2038/735/1801
f 2143/739/1802 563/740/1803 526/741/1804 2152/742/1805
f 525/743/1806 563/740/1807 2143/739/1808 2147/744/1809
f 394/490/1810 563/740/1811 525/743/1812 381/491/1813
f 526/741/1814 563/740/1815 394/490/1816 443/492/1817
f 400/495/1818 564/745/1819 528/746/1820 382/496/1821
f 525/743/1822 564/745/1823 400/495/1824 381/491/1825
f 2148/747/1826 564/745/1827 525/743/1828 2147/744/1829
f 528/746/1830 564/745/1831 2148/747/1832 2146/748/1833
f 401/501/1834 565/749/1835 535/750/1836 378/502/1837
f 529/751/1838 565/749/1839 401/501/1840 384/504/1841
f 535/750/1842 565/749/1843 529/751/1844 519/752/1845
f 2149/753/1846 566/754/1847 528/746/1848 2146/748/1849
f 537/755/1850 566/754/1851 2149/753/1852 2145/756/1853
f 402/510/1854 566/754/1855 537/755/1856 383/511/1857
f 528/746/1858 566/754/1859 402/510/1860 382/496/1861
f 2150/757/1862 567/758/1863 537/755/1864 2145/756/1865
f 2151/759/1866 567/758/1867 2150/757/1868 2144/760/1869
f 403/516/1870 567/758/1871 2151/759/1872 2123/517/1873
f 537/755/1874 567/758/1875 403/516/1876 383/511/1877
f 581/761/1878 530/762/1879 2153/763/1880 2142/764/1881
f 465/522/1882 530/762/1883 581/761/1884 360/523/1885
f 582/765/1886 530/762/1887 465/522/1888 349/525/1889
f 2153/763/1890 530/762/1891 582/765/1892 2141/766/1893
f 583/767/1894 531/768/1895 467/527/1896 350/530/1897
f 2154/769/1898 531/768/1899 583/767/1900 2140/770/1901
f 582/765/1902 531/768/1903 2154/769/1904 2141/766/1905
f 467/527/1906 531/768/1907 582/765/1908 349/525/1909
f 585/771/1910 532/772/1911 468/533/1912 345/536/1913
f 543/773/1914 532/772/1915 585/771/1916 494/774/1917
f 468/533/1918 532/772/1919 543/773/1920 352/539/1921
f 583/767/1922 533/775/1923 2155/776/1924 2140/770/1925
f 470/542/1926 533/775/1927 583/767/1928 350/530/1929
f 586/777/1930 533/775/1931 470/542/1932 351/544/1933
f 2155/776/1934 533/775/1935 586/777/1936 2139/778/1937
f 586/777/1938 534/779/1939 2157/780/1940 2139/778/1941
f 472/548/1942 534/779/1943 586/777/1944 351/544/1945
f 2156/781/1946 534/779/1947 472/548/1948 2116/550/1949
f 2157/780/1950 534/779/1951 2156/781/1952 2138/782/1953
f 544/783/1954 568/784/1955 523/785/1956 549/786/1957
f 545/787/1958 568/784/1959 544/783/1960 522/788/1961
f 591/789/1962 593/790/1963 492/791/1964 599/792/1965
f 592/793/1966 593/790/1967 591/789/1968 499/794/1969
f 598/795/1970 596/796/1971 597/797/1972 578/798/1973
f 552/799/1974 554/800/1975 545/787/1976 522/788/1977
f 553/801/1978 554/800/1979 552/799/1980 521/802/1981
f 555/803/1982 557/804/1983 553/801/1984 521/802/1985
f 556/805/1986 557/804/1987 555/803/1988 520/806/1989
f 558/807/1990 561/808/1991 556/805/1992 520/806/1993
f 560/809/1994 561/808/1995 558/807/1996 519/752/1997
f 595/810/1998 579/811/1999 576/812/2000 577/813/2001
f 529/751/2002 562/814/2003 560/809/2004 519/752/2005
f 395/584/2006 562/814/2007 529/751/2008 384/504/2009
f 600/815/2010 540/816/2011 592/793/2012 499/794/2013
f 489/817/2014 540/816/2015 600/815/2016 498/818/2017
f 490/819/2018 541/820/2019 489/817/2020 498/818/2021
f 491/821/2022 541/820/2023 490/819/2024 497/822/2025
f 493/823/2026 542/824/2027 491/821/2028 497/822/2029
f 494/774/2030 542/824/2031 493/823/2032 496/825/2033
f 495/826/2034 543/773/2035 494/774/2036 496/825/2037
f 352/539/2038 543/773/2039 495/826/2040 361/597/2041
f 500/827/2042 2174/828/2043 2169/829/2044 502/830/2045
f 433/831/2046 2174/828/2047 500/827/2048 368/832/2049
f 503/833/2050 2177/834/2051 2170/835/2052 504/836/2053
f 2169/829/2054 2177/834/2055 503/833/2056 502/830/2057
f 2055/837/2058 546/838/2059 2158/839/2060 2044/840/2061
f 501/841/2062 546/838/2063 2055/837/2064 2056/842/2065
f 508/843/2066 2176/844/2067 2171/845/2068 506/846/2069
f 2170/835/2070 2176/844/2071 508/843/2072 504/836/2073
f 2057/847/2074 547/848/2075 501/841/2076 2056/842/2077
f 505/849/2078 547/848/2079 2057/847/2080 2058/850/2081
f 510/851/2082 2175/852/2083 2172/853/2084 507/854/2085
f 2171/845/2086 2175/852/2087 510/851/2088 506/846/2089
f 2061/855/2090 548/856/2091 505/849/2092 2058/850/2093
f 509/857/2094 548/856/2095 2061/855/2096 2059/858/2097
f 512/859/2098 573/860/2099 2173/861/2100 517/862/2101
f 2172/853/2102 573/860/2103 512/859/2104 507/854/2105
f 2063/863/2106 550/864/2107 509/857/2108 2059/858/2109
f 511/865/2110 550/864/2111 2063/863/2112 2060/866/2113
f 2064/867/2114 2178/868/2115 511/865/2116 2060/866/2117
f 551/869/2118 2178/868/2119 2064/867/2120 2062/870/2121
f 594/871/2122 2114/872/2123 2066/873/2124 2065/874/2125
f 590/875/2126 580/876/2127 2113/877/2128 575/878/2129
f 570/879/2130 524/880/2131 2212/881/2132 2211/882/2133
f 2214/883/2134 527/884/2135 570/879/2136 2211/882/2137
f 571/885/2138 527/884/2139 2214/883/2140 2210/886/2141
f 2215/887/2142 536/888/2143 571/885/2144 2210/886/2145
f 572/889/2146 536/888/2147 2215/887/2148 2209/890/2149
f 2216/891/2150 538/892/2151 572/889/2152 2209/890/2153
f 574/893/2154 538/892/2155 2216/891/2156 2208/894/2157
f 2217/895/2158 539/896/2159 574/893/2160 2208/894/2161
f 404/678/2162 539/896/2163 2217/895/2164 2188/679/2165
f 2218/897/2166 518/898/2167 516/899/2168 2207/900/2169
f 516/899/2170 584/901/2171 2220/902/2172 2207/900/2173
f 2220/902/2174 584/901/2175 515/903/2176 2206/904/2177
f 515/903/2178 587/905/2179 2201/906/2180 2206/904/2181
f 2201/906/2182 587/905/2183 514/907/2184 2205/908/2185
f 514/907/2186 589/909/2187 2202/910/2188 2205/908/2189
f 2202/910/2190 589/909/2191 513/911/2192 2204/912/2193
f 513/911/2194 588/913/2195 2203/914/2196 2204/912/2197
f 2203/914/2198 588/913/2199 380/698/2200 2182/699/2201
f 524/880/2202 569/915/2203 2213/916/2204 2212/881/2205
f 2219/917/2206 559/918/2207 518/898/2208 2218/897/2209
f 2100/919/2210 2094/920/2211 2235/921/2212 2089/922/2213
f 2236/923/2214 2096/924/2215 2101/925/2216 2088/926/2217
f 2106/927/2218 2093/928/2219 2102/929/2220 2105/930/2221
f 2099/931/2222 2097/932/2223 2087/933/2224 2092/934/2225
f 2232/935/2226 2095/936/2227 2228/937/2228 2229/938/2229
f 2230/939/2230 2231/940/2231 2227/941/2232 2090/942/2233
f 2042/738/2234 2040/737/2235 2041/943/2236
f 940/944/2237 912/945/2238 903/946/2239 1567/947/2240
f 1537/948/2241 904/949/2242 2031/950/2243 1549/951/2244
f 1578/952/2245 1538/953/2246 612/954/2247 611/955/2248
f 905/956/2249 914/957/2250 936/958/2251 605/959/2252
f 1567/947/2253 903/946/2254 905/956/2255 605/959/2256
f 1539/960/2257 603/961/2258 937/962/2259 907/963/2260
f 907/963/2261 937/962/2262 602/964/2263 1538/953/2264
f 1569/965/2265 906/966/2266 637/967/2267 1613/968/2268
f 1568/969/2269 1540/970/2270 906/966/2271 1569/965/2272
f 939/971/2273 1630/972/2274 1635/973/2275 1614/974/2276
f 1541/975/2277 1630/972/2278 939/971/2279 603/961/2280
f 959/976/2281 916/977/2282 604/978/2283 837/979/2284
f 1631/980/2285 625/981/2286 607/982/2287 1543/983/2288
f 2031/950/2289 904/949/2290 1542/984/2291 610/985/2292
f 1542/984/2293 912/945/2294 940/944/2295 610/985/2296
f 1544/986/2297 629/987/2298 628/988/2299 1550/989/2300
f 629/987/2301 909/990/2302 1633/991/2303 628/988/2304
f 1546/992/2305 1632/993/2306 844/994/2307 1566/995/2308
f 837/979/2309 604/978/2310 1632/993/2311 1546/992/2312
f 1548/996/2313 634/997/2314 636/998/2315 935/999/2316
f 1549/951/2317 1548/996/2318 935/999/2319 601/1000/2320
f 1576/1001/2321 1615/1002/2322 634/997/2323 1548/996/2324
f 2031/950/2325 1576/1001/2326 1548/996/2327 1549/951/2328
f 1577/1003/2329 1537/948/2330 1549/951/2331 601/1000/2332
f 1612/1004/2333 1550/989/2334 1547/1005/2335 1641/1006/2336
f 1550/989/2337 628/988/2338 608/1007/2339 1547/1005/2340
f 1538/953/2341 602/964/2342 942/1008/2343 612/954/2344
f 1579/1009/2345 1539/960/2346 907/963/2347 1580/1010/2348
f 1580/1010/2349 907/963/2350 1538/953/2351 1578/952/2352
f 1644/1011/2353 1551/1012/2354 1539/960/2355 1579/1009/2356
f 1551/1012/2357 1541/975/2358 603/961/2359 1539/960/2360
f 1553/1013/2361 1552/1014/2362 1640/1015/2363 630/1016/2364
f 1543/983/2365 607/982/2366 1552/1014/2367 1553/1013/2368
f 1545/1017/2369 908/1018/2370 1582/1019/2371 1581/1020/2372
f 1582/1019/2373 908/1018/2374 631/1021/2375 1618/1022/2376
f 909/990/2377 1585/1023/2378 915/1024/2379 1629/1025/2380
f 1573/1026/2381 919/1027/2382 921/1028/2383 1634/1029/2384
f 1619/1030/2385 1583/1031/2386 917/1032/2387 1593/1033/2388
f 1583/1031/2389 916/977/2390 959/976/2391 917/1032/2392
f 1634/1029/2393 921/1028/2394 625/981/2395 1631/980/2396
f 607/982/2397 1585/1023/2398 909/990/2399 629/987/2400
f 1614/974/2401 1635/973/2402 1545/1017/2403 1581/1020/2404
f 903/946/2405 912/945/2406 1592/1034/2407 926/1035/2408
f 1596/1036/2409 904/949/2410 1537/948/2411 1554/1037/2412
f 1598/1038/2413 910/1039/2414 1555/1040/2415 1627/1041/2416
f 1620/1042/2417 910/1039/2418 1598/1038/2419 930/1043/2420
f 1586/1044/2421 914/957/2422 905/956/2423 1621/1045/2424
f 905/956/2425 903/946/2426 926/1035/2427 1621/1045/2428
f 1555/1040/2429 615/1046/2430 1587/1047/2431 1561/1048/2432
f 1587/1047/2433 1589/1049/2434 911/1050/2435 1616/1051/2436
f 619/1052/2437 1590/1053/2438 1565/1054/2439 1636/1055/2440
f 1623/1056/2441 947/1057/2442 929/1058/2443 1594/1059/2444
f 929/1058/2445 947/1057/2446 624/1060/2447 1556/1061/2448
f 1542/984/2449 904/949/2450 1596/1036/2451 1625/1062/2452
f 1592/1034/2453 912/945/2454 1542/984/2455 1625/1062/2456
f 1611/1063/2457 1557/1064/2458 1639/1065/2459 913/1066/2460
f 913/1066/2461 1639/1065/2462 1637/1067/2463 1575/1068/2464
f 1639/1065/2465 619/1052/2466 1636/1055/2467 1637/1067/2468
f 1558/1069/2469 1560/1070/2470 924/1071/2471 839/1072/2472
f 618/1073/2473 1595/1074/2474 1560/1070/2475 1558/1069/2476
f 1559/1075/2477 1554/1037/2478 925/1076/2479 923/1077/2480
f 616/1078/2481 1596/1036/2482 1554/1037/2483 1559/1075/2484
f 1554/1037/2485 1537/948/2486 1577/1003/2487 925/1076/2488
f 910/1039/2489 950/1079/2490 615/1046/2491 1555/1040/2492
f 1597/1080/2493 950/1079/2494 910/1039/2495 1620/1042/2496
f 1627/1041/2497 1555/1040/2498 1561/1048/2499 1643/1081/2500
f 1643/1081/2501 1561/1048/2502 635/1082/2503 632/1083/2504
f 1561/1048/2505 1587/1047/2506 1616/1051/2507 635/1082/2508
f 928/1084/2509 1562/1085/2510 1557/1064/2511 1611/1063/2512
f 1562/1085/2513 1623/1056/2514 1594/1059/2515 1557/1064/2516
f 1617/1086/2517 931/1087/2518 841/1088/2519 811/1089/2520
f 841/1088/2521 951/1090/2522 1606/1091/2523 811/1089/2524
f 1606/1091/2525 951/1090/2526 617/1092/2527 1536/1093/2528
f 1563/1094/2529 622/1095/2530 954/1096/2531 840/1097/2532
f 1564/1098/2533 623/1099/2534 952/1100/2535 948/1101/2536
f 948/1101/2537 952/1100/2538 621/1102/2539 1601/1103/2540
f 957/1104/2541 953/1105/2542 620/1106/2543 633/1107/2544
f 1590/1053/2545 953/1105/2546 957/1104/2547 1565/1054/2548
f 1556/1061/2549 624/1060/2550 623/1099/2551 1564/1098/2552
f 840/1097/2553 954/1096/2554 1623/1056/2555 838/1108/2556
f 911/1050/2557 1589/1049/2558 931/1087/2559 1617/1086/2560
f 1593/1033/2561 917/1032/2562 920/1109/2563 1574/1110/2564
f 1591/1111/2565 929/1058/2566 1556/1061/2567 1624/1112/2568
f 1594/1059/2569 929/1058/2570 1591/1111/2571 619/1052/2572
f 1557/1064/2573 1594/1059/2574 619/1052/2575 1639/1065/2576
f 1624/1112/2577 1556/1061/2578 1564/1098/2579 1602/1113/2580
f 1560/1070/2581 1595/1074/2582 838/1108/2583 1638/1114/2584
f 1595/1074/2585 1605/1115/2586 840/1097/2587 838/1108/2588
f 1607/1116/2589 1608/1117/2590 812/1118/2591 843/1119/2592
f 812/1118/2593 932/1120/2594 1610/1121/2595 843/1119/2596
f 1608/1117/2597 627/1122/2598 932/1120/2599 812/1118/2600
f 955/1123/2601 933/1124/2602 1608/1117/2603 1607/1116/2604
f 933/1124/2605 934/1125/2606 627/1122/2607 1608/1117/2608
f 1609/1126/2609 934/1125/2610 933/1124/2611 955/1123/2612
f 924/1071/2613 1560/1070/2614 1638/1114/2615 922/1127/2616
f 1588/1128/2617 927/1129/2618 836/1130/2619 941/1131/2620
f 1622/1132/2621 1588/1128/2622 941/1131/2623 1563/1094/2624
f 1605/1115/2625 1622/1132/2626 1563/1094/2627 840/1097/2628
f 1603/1133/2629 948/1101/2630 1601/1103/2631 638/1134/2632
f 1602/1113/2633 1564/1098/2634 948/1101/2635 1603/1133/2636
f 958/1135/2637 938/1136/2638 609/1137/2639 949/1138/2640
f 1629/1025/2641 915/1024/2642 938/1136/2643 958/1135/2644
f 1630/972/2645 1570/1139/2646 614/1140/2647 1635/973/2648
f 608/1007/2649 1570/1139/2650 1630/972/2651 1541/975/2652
f 1572/1141/2653 1631/980/2654 1543/983/2655 604/978/2656
f 1640/1015/2657 1552/1014/2658 1544/986/2659 1626/1142/2660
f 1552/1014/2661 607/982/2662 629/987/2663 1544/986/2664
f 1641/1006/2665 1547/1005/2666 1551/1012/2667 1644/1011/2668
f 1547/1005/2669 608/1007/2670 1541/975/2671 1551/1012/2672
f 1632/993/2673 1553/1013/2674 630/1016/2675 844/994/2676
f 604/978/2677 1543/983/2678 1553/1013/2679 1632/993/2680
f 908/1018/2681 943/1143/2682 606/1144/2683 631/1021/2684
f 613/1145/2685 943/1143/2686 908/1018/2687 1545/1017/2688
f 944/1146/2689 1633/991/2690 1540/970/2691 1568/969/2692
f 918/1147/2693 1573/1026/2694 1634/1029/2695 1584/1148/2696
f 1584/1148/2697 1634/1029/2698 1631/980/2699 1572/1141/2700
f 628/988/2701 1633/991/2702 944/1146/2703 608/1007/2704
f 1635/973/2705 614/1140/2706 613/1145/2707 1545/1017/2708
f 941/1131/2709 945/1149/2710 622/1095/2711 1563/1094/2712
f 836/1130/2713 1642/1150/2714 945/1149/2715 941/1131/2716
f 911/1050/2717 956/1151/2718 618/1073/2719 1616/1051/2720
f 1636/1055/2721 1565/1054/2722 946/1152/2723 616/1078/2724
f 1575/1068/2725 1637/1067/2726 1559/1075/2727 923/1077/2728
f 1637/1067/2729 1636/1055/2730 616/1078/2731 1559/1075/2732
f 1638/1114/2733 1562/1085/2734 928/1084/2735 922/1127/2736
f 838/1108/2737 1623/1056/2738 1562/1085/2739 1638/1114/2740
f 635/1082/2741 1558/1069/2742 839/1072/2743 632/1083/2744
f 1616/1051/2745 618/1073/2746 1558/1069/2747 635/1082/2748
f 842/1153/2749 1599/1154/2750 1617/1086/2751 811/1089/2752
f 626/1155/2753 1600/1156/2754 1606/1091/2755 1536/1093/2756
f 1606/1091/2757 1600/1156/2758 842/1153/2759 811/1089/2760
f 1604/1157/2761 957/1104/2762 633/1107/2763 1628/1158/2764
f 1565/1054/2765 957/1104/2766 1604/1157/2767 946/1152/2768
f 1599/1154/2769 956/1151/2770 911/1050/2771 1617/1086/2772
f 634/997/2773 1546/992/2774 1566/995/2775 636/998/2776
f 1626/1142/2777 1544/986/2778 1550/989/2779 1612/1004/2780
f 1540/970/2781 1629/1025/2782 958/1135/2783 906/966/2784
f 906/966/2785 958/1135/2786 949/1138/2787 637/967/2788
f 1633/991/2789 909/990/2790 1629/1025/2791 1540/970/2792
f 1571/1159/2793 959/976/2794 837/979/2795 1615/1002/2796
f 917/1032/2797 959/976/2798 1571/1159/2799 920/1109/2800
f 1615/1002/2801 837/979/2802 1546/992/2803 634/997/2804
f 960/1160/2805 1645/1161/2806 639/1162/2807 845/1163/2808
f 970/1164/2809 1645/1161/2810 960/1160/2811 1655/1165/2812
f 1655/1165/2813 960/1160/2814 845/1163/2815 644/1166/2816
f 975/1167/2817 961/1168/2818 642/1169/2819 1659/1170/2820
f 1658/1171/2821 965/1172/2822 961/1168/2823 975/1167/2824
f 968/1173/2825 1657/1174/2826 971/1175/2827 976/1176/2828
f 971/1175/2829 1657/1174/2830 962/1177/2831 972/1178/2832
f 1659/1170/2833 642/1169/2834 963/1179/2835 977/1180/2836
f 1648/1181/2837 965/1172/2838 1658/1171/2839 974/1182/2840
f 964/1183/2841 1648/1181/2842 974/1182/2843 973/1184/2844
f 641/1185/2845 640/1186/2846 964/1183/2847 973/1184/2848
f 1649/1187/2849 966/1188/2850 967/1189/2851 987/1190/2852
f 967/1189/2853 966/1188/2854 969/1191/2855 640/1186/2856
f 969/1191/2857 966/1188/2858 1645/1161/2859 970/1164/2860
f 1645/1161/2861 966/1188/2862 1649/1187/2863 639/1162/2864
f 987/1190/2865 967/1189/2866 640/1186/2867 641/1185/2868
f 963/1179/2869 968/1173/2870 976/1176/2871 977/1180/2872
f 976/1176/2873 971/1175/2874 1654/1192/2875 645/1193/2876
f 1654/1192/2877 971/1175/2878 972/1178/2879 646/1194/2880
f 1652/1195/2881 987/1190/2882 641/1185/2883 1646/1196/2884
f 1646/1196/2885 641/1185/2886 973/1184/2887 643/1197/2888
f 973/1184/2889 974/1182/2890 1653/1198/2891 643/1197/2892
f 974/1182/2893 1658/1171/2894 1650/1199/2895 1653/1198/2896
f 1656/1200/2897 975/1167/2898 1659/1170/2899 1651/1201/2900
f 1650/1199/2901 1658/1171/2902 975/1167/2903 1656/1200/2904
f 977/1180/2905 976/1176/2906 645/1193/2907 1647/1202/2908
f 1651/1201/2909 1659/1170/2910 977/1180/2911 1647/1202/2912
f 639/1162/2913 979/1203/2914 978/1204/2915 845/1163/2916
f 845/1163/2917 978/1204/2918 985/1205/2919 644/1166/2920
f 978/1204/2921 979/1203/2922 651/1206/2923 985/1205/2924
f 654/1207/2925 652/1208/2926 980/1209/2927 991/1210/2928
f 1669/1211/2929 981/1212/2930 986/1213/2931 1670/1214/2932
f 1671/1215/2933 650/1216/2934 652/1208/2935 654/1207/2936
f 980/1209/2937 982/1217/2938 990/1218/2939 991/1210/2940
f 982/1217/2941 1668/1219/2942 989/1220/2943 990/1218/2944
f 1668/1219/2945 983/1221/2946 988/1222/2947 989/1220/2948
f 1663/1223/2949 984/1224/2950 1649/1187/2951 987/1190/2952
f 1649/1187/2953 984/1224/2954 979/1203/2955 639/1162/2956
f 979/1203/2957 984/1224/2958 1666/1225/2959 651/1206/2960
f 1666/1225/2961 984/1224/2962 1663/1223/2963 983/1221/2964
f 983/1221/2965 1663/1223/2966 987/1190/2967 988/1222/2968
f 981/1212/2969 1662/1226/2970 992/1227/2971 986/1213/2972
f 992/1227/2973 1662/1226/2974 650/1216/2975 1671/1215/2976
f 1670/1214/2977 986/1213/2978 647/1228/2979 1667/1229/2980
f 988/1222/2981 987/1190/2982 1652/1195/2983 649/1230/2984
f 990/1218/2985 989/1220/2986 1660/1231/2987 653/1232/2988
f 989/1220/2989 988/1222/2990 649/1230/2991 1660/1231/2992
f 991/1210/2993 990/1218/2994 653/1232/2995 648/1233/2996
f 1664/1234/2997 654/1207/2998 991/1210/2999 648/1233/3000
f 986/1213/3001 992/1227/3002 1661/1235/3003 647/1228/3004
f 1661/1235/3005 992/1227/3006 1671/1215/3007 1665/1236/3008
f 1665/1236/3009 1671/1215/3010 654/1207/3011 1664/1234/3012
f 2032/1237/3013 993/1238/3014 655/1239/3015 846/1240/3016
f 1675/1241/3017 1672/1242/3018 993/1238/3019 2032/1237/3020
f 1673/1243/3021 1675/1241/3022 2032/1237/3023 846/1240/3024
f 996/1244/3025 994/1245/3026 1011/1246/3027 1677/1247/3028
f 1001/1248/3029 1676/1249/3030 1002/1250/3031 848/1251/3032
f 994/1245/3033 995/1252/3034 1009/1253/3035 1011/1246/3036
f 1007/1254/3037 997/1255/3038 996/1244/3039 1677/1247/3040
f 1000/1256/3041 997/1255/3042 1007/1254/3043 1006/1257/3044
f 999/1258/3045 998/1259/3046 1004/1260/3047 847/1261/3048
f 1674/1262/3049 1000/1256/3050 998/1259/3051 999/1258/3052
f 1672/1242/3053 1674/1262/3054 999/1258/3055 993/1238/3056
f 993/1238/3057 999/1258/3058 847/1261/3059 655/1239/3060
f 998/1259/3061 1000/1256/3062 1006/1257/3063 1004/1260/3064
f 995/1252/3065 1001/1248/3066 848/1251/3067 1009/1253/3068
f 1002/1250/3069 1003/1263/3070 658/1264/3071 848/1251/3072
f 1006/1257/3073 1005/1265/3074 1681/1266/3075 1004/1260/3076
f 1007/1254/3077 657/1267/3078 1005/1265/3079 1006/1257/3080
f 1008/1268/3081 657/1267/3082 1007/1254/3083 1677/1247/3084
f 1011/1246/3085 1010/1269/3086 1008/1268/3087 1677/1247/3088
f 848/1251/3089 658/1264/3090 656/1270/3091 1009/1253/3092
f 1009/1253/3093 656/1270/3094 1010/1269/3095 1011/1246/3096
f 655/1239/3097 1678/1271/3098 813/1272/3099 846/1240/3100
f 813/1272/3101 1012/1273/3102 1673/1243/3103 846/1240/3104
f 1678/1271/3105 661/1274/3106 1012/1273/3107 813/1272/3108
f 667/1275/3109 1015/1276/3110 1013/1277/3111 666/1278/3112
f 1682/1279/3113 1014/1280/3114 663/1281/3115 1026/1282/3116
f 1683/1283/3117 1022/1284/3118 1015/1276/3119 667/1275/3120
f 666/1278/3121 1013/1277/3122 1016/1285/3123 1028/1286/3124
f 1028/1286/3125 1016/1285/3126 660/1287/3127 665/1288/3128
f 660/1287/3129 1017/1289/3130 664/1290/3131 665/1288/3132
f 1004/1260/3133 1021/1291/3134 1019/1292/3135 847/1261/3136
f 847/1261/3137 1019/1292/3138 1678/1271/3139 655/1239/3140
f 1019/1292/3141 1020/1293/3142 661/1274/3143 1678/1271/3144
f 1021/1291/3145 1017/1289/3146 1020/1293/3147 1019/1292/3148
f 664/1290/3149 1017/1289/3150 1021/1291/3151 1004/1260/3152
f 1014/1280/3153 1679/1294/3154 1030/1295/3155 663/1281/3156
f 1679/1294/3157 1022/1284/3158 1683/1283/3159 1030/1295/3160
f 663/1281/3161 659/1296/3162 1027/1297/3163 1026/1282/3164
f 1681/1266/3165 1023/1298/3166 664/1290/3167 1004/1260/3168
f 664/1290/3169 1023/1298/3170 662/1299/3171 665/1288/3172
f 1680/1300/3173 1018/1301/3174 666/1278/3175 1028/1286/3176
f 662/1299/3177 1680/1300/3178 1028/1286/3179 665/1288/3180
f 1018/1301/3181 1024/1302/3182 667/1275/3183 666/1278/3184
f 1030/1295/3185 1029/1303/3186 659/1296/3187 663/1281/3188
f 1683/1283/3189 1025/1304/3190 1029/1303/3191 1030/1295/3192
f 1024/1302/3193 1025/1304/3194 1683/1283/3195 667/1275/3196
f 1123/1305/3197 1073/1306/3198 1719/1307/3199 1122/1308/3200
f 1119/1309/3201 1687/1310/3202 1073/1306/3203 1123/1305/3204
f 1069/1311/3205 1056/1312/3206 1037/1313/3207 684/1314/3208
f 1037/1313/3209 1056/1312/3210 1070/1315/3211 1685/1316/3212
f 1122/1308/3213 1719/1307/3214 1038/1317/3215 1121/1318/3216
f 1038/1317/3217 1059/1319/3218 1074/1320/3219 1121/1318/3220
f 1120/1321/3221 1039/1322/3222 1713/1323/3223 1685/1316/3224
f 1059/1319/3225 1039/1322/3226 1120/1321/3227 1074/1320/3228
f 1054/1324/3229 1068/1325/3230 1705/1326/3231 1036/1327/3232
f 1052/1328/3233 1068/1325/3234 1054/1324/3235 1035/1329/3236
f 1067/1330/3237 1052/1328/3238 1035/1329/3239 681/1331/3240
f 1071/1332/3241 1040/1333/3242 1687/1310/3243 1119/1309/3244
f 1688/1334/3245 1040/1333/3246 1071/1332/3247 850/1335/3248
f 1687/1310/3249 1040/1333/3250 1688/1334/3251 1715/1336/3252
f 1716/1337/3253 1071/1332/3254 1119/1309/3255 1755/1338/3256
f 1690/1339/3257 1041/1340/3258 678/1341/3259 851/1342/3260
f 671/1343/3261 1065/1344/3262 1041/1340/3263 1690/1339/3264
f 1031/1345/3265 682/1346/3266 1692/1347/3267 1042/1348/3268
f 1691/1349/3269 1031/1345/3270 1042/1348/3271 670/1350/3272
f 1693/1351/3273 1043/1352/3274 1065/1344/3275 671/1343/3276
f 672/1353/3277 1066/1354/3278 1043/1352/3279 1693/1351/3280
f 1032/1355/3281 683/1356/3282 1694/1357/3283 1044/1358/3284
f 682/1346/3285 1032/1355/3286 1044/1358/3287 1692/1347/3288
f 1695/1359/3289 1045/1360/3290 1066/1354/3291 672/1353/3292
f 673/1361/3293 1067/1330/3294 1045/1360/3295 1695/1359/3296
f 1033/1362/3297 681/1331/3298 1696/1363/3299 1046/1364/3300
f 683/1356/3301 1033/1362/3302 1046/1364/3303 1694/1357/3304
f 675/1365/3305 679/1366/3306 1686/1367/3307 1697/1368/3308
f 1686/1367/3309 679/1366/3310 1698/1369/3311 1718/1370/3312
f 1699/1371/3313 1047/1372/3314 679/1366/3315 675/1365/3316
f 676/1373/3317 1072/1374/3318 1047/1372/3319 1699/1371/3320
f 679/1366/3321 1684/1375/3322 1700/1376/3323 1698/1369/3324
f 1048/1377/3325 1064/1378/3326 1072/1374/3327 676/1373/3328
f 1701/1379/3329 1064/1378/3330 1048/1377/3331 1703/1380/3332
f 1702/1381/3333 1049/1382/3334 1034/1383/3335 852/1384/3336
f 1684/1375/3337 1049/1382/3338 1702/1381/3339 1700/1376/3340
f 1063/1385/3341 1701/1379/3342 1703/1380/3343 1050/1386/3344
f 678/1341/3345 1063/1385/3346 1050/1386/3347 851/1342/3348
f 1704/1387/3349 1051/1388/3350 1691/1349/3351 670/1350/3352
f 852/1384/3353 1034/1383/3354 1051/1388/3355 1704/1387/3356
f 1706/1389/3357 1052/1328/3358 1067/1330/3359 673/1361/3360
f 1705/1326/3361 1068/1325/3362 1053/1390/3363 1708/1391/3364
f 1053/1390/3365 1068/1325/3366 1052/1328/3367 1706/1389/3368
f 1035/1329/3369 1054/1324/3370 1707/1392/3371 1055/1393/3372
f 1707/1392/3373 1054/1324/3374 1036/1327/3375 853/1394/3376
f 681/1331/3377 1035/1329/3378 1055/1393/3379 1696/1363/3380
f 1069/1311/3381 1705/1326/3382 1708/1391/3383 677/1395/3384
f 853/1394/3385 1036/1327/3386 684/1314/3387 1709/1396/3388
f 1070/1315/3389 1056/1312/3390 1710/1397/3391 1057/1398/3392
f 1710/1397/3393 1056/1312/3394 1069/1311/3395 677/1395/3396
f 1685/1316/3397 1070/1315/3398 1057/1398/3399 674/1399/3400
f 684/1314/3401 1037/1313/3402 1058/1400/3403 1709/1396/3404
f 1058/1400/3405 1037/1313/3406 1685/1316/3407 1711/1401/3408
f 1038/1317/3409 1719/1307/3410 1712/1402/3411 669/1403/3412
f 1714/1404/3413 1059/1319/3414 1038/1317/3415 669/1403/3416
f 1713/1323/3417 1039/1322/3418 1060/1405/3419 1062/1406/3420
f 1060/1405/3421 1039/1322/3422 1059/1319/3423 1714/1404/3424
f 1073/1306/3425 1687/1310/3426 1715/1336/3427 1061/1407/3428
f 1719/1307/3429 1073/1306/3430 1061/1407/3431 1712/1402/3432
f 1685/1316/3433 1713/1323/3434 1062/1406/3435 1711/1401/3436
f 849/1408/3437 1071/1332/3438 1716/1337/3439 668/1409/3440
f 1717/1410/3441 849/1408/3442 668/1409/3443
f 850/1335/3444 1071/1332/3445 849/1408/3446 1717/1410/3447
f 1697/1368/3448 1686/1367/3449 680/1411/3450 1689/1412/3451
f 680/1411/3452 1686/1367/3453 1718/1370/3454 1720/1413/3455
f 1041/1340/3456 1065/1344/3457 682/1346/3458 1031/1345/3459
f 678/1341/3460 1041/1340/3461 1031/1345/3462 1691/1349/3463
f 1049/1382/3464 1064/1378/3465 1701/1379/3466 1034/1383/3467
f 1072/1374/3468 1064/1378/3469 1049/1382/3470 1684/1375/3471
f 1045/1360/3472 1067/1330/3473 681/1331/3474 1033/1362/3475
f 1066/1354/3476 1045/1360/3477 1033/1362/3478 683/1356/3479
f 1047/1372/3480 1072/1374/3481 1684/1375/3482 679/1366/3483
f 1051/1388/3484 1063/1385/3485 678/1341/3486 1691/1349/3487
f 1034/1383/3488 1701/1379/3489 1063/1385/3490 1051/1388/3491
f 1043/1352/3492 1066/1354/3493 683/1356/3494 1032/1355/3495
f 1065/1344/3496 1043/1352/3497 1032/1355/3498 682/1346/3499
f 1689/1412/3500 680/1411/3501 1720/1413/3502
f 1036/1327/3503 1705/1326/3504 1069/1311/3505 684/1314/3506
f 1076/1414/3507 1105/1415/3508 1123/1305/3509 1122/1308/3510
f 1105/1415/3511 1075/1416/3512 1119/1309/3513 1123/1305/3514
f 1112/1417/3515 1743/1418/3516 1102/1419/3517 815/1420/3518
f 697/1421/3519 1076/1414/3520 1122/1308/3521 1121/1318/3522
f 1124/1422/3523 1104/1423/3524 1120/1321/3525 1102/1419/3526
f 1120/1321/3527 1104/1423/3528 1077/1424/3529 1074/1320/3530
f 1074/1320/3531 1077/1424/3532 697/1421/3533 1121/1318/3534
f 1099/1425/3535 1078/1426/3536 1097/1427/3537 1110/1428/3538
f 1097/1427/3539 1078/1426/3540 1741/1429/3541 854/1430/3542
f 1721/1431/3543 1099/1425/3544 1110/1428/3545 693/1432/3546
f 1723/1433/3547 1080/1434/3548 1079/1435/3549 698/1436/3550
f 1081/1437/3551 1119/1309/3552 1723/1433/3553 698/1436/3554
f 1119/1309/3555 1075/1416/3556 1082/1438/3557 1723/1433/3558
f 1082/1438/3559 1075/1416/3560 1722/1439/3561 1083/1440/3562
f 1723/1433/3563 1082/1438/3564 1083/1440/3565 692/1441/3566
f 691/1442/3567 1081/1437/3568 698/1436/3569 1756/1443/3570
f 1724/1444/3571 1084/1445/3572 1108/1446/3573 855/1447/3574
f 687/1448/3575 1107/1449/3576 1084/1445/3577 1724/1444/3578
f 1114/1450/3579 1754/1451/3580 1725/1452/3581 1085/1453/3582
f 1726/1454/3583 1114/1450/3584 1085/1453/3585 1728/1455/3586
f 1727/1456/3587 1086/1457/3588 1109/1458/3589 856/1459/3590
f 855/1447/3591 1108/1446/3592 1086/1457/3593 1727/1456/3594
f 1118/1460/3595 1726/1454/3596 1728/1455/3597 1087/1461/3598
f 1729/1462/3599 1118/1460/3600 1087/1461/3601 1731/1463/3602
f 1730/1464/3603 1088/1465/3604 693/1432/3605 857/1466/3606
f 856/1459/3607 1109/1458/3608 1088/1465/3609 1730/1464/3610
f 1116/1467/3611 1729/1462/3612 1731/1463/3613 1089/1468/3614
f 1721/1431/3615 1116/1467/3616 1089/1468/3617 686/1469/3618
f 1732/1470/3619 1090/1471/3620 1753/1472/3621 858/1473/3622
f 1752/1474/3623 694/1475/3624 1090/1471/3625 1732/1470/3626
f 1090/1471/3627 694/1475/3628 1733/1476/3629 1091/1477/3630
f 1753/1472/3631 1090/1471/3632 1091/1477/3633 688/1478/3634
f 858/1473/3635 1753/1472/3636 695/1479/3637 1734/1480/3638
f 1735/1481/3639 1092/1482/3640 1106/1483/3641 859/1484/3642
f 695/1479/3643 1092/1482/3644 1735/1481/3645 1734/1480/3646
f 1093/1485/3647 1115/1486/3648 1753/1472/3649 688/1478/3650
f 1736/1487/3651 1115/1486/3652 1093/1485/3653 1738/1488/3654
f 1737/1489/3655 1094/1490/3656 1107/1449/3657 687/1448/3658
f 859/1484/3659 1106/1483/3660 1094/1490/3661 1737/1489/3662
f 1117/1491/3663 1736/1487/3664 1738/1488/3665 1095/1492/3666
f 1754/1451/3667 1117/1491/3668 1095/1492/3669 1725/1452/3670
f 1110/1428/3671 1097/1427/3672 1739/1493/3673 1096/1494/3674
f 1739/1493/3675 1097/1427/3676 854/1430/3677 860/1495/3678
f 693/1432/3679 1110/1428/3680 1096/1494/3681 857/1466/3682
f 1740/1496/3683 1099/1425/3684 1721/1431/3685 686/1469/3686
f 1741/1429/3687 1078/1426/3688 1098/1497/3689 689/1498/3690
f 1098/1497/3691 1078/1426/3692 1099/1425/3693 1740/1496/3694
f 1100/1499/3695 1111/1500/3696 1112/1417/3697 861/1501/3698
f 854/1430/3699 1111/1500/3700 1100/1499/3701 860/1495/3702
f 1742/1502/3703 1101/1503/3704 1741/1429/3705 689/1498/3706
f 1743/1418/3707 1101/1503/3708 1742/1502/3709 1745/1504/3710
f 815/1420/3711 1102/1419/3712 1744/1505/3713 814/1506/3714
f 1744/1505/3715 1102/1419/3716 1685/1316/3717 674/1399/3718
f 861/1501/3719 1112/1417/3720 815/1420/3721 814/1506/3722
f 1102/1419/3723 1743/1418/3724 1745/1504/3725 685/1507/3726
f 690/1508/3727 1076/1414/3728 697/1421/3729 1746/1509/3730
f 1077/1424/3731 1104/1423/3732 1747/1510/3733 1103/1511/3734
f 1747/1510/3735 1104/1423/3736 1124/1422/3737 862/1512/3738
f 697/1421/3739 1077/1424/3740 1103/1511/3741 1746/1509/3742
f 1748/1513/3743 1105/1415/3744 1076/1414/3745 690/1508/3746
f 1722/1439/3747 1075/1416/3748 1105/1415/3749 1748/1513/3750
f 862/1512/3751 1124/1422/3752 1102/1419/3753 685/1507/3754
f 1755/1338/3755 1119/1309/3756 1081/1437/3757 691/1442/3758
f 1079/1435/3759 1080/1434/3760 1751/1514/3761 1113/1515/3762
f 698/1436/3763 1079/1435/3764 1113/1515/3765 1756/1443/3766
f 1751/1514/3767 1080/1434/3768 1723/1433/3769 692/1441/3770
f 1749/1516/3771 1750/1517/3772 694/1475/3773 1752/1474/3774
f 694/1475/3775 1750/1517/3776 696/1518/3777 1733/1476/3778
f 1084/1445/3779 1114/1450/3780 1726/1454/3781 1108/1446/3782
f 1107/1449/3783 1754/1451/3784 1114/1450/3785 1084/1445/3786
f 1092/1482/3787 1115/1486/3788 1736/1487/3789 1106/1483/3790
f 1753/1472/3791 1115/1486/3792 1092/1482/3793 695/1479/3794
f 1088/1465/3795 1116/1467/3796 1721/1431/3797 693/1432/3798
f 1109/1458/3799 1729/1462/3800 1116/1467/3801 1088/1465/3802
f 1094/1490/3803 1117/1491/3804 1754/1451/3805 1107/1449/3806
f 1106/1483/3807 1736/1487/3808 1117/1491/3809 1094/1490/3810
f 1086/1457/3811 1118/1460/3812 1729/1462/3813 1109/1458/3814
f 1108/1446/3815 1726/1454/3816 1118/1460/3817 1086/1457/3818
f 1120/1321/3819 1685/1316/3820 1102/1419/3821
f 696/1518/3822 1750/1517/3823 1749/1516/3824
f 1111/1500/3825 1101/1503/3826 1743/1418/3827 1112/1417/3828
f 1741/1429/3829 1101/1503/3830 1111/1500/3831 854/1430/3832
f 1126/1519/3833 1141/1520/3834 1161/1521/3835 1776/1522/3836
f 1141/1520/3837 1125/1523/3838 1773/1524/3839 1161/1521/3840
f 1127/1525/3841 1142/1526/3842 1162/1527/3843 1774/1528/3844
f 1142/1526/3845 1126/1519/3846 1776/1522/3847 1162/1527/3848
f 1757/1529/3849 1143/1530/3850 1164/1531/3851 705/1532/3852
f 1143/1530/3853 1127/1525/3854 1774/1528/3855 1164/1531/3856
f 1138/1533/3857 1153/1534/3858 1128/1535/3859 1160/1536/3860
f 1129/1537/3861 1145/1538/3862 1165/1539/3863 1768/1540/3864
f 1165/1539/3865 1145/1538/3866 1153/1534/3867 1138/1533/3868
f 1130/1541/3869 1146/1542/3870 1151/1543/3871 1775/1544/3872
f 1146/1542/3873 1129/1537/3874 1768/1540/3875 1151/1543/3876
f 1125/1523/3877 1147/1545/3878 1163/1546/3879 1773/1524/3880
f 1147/1545/3881 1130/1541/3882 1775/1544/3883 1163/1546/3884
f 706/1547/3885 1758/1548/3886 1131/1549/3887 1760/1550/3888
f 1760/1550/3889 1131/1549/3890 1757/1529/3891 705/1532/3892
f 1769/1551/3893 1132/1552/3894 1758/1548/3895 706/1547/3896
f 1759/1553/3897 1133/1554/3898 1132/1552/3899 1769/1551/3900
f 1771/1555/3901 1133/1554/3902 1759/1553/3903 1761/1556/3904
f 1152/1557/3905 1772/1558/3906 1134/1559/3907 1778/1560/3908
f 1134/1559/3909 1135/1561/3910 1175/1562/3911 1778/1560/3912
f 1175/1562/3913 1135/1561/3914 1767/1563/3915 1761/1556/3916
f 1149/1564/3917 1150/1565/3918 1759/1553/3919 1769/1551/3920
f 1759/1553/3921 1150/1565/3922 1136/1566/3923 1761/1556/3924
f 1148/1567/3925 1137/1568/3926 706/1547/3927 1760/1550/3928
f 702/1569/3929 1148/1567/3930 1760/1550/3931 705/1532/3932
f 1174/1570/3933 1139/1571/3934 1772/1558/3935 1152/1557/3936
f 1786/1572/3937 1763/1573/3938 1139/1571/3939 1174/1570/3940
f 1761/1556/3941 1767/1563/3942 1771/1555/3943
f 1160/1536/3944 1128/1535/3945 1765/1574/3946 704/1575/3947
f 1764/1576/3948 1140/1577/3949 1786/1572/3950 864/1578/3951
f 1140/1577/3952 1762/1579/3953 1763/1573/3954 1786/1572/3955
f 1770/1580/3956 1762/1579/3957 1140/1577/3958 1764/1576/3959
f 863/1581/3960 1762/1579/3961 1770/1580/3962 699/1582/3963
f 1161/1521/3964 1154/1583/3965 700/1584/3966 1776/1522/3967
f 1773/1524/3968 703/1585/3969 1154/1583/3970 1161/1521/3971
f 1151/1543/3972 1155/1586/3973 707/1587/3974 1775/1544/3975
f 1768/1540/3976 1766/1588/3977 1155/1586/3978 1151/1543/3979
f 1164/1531/3980 1156/1589/3981 702/1569/3982 705/1532/3983
f 1774/1528/3984 701/1590/3985 1156/1589/3986 1164/1531/3987
f 1165/1539/3988 1157/1591/3989 1766/1588/3990 1768/1540/3991
f 1144/1592/3992 1157/1591/3993 1165/1539/3994 1138/1533/3995
f 1163/1546/3996 1158/1593/3997 703/1585/3998 1773/1524/3999
f 1775/1544/4000 707/1587/4001 1158/1593/4002 1163/1546/4003
f 1162/1527/4004 1159/1594/4005 701/1590/4006 1774/1528/4007
f 1776/1522/4008 700/1584/4009 1159/1594/4010 1162/1527/4011
f 1137/1568/4012 1149/1564/4013 1769/1551/4014 706/1547/4015
f 1179/1595/4016 1166/1596/4017 865/1597/4018 1190/1598/4019
f 1171/1599/4020 1179/1595/4021 1190/1598/4022 1779/1600/4023
f 817/1601/4024 1167/1602/4025 1180/1603/4026 816/1604/4027
f 1180/1603/4028 1167/1602/4029 709/1605/4030 711/1606/4031
f 1166/1596/4032 1181/1607/4033 1191/1608/4034 865/1597/4035
f 1191/1608/4036 1181/1607/4037 817/1601/4038 816/1604/4039
f 819/1609/4040 1168/1610/4041 1182/1611/4042 818/1612/4043
f 1182/1611/4044 1168/1610/4045 708/1613/4046 712/1614/4047
f 709/1605/4048 1183/1615/4049 1192/1616/4050 711/1606/4051
f 1192/1616/4052 1183/1615/4053 819/1609/4054 818/1612/4055
f 714/1617/4056 1784/1618/4057 1780/1619/4058 1196/1620/4059
f 1780/1619/4060 1169/1621/4061 715/1622/4062 1196/1620/4063
f 1184/1623/4064 1170/1624/4065 1781/1625/4066 1189/1626/4067
f 1169/1621/4068 1170/1624/4069 1184/1623/4070 715/1622/4071
f 1189/1626/4072 1781/1625/4073 1171/1599/4074 1779/1600/4075
f 821/1627/4076 1172/1628/4077 866/1629/4078 820/1630/4079
f 708/1613/4080 1185/1631/4081 1193/1632/4082 712/1614/4083
f 1193/1632/4084 1185/1631/4085 821/1627/4086 820/1630/4087
f 1194/1633/4088 1186/1634/4089 1782/1635/4090 1195/1636/4091
f 1172/1628/4092 1186/1634/4093 1194/1633/4094 866/1629/4095
f 1195/1636/4096 1782/1635/4097 1173/1637/4098 1761/1556/4099
f 1777/1638/4100 1785/1639/4101 1152/1557/4102 1778/1560/4103
f 1175/1562/4104 1187/1640/4105 1777/1638/4106 1778/1560/4107
f 1173/1637/4108 1187/1640/4109 1175/1562/4110 1761/1556/4111
f 1188/1641/4112 713/1642/4113 1786/1572/4114 1174/1570/4115
f 1785/1639/4116 1188/1641/4117 1174/1570/4118 1152/1557/4119
f 1783/1643/4120 716/1644/4121 1784/1618/4122 714/1617/4123
f 1786/1572/4124 1176/1645/4125 1178/1646/4126 864/1578/4127
f 713/1642/4128 1177/1647/4129 1176/1645/4130 1786/1572/4131
f 1176/1645/4132 1177/1647/4133 710/1648/4134 1178/1646/4135
f 1229/1649/4136 1207/1650/4137 1204/1651/4138 1849/1652/4139
f 1800/1653/4140 1794/1654/4141 1787/1655/4142 739/1656/4143
f 1861/1657/4144 1854/1658/4145 1205/1659/4146 871/1660/4147
f 1201/1661/4148 1206/1662/4149 1205/1659/4150 870/1663/4151
f 1801/1664/4152 1269/1665/4153 1208/1666/4154 1251/1667/4155
f 1803/1668/4156 1802/1669/4157 1795/1670/4158 1843/1671/4159
f 1843/1671/4160 1795/1670/4161 1794/1654/4162 1800/1653/4163
f 1804/1672/4164 1198/1673/4165 1197/1674/4166 867/1675/4167
f 1805/1676/4168 1209/1677/4169 1198/1673/4170 1804/1672/4171
f 1280/1678/4172 1252/1679/4173 722/1680/4174 878/1681/4175
f 1199/1682/4176 726/1683/4177 1252/1679/4178 1280/1678/4179
f 1807/1684/4180 1200/1685/4181 1790/1686/4182 1805/1676/4183
f 1209/1677/4184 1210/1687/4185 743/1688/4186 1235/1689/4187
f 1211/1690/4188 1202/1691/4189 1281/1692/4190 1230/1693/4191
f 1845/1694/4192 1808/1695/4193 1282/1696/4194 1284/1697/4195
f 1788/1698/4196 745/1699/4197 1853/1700/4198 868/1701/4199
f 1842/1702/4200 1793/1703/4201 1201/1661/4202 870/1663/4203
f 739/1656/4204 1787/1655/4205 1793/1703/4206 1842/1702/4207
f 1279/1704/4208 1208/1666/4209 1271/1705/4210 1214/1706/4211
f 1213/1707/4212 1203/1708/4213 1199/1682/4214 869/1709/4215
f 1214/1706/4216 1271/1705/4217 1203/1708/4218 1213/1707/4219
f 1848/1710/4220 1810/1711/4221 1789/1712/4222 1792/1713/4223
f 1789/1712/4224 1810/1711/4225 872/1714/4226 1791/1715/4227
f 1204/1651/4228 1207/1650/4229 1845/1694/4230 1284/1697/4231
f 1205/1659/4232 1854/1658/4233 718/1716/4234 870/1663/4235
f 1205/1659/4236 1206/1662/4237 1233/1717/4238 871/1660/4239
f 1208/1666/4240 1269/1665/4241 720/1718/4242 1271/1705/4243
f 867/1675/4244 1197/1674/4245 1809/1719/4246 825/1720/4247
f 1809/1719/4248 1197/1674/4249 717/1721/4250 1234/1722/4251
f 1198/1673/4252 1209/1677/4253 1235/1689/4254 1254/1723/4255
f 1197/1674/4256 1198/1673/4257 1254/1723/4258 717/1721/4259
f 1790/1686/4260 1210/1687/4261 1209/1677/4262 1805/1676/4263
f 1853/1700/4264 1202/1691/4265 1211/1690/4266 868/1701/4267
f 1792/1713/4268 1789/1712/4269 1255/1724/4270 719/1725/4271
f 1255/1724/4272 1789/1712/4273 1791/1715/4274 1236/1726/4275
f 1813/1727/4276 1857/1728/4277 1231/1729/4278 723/1730/4279
f 1283/1731/4280 1238/1732/4281 721/1733/4282 1825/1734/4283
f 1808/1695/4284 1238/1732/4285 1283/1731/4286 1282/1696/4287
f 1212/1735/4288 1270/1736/4289 745/1699/4290 1788/1698/4291
f 1231/1729/4292 1270/1736/4293 1212/1735/4294 723/1730/4295
f 1816/1737/4296 868/1701/4297 1214/1706/4298 1213/1707/4299
f 1811/1738/4300 1816/1737/4301 1213/1707/4302 869/1709/4303
f 1817/1739/4304 1215/1740/4305 1200/1685/4306 1807/1684/4307
f 1236/1726/4308 1791/1715/4309 1215/1740/4310 1817/1739/4311
f 1858/1741/4312 1232/1742/4313 1216/1743/4314 1819/1744/4315
f 1818/1745/4316 1220/1746/4317 1217/1747/4318 1239/1748/4319
f 1787/1655/4320 1794/1654/4321 731/1749/4322 873/1750/4323
f 1218/1751/4324 1273/1752/4325 1258/1753/4326 874/1754/4327
f 1218/1751/4328 1206/1662/4329 1201/1661/4330 876/1755/4331
f 1819/1744/4332 1216/1743/4333 1219/1756/4334 1240/1757/4335
f 1826/1758/4336 1220/1746/4337 1818/1745/4338 1846/1759/4339
f 1795/1670/4340 1802/1669/4341 1260/1760/4342 730/1761/4343
f 1794/1654/4344 1795/1670/4345 730/1761/4346 731/1749/4347
f 1820/1762/4348 1222/1763/4349 1223/1764/4350 729/1765/4351
f 747/1766/4352 1821/1767/4353 1247/1768/4354 1847/1769/4355
f 1796/1770/4356 1855/1771/4357 1261/1772/4358 729/1765/4359
f 1241/1773/4360 1275/1774/4361 1223/1764/4362 1278/1775/4363
f 1225/1776/4364 1224/1777/4365 727/1778/4366 733/1779/4367
f 1246/1780/4368 1244/1781/4369 742/1782/4370 1242/1783/4371
f 1201/1661/4372 1793/1703/4373 736/1784/4374 876/1755/4375
f 1793/1703/4376 1787/1655/4377 873/1750/4378 736/1784/4379
f 1216/1743/4380 1232/1742/4381 1244/1781/4382 1246/1780/4383
f 1217/1747/4384 1220/1746/4385 1245/1785/4386 1856/1786/4387
f 1827/1787/4388 1273/1752/4389 1218/1751/4390 876/1755/4391
f 1233/1717/4392 1206/1662/4393 1218/1751/4394 874/1754/4395
f 1219/1756/4396 1216/1743/4397 1246/1780/4398 1243/1788/4399
f 1245/1785/4400 1220/1746/4401 1826/1758/4402 1799/1789/4403
f 1828/1790/4404 1221/1791/4405 1222/1763/4406 1820/1762/4407
f 1222/1763/4408 1221/1791/4409 1264/1792/4410 728/1793/4411
f 1223/1764/4412 1222/1763/4413 728/1793/4414 1278/1775/4415
f 1223/1764/4416 1275/1774/4417 1796/1770/4418 729/1765/4419
f 1829/1794/4420 1224/1777/4421 1225/1776/4422 1824/1795/4423
f 823/1796/4424 1226/1797/4425 1831/1798/4426 822/1799/4427
f 1831/1798/4428 1226/1797/4429 1860/1800/4430 1850/1801/4431
f 1830/1802/4432 746/1803/4433 823/1796/4434 822/1799/4435
f 1832/1804/4436 1272/1805/4437 1227/1806/4438 738/1807/4439
f 1227/1806/4440 1272/1805/4441 1847/1769/4442 1797/1808/4443
f 1836/1809/4444 1798/1810/4445 1837/1811/4446 1852/1812/4447
f 742/1782/4448 1798/1810/4449 1836/1809/4450 1242/1783/4451
f 1227/1806/4452 1228/1813/4453 1829/1794/4454 738/1807/4455
f 1799/1789/4456 1228/1813/4457 1227/1806/4458 1797/1808/4459
f 1261/1772/4460 1855/1771/4461 746/1803/4462 1830/1802/4463
f 1814/1814/4464 1283/1731/4465 1825/1734/4466 744/1815/4467
f 1258/1753/4468 1273/1752/4469 1232/1742/4470 1858/1741/4471
f 1244/1781/4472 1827/1787/4473 875/1816/4474 742/1782/4475
f 1232/1742/4476 1273/1752/4477 1827/1787/4478 1244/1781/4479
f 875/1816/4480 1262/1817/4481 1798/1810/4482 742/1782/4483
f 2033/1818/4484 1249/1819/4485 740/1820/4486 824/1821/4487
f 1266/1822/4488 1839/1823/4489 1249/1819/4490 2033/1818/4491
f 1840/1824/4492 1266/1822/4493 2033/1818/4494 824/1821/4495
f 1249/1819/4496 1250/1825/4497 1841/1826/4498 740/1820/4499
f 1250/1825/4500 1267/1827/4501 741/1828/4502 1841/1826/4503
f 1839/1823/4504 1267/1827/4505 1250/1825/4506 1249/1819/4507
f 1798/1810/4508 1262/1817/4509 734/1829/4510 1837/1811/4511
f 1279/1704/4512 1211/1690/4513 1230/1693/4514 1263/1830/4515
f 1806/1831/4516 1811/1738/4517 869/1709/4518 1268/1832/4519
f 1844/1833/4520 1806/1831/4521 1268/1832/4522 877/1834/4523
f 1281/1692/4524 1202/1691/4525 1207/1650/4526 1229/1649/4527
f 1853/1700/4528 745/1699/4529 725/1835/4530 1845/1694/4531
f 868/1701/4532 1211/1690/4533 1279/1704/4534 1214/1706/4535
f 1207/1650/4536 1202/1691/4537 1853/1700/4538 1845/1694/4539
f 1231/1729/4540 1857/1728/4541 1237/1836/4542 1812/1837/4543
f 1815/1838/4544 1270/1736/4545 1231/1729/4546 1812/1837/4547
f 745/1699/4548 1270/1736/4549 1815/1838/4550 725/1835/4551
f 1203/1708/4552 1256/1839/4553 726/1683/4554 1199/1682/4555
f 1271/1705/4556 720/1718/4557 1256/1839/4558 1203/1708/4559
f 1259/1840/4560 1274/1841/4561 1826/1758/4562 1846/1759/4563
f 1224/1777/4564 1274/1841/4565 1259/1840/4566 727/1778/4567
f 1272/1805/4568 1859/1842/4569 747/1766/4570 1847/1769/4571
f 1822/1843/4572 1859/1842/4573 1272/1805/4574 1832/1804/4575
f 1823/1844/4576 1855/1771/4577 1796/1770/4578 1856/1786/4579
f 1217/1747/4580 1275/1774/4581 1241/1773/4582 1239/1748/4583
f 1219/1756/4584 1225/1776/4585 733/1779/4586 1240/1757/4587
f 1838/1845/4588 1824/1795/4589 1243/1788/4590 1248/1846/4591
f 1826/1758/4592 1274/1841/4593 1228/1813/4594 1799/1789/4595
f 1228/1813/4596 1274/1841/4597 1224/1777/4598 1829/1794/4599
f 1796/1770/4600 1275/1774/4601 1217/1747/4602 1856/1786/4603
f 1824/1795/4604 1225/1776/4605 1219/1756/4606 1243/1788/4607
f 823/1796/4608 746/1803/4609 1277/1847/4610 826/1848/4611
f 1860/1800/4612 1226/1797/4613 1276/1849/4614 732/1850/4615
f 1276/1849/4616 1226/1797/4617 823/1796/4618 826/1848/4619
f 1847/1769/4620 1247/1768/4621 1833/1851/4622 1797/1808/4623
f 1834/1852/4624 1835/1853/4625 737/1854/4626 1265/1855/4627
f 1851/1856/4628 1834/1852/4629 1265/1855/4630 735/1857/4631
f 1835/1853/4632 1838/1845/4633 1248/1846/4634 737/1854/4635
f 1833/1851/4636 1245/1785/4637 1799/1789/4638 1797/1808/4639
f 746/1803/4640 1855/1771/4641 1823/1844/4642 1277/1847/4643
f 1849/1652/4644 1204/1651/4645 1854/1658/4646 1861/1657/4647
f 1251/1667/4648 1208/1666/4649 1279/1704/4650 1263/1830/4651
f 1268/1832/4652 1280/1678/4653 878/1681/4654 877/1834/4655
f 869/1709/4656 1199/1682/4657 1280/1678/4658 1268/1832/4659
f 1200/1685/4660 1253/1858/4661 720/1718/4662 1790/1686/4663
f 1791/1715/4664 872/1714/4665 1257/1859/4666 1215/1740/4667
f 1215/1740/4668 1257/1859/4669 1253/1858/4670 1200/1685/4671
f 720/1718/4672 1269/1665/4673 1210/1687/4674 1790/1686/4675
f 1210/1687/4676 1269/1665/4677 1801/1664/4678 743/1688/4679
f 1284/1697/4680 1282/1696/4681 724/1860/4682 718/1716/4683
f 1282/1696/4684 1283/1731/4685 1814/1814/4686 724/1860/4687
f 1854/1658/4688 1204/1651/4689 1284/1697/4690 718/1716/4691
f 1862/1861/4692 1863/1862/4693 827/1863/4694 879/1864/4695
f 827/1863/4696 1292/1865/4697 748/1866/4698 879/1864/4699
f 1863/1862/4700 1875/1867/4701 1292/1865/4702 827/1863/4703
f 1286/1868/4704 1877/1869/4705 1296/1870/4706 1298/1871/4707
f 1877/1869/4708 1866/1872/4709 1883/1873/4710 1296/1870/4711
f 1293/1874/4712 1285/1875/4713 749/1876/4714 750/1877/4715
f 1878/1878/4716 1285/1875/4717 1293/1874/4718 1881/1879/4719
f 1291/1880/4720 1286/1868/4721 1298/1871/4722 1297/1881/4723
f 1866/1872/4724 1287/1882/4725 1295/1883/4726 1883/1873/4727
f 1287/1882/4728 1288/1884/4729 1294/1885/4730 1295/1883/4731
f 1294/1885/4732 1288/1884/4733 1869/1886/4734 751/1887/4735
f 1290/1888/4736 1289/1889/4737 1868/1890/4738 1882/1891/4739
f 1868/1890/4740 1289/1889/4741 1863/1862/4742 1862/1861/4743
f 1289/1889/4744 1872/1892/4745 1875/1867/4746 1863/1862/4747
f 1869/1886/4748 1872/1892/4749 1289/1889/4750 1290/1888/4751
f 751/1887/4752 1869/1886/4753 1290/1888/4754 1882/1891/4755
f 750/1877/4756 749/1876/4757 1291/1880/4758 1297/1881/4759
f 1879/1893/4760 1293/1874/4761 750/1877/4762 1864/1894/4763
f 1881/1879/4764 1293/1874/4765 1879/1893/4766 1874/1895/4767
f 1865/1896/4768 751/1887/4769 1882/1891/4770 1886/1897/4771
f 1295/1883/4772 1294/1885/4773 1876/1898/4774 1867/1899/4775
f 1876/1898/4776 1294/1885/4777 751/1887/4778 1865/1896/4779
f 1883/1873/4780 1295/1883/4781 1867/1899/4782 1873/1900/4783
f 1298/1871/4784 1296/1870/4785 1870/1901/4786 1880/1902/4787
f 1296/1870/4788 1883/1873/4789 1873/1900/4790 1870/1901/4791
f 1864/1894/4792 750/1877/4793 1297/1881/4794 1871/1903/4795
f 1297/1881/4796 1298/1871/4797 1880/1902/4798 1871/1903/4799
f 2034/1904/4800 1299/1905/4801 1862/1861/4802 879/1864/4803
f 1894/1906/4804 1891/1907/4805 1299/1905/4806 2034/1904/4807
f 748/1866/4808 1894/1906/4809 2034/1904/4810 879/1864/4811
f 1312/1908/4812 1896/1909/4813 1899/1910/4814 1901/1911/4815
f 1302/1912/4816 1896/1909/4817 1312/1908/4818 1311/1913/4819
f 1305/1914/4820 1897/1915/4821 1307/1916/4822 1313/1917/4823
f 1307/1916/4824 1897/1915/4825 1300/1918/4826 1308/1919/4827
f 1901/1911/4828 1899/1910/4829 1301/1920/4830 1314/1921/4831
f 1887/1922/4832 1302/1912/4833 1311/1913/4834 1310/1923/4835
f 1303/1924/4836 1887/1922/4837 1310/1923/4838 1309/1925/4839
f 1900/1926/4840 752/1927/4841 1303/1924/4842 1309/1925/4843
f 1868/1890/4844 1304/1928/4845 880/1929/4846 1882/1891/4847
f 1304/1928/4848 1306/1930/4849 752/1927/4850 880/1929/4851
f 1891/1907/4852 1306/1930/4853 1304/1928/4854 1299/1905/4855
f 1299/1905/4856 1304/1928/4857 1868/1890/4858 1862/1861/4859
f 880/1929/4860 752/1927/4861 1900/1926/4862 1882/1891/4863
f 1301/1920/4864 1305/1914/4865 1313/1917/4866 1314/1921/4867
f 1313/1917/4868 1307/1916/4869 1893/1931/4870 753/1932/4871
f 1893/1931/4872 1307/1916/4873 1308/1919/4874 1898/1933/4875
f 1882/1891/4876 1900/1926/4877 1884/1934/4878 1886/1897/4879
f 1884/1934/4880 1900/1926/4881 1309/1925/4882 1895/1935/4883
f 1309/1925/4884 1310/1923/4885 1892/1936/4886 1895/1935/4887
f 1310/1923/4888 1311/1913/4889 1888/1937/4890 1892/1936/4891
f 1889/1938/4892 1312/1908/4893 1901/1911/4894 1890/1939/4895
f 1311/1913/4896 1312/1908/4897 1889/1938/4898 1888/1937/4899
f 1314/1921/4900 1313/1917/4901 753/1932/4902 1885/1940/4903
f 1890/1939/4904 1901/1911/4905 1314/1921/4906 1885/1940/4907
f 1902/1941/4908 1903/1942/4909 828/1943/4910 881/1944/4911
f 828/1943/4912 1315/1945/4913 754/1946/4914 881/1944/4915
f 1903/1942/4916 757/1947/4917 1315/1945/4918 828/1943/4919
f 760/1948/4920 1317/1949/4921 829/1950/4922 831/1951/4923
f 829/1950/4924 1323/1952/4925 1327/1953/4926 831/1951/4927
f 1324/1954/4928 1316/1955/4929 758/1956/4930 1330/1957/4931
f 1331/1958/4932 1322/1959/4933 1317/1949/4934 760/1948/4935
f 1323/1952/4936 756/1960/4937 1907/1961/4938 1327/1953/4939
f 1907/1961/4940 756/1960/4941 1318/1962/4942 759/1963/4943
f 1343/1964/4944 1321/1965/4945 1319/1966/4946 1905/1967/4947
f 1905/1967/4948 1319/1966/4949 1903/1942/4950 1902/1941/4951
f 1319/1966/4952 1320/1968/4953 757/1947/4954 1903/1942/4955
f 1321/1965/4956 1318/1962/4957 1320/1968/4958 1319/1966/4959
f 759/1963/4960 1318/1962/4961 1321/1965/4962 1343/1964/4963
f 1330/1957/4964 758/1956/4965 1322/1959/4966 1331/1958/4967
f 1329/1969/4968 1906/1970/4969 1324/1954/4970 1330/1957/4971
f 1344/1971/4972 1325/1972/4973 759/1963/4974 1343/1964/4975
f 1325/1972/4976 1326/1973/4977 1907/1961/4978 759/1963/4979
f 1907/1961/4980 1326/1973/4981 1328/1974/4982 1327/1953/4983
f 830/1975/4984 755/1976/4985 760/1948/4986 831/1951/4987
f 1327/1953/4988 1328/1974/4989 830/1975/4990 831/1951/4991
f 1904/1977/4992 1329/1969/4993 1330/1957/4994 1331/1958/4995
f 755/1976/4996 1904/1977/4997 1331/1958/4998 760/1948/4999
f 2035/1978/5000 1332/1979/5001 1902/1941/5002 881/1944/5003
f 1913/1980/5004 1908/1981/5005 1332/1979/5006 2035/1978/5007
f 754/1946/5008 1913/1980/5009 2035/1978/5010 881/1944/5011
f 1335/1982/5012 1339/1983/5013 1354/1984/5014 1349/1985/5015
f 1341/1986/5016 1909/1987/5017 1333/1988/5018 763/1989/5019
f 1339/1983/5020 1340/1990/5021 1916/1991/5022 1354/1984/5023
f 1911/1992/5024 1335/1982/5025 1349/1985/5026 1347/1993/5027
f 1334/1994/5028 1911/1992/5029 1347/1993/5030 1915/1995/5031
f 1346/1996/5032 761/1997/5033 1334/1994/5034 1915/1995/5035
f 1337/1998/5036 1336/1999/5037 1343/1964/5038 1905/1967/5039
f 1912/2000/5040 761/1997/5041 1336/1999/5042 1337/1998/5043
f 1908/1981/5044 1912/2000/5045 1337/1998/5046 1332/1979/5047
f 1332/1979/5048 1337/1998/5049 1905/1967/5050 1902/1941/5051
f 1336/1999/5052 761/1997/5053 1346/1996/5054 1343/1964/5055
f 1351/2001/5056 1338/2002/5057 1909/1987/5058 1341/1986/5059
f 1916/1991/5060 1340/1990/5061 1338/2002/5062 1351/2001/5063
f 1914/2003/5064 1342/2004/5065 1341/1986/5066 763/1989/5067
f 1346/1996/5068 1345/2005/5069 1344/1971/5070 1343/1964/5071
f 762/2006/5072 1345/2005/5073 1346/1996/5074 1915/1995/5075
f 1347/1993/5076 1348/2007/5077 762/2006/5078 1915/1995/5079
f 1349/1985/5080 1350/2008/5081 1348/2007/5082 1347/1993/5083
f 1354/1984/5084 1353/2009/5085 1350/2008/5086 1349/1985/5087
f 1342/2004/5088 1910/2010/5089 1351/2001/5090 1341/1986/5091
f 1910/2010/5092 1352/2011/5093 1916/1991/5094 1351/2001/5095
f 1916/1991/5096 1352/2011/5097 1353/2009/5098 1354/1984/5099
f 1917/2012/5100 1372/2013/5101 1392/2014/5102 771/2015/5103
f 1372/2013/5104 1355/2016/5105 1950/2017/5106 1392/2014/5107
f 1355/2016/5108 1374/2018/5109 1393/2019/5110 1950/2017/5111
f 1374/2018/5112 1356/2020/5113 772/2021/5114 1393/2019/5115
f 1356/2020/5116 1378/2022/5117 1394/2023/5118 772/2021/5119
f 1394/2023/5120 1378/2022/5121 1357/2024/5122 1376/2025/5123
f 1376/2025/5124 1357/2024/5125 1931/2026/5126 1395/2027/5127
f 1918/2028/5128 773/2029/5129 1399/2030/5130 1365/2031/5131
f 773/2029/5132 1358/2032/5133 776/2033/5134 1399/2030/5135
f 1358/2032/5136 1359/2034/5137 1379/2035/5138 776/2033/5139
f 1379/2035/5140 1359/2034/5141 1937/2036/5142 1391/2037/5143
f 1391/2037/5144 1937/2036/5145 1360/2038/5146 1381/2039/5147
f 1381/2039/5148 1360/2038/5149 1917/2012/5150 771/2015/5151
f 1395/2027/5152 1931/2026/5153 1361/2040/5154 1383/2041/5155
f 1383/2041/5156 1361/2040/5157 1942/2042/5158 1396/2043/5159
f 1396/2043/5160 1942/2042/5161 1362/2044/5162 774/2045/5163
f 1362/2044/5164 1387/2046/5165 1397/2047/5166 774/2045/5167
f 1397/2047/5168 1387/2046/5169 1363/2048/5170 1386/2049/5171
f 1366/2050/5172 1390/2051/5173 1920/2052/5174 1953/2053/5175
f 1390/2051/5176 1364/2054/5177 1403/2055/5178 1920/2052/5179
f 1919/2056/5180 1366/2050/5181 1953/2053/5182 1921/2057/5183
f 1405/2058/5184 1389/2059/5185 1922/2060/5186 1386/2049/5187
f 1922/2060/5188 1389/2059/5189 1367/2061/5190 1401/2062/5191
f 1401/2062/5192 1367/2061/5193 1919/2056/5194 1921/2057/5195
f 1363/2048/5196 1405/2058/5197 1386/2049/5198
f 778/2063/5199 1918/2028/5200 1365/2031/5201 775/2064/5202
f 1364/2054/5203 1369/2065/5204 1924/2066/5205 1403/2055/5206
f 1923/2067/5207 1369/2065/5208 1364/2054/5209 882/2068/5210
f 1924/2066/5211 1369/2065/5212 1923/2067/5213 1952/2069/5214
f 1403/2055/5215 1924/2066/5216 1370/2070/5217 1956/2071/5218
f 777/2072/5219 778/2063/5220 775/2064/5221 779/2073/5222
f 1392/2014/5223 1950/2017/5224 1925/2074/5225 1371/2075/5226
f 771/2015/5227 1392/2014/5228 1371/2075/5229 765/2076/5230
f 1926/2077/5231 1372/2013/5232 1917/2012/5233 883/2078/5234
f 767/2079/5235 1355/2016/5236 1372/2013/5237 1926/2077/5238
f 1393/2019/5239 772/2021/5240 1927/2080/5241 1373/2081/5242
f 1950/2017/5243 1393/2019/5244 1373/2081/5245 1925/2074/5246
f 1928/2082/5247 1374/2018/5248 1355/2016/5249 767/2079/5250
f 768/2083/5251 1356/2020/5252 1374/2018/5253 1928/2082/5254
f 1929/2084/5255 1376/2025/5256 1395/2027/5257 884/2085/5258
f 772/2021/5259 1394/2023/5260 1375/2086/5261 1927/2080/5262
f 1375/2086/5263 1394/2023/5264 1376/2025/5265 1929/2084/5266
f 1357/2024/5267 1378/2022/5268 1930/2087/5269 1377/2088/5270
f 1930/2087/5271 1378/2022/5272 1356/2020/5273 768/2083/5274
f 1931/2026/5275 1357/2024/5276 1377/2088/5277 1941/2089/5278
f 1365/2031/5279 1399/2030/5280 1932/2090/5281 1954/2091/5282
f 1935/2092/5283 773/2029/5284 1918/2028/5285 1933/2093/5286
f 1399/2030/5287 776/2033/5288 1934/2094/5289 1932/2090/5290
f 766/2095/5291 1358/2032/5292 773/2029/5293 1935/2092/5294
f 1936/2096/5295 1379/2035/5296 1391/2037/5297 885/2097/5298
f 776/2033/5299 1379/2035/5300 1936/2096/5301 1934/2094/5302
f 1380/2098/5303 1359/2034/5304 1358/2032/5305 766/2095/5306
f 1937/2036/5307 1359/2034/5308 1380/2098/5309 1939/2099/5310
f 1938/2100/5311 1381/2039/5312 771/2015/5313 765/2076/5314
f 885/2097/5315 1391/2037/5316 1381/2039/5317 1938/2100/5318
f 1360/2038/5319 1937/2036/5320 1939/2099/5321 1382/2101/5322
f 1917/2012/5323 1360/2038/5324 1382/2101/5325 883/2078/5326
f 1940/2102/5327 1383/2041/5328 1396/2043/5329 886/2103/5330
f 884/2085/5331 1395/2027/5332 1383/2041/5333 1940/2102/5334
f 1361/2040/5335 1931/2026/5336 1941/2089/5337 1384/2104/5338
f 1942/2042/5339 1361/2040/5340 1384/2104/5341 1944/2105/5342
f 886/2103/5343 1396/2043/5344 774/2045/5345 1943/2106/5346
f 1362/2044/5347 1942/2042/5348 1944/2105/5349 769/2107/5350
f 1945/2108/5351 1386/2049/5352 891/2109/5353 887/2110/5354
f 774/2045/5355 1397/2047/5356 1385/2111/5357 1943/2106/5358
f 1385/2111/5359 1397/2047/5360 1386/2049/5361 1945/2108/5362
f 1363/2048/5363 1387/2046/5364 1946/2112/5365 764/2113/5366
f 1946/2112/5367 1387/2046/5368 1362/2044/5369 769/2107/5370
f 770/2114/5371 1366/2050/5372 1919/2056/5373 1947/2115/5374
f 1367/2061/5375 1389/2059/5376 1948/2116/5377 1388/2117/5378
f 1948/2116/5379 1389/2059/5380 1405/2058/5381 888/2118/5382
f 1919/2056/5383 1367/2061/5384 1388/2117/5385 1947/2115/5386
f 1949/2119/5387 1390/2051/5388 1366/2050/5389 770/2114/5390
f 882/2068/5391 1364/2054/5392 1390/2051/5393 1949/2119/5394
f 888/2118/5395 1405/2058/5396 1363/2048/5397 764/2113/5398
f 1370/2070/5399 1924/2066/5400 1368/2120/5401 1951/2121/5402
f 1368/2120/5403 1924/2066/5404 1952/2069/5405 1398/2122/5406
f 1368/2120/5407 1398/2122/5408 1951/2121/5409
f 775/2064/5410 1365/2031/5411 1954/2091/5412 779/2073/5413
f 1933/2093/5414 1918/2028/5415 778/2063/5416 777/2072/5417
f 1955/2123/5418 1957/2124/5419 1403/2055/5420 1956/2071/5421
f 1410/2125/5422 1400/2126/5423 1922/2060/5424 1401/2062/5425
f 1922/2060/5426 1400/2126/5427 891/2109/5428 1386/2049/5429
f 1402/2127/5430 1410/2125/5431 1401/2062/5432 1921/2057/5433
f 1953/2053/5434 1439/2128/5435 1402/2127/5436 1921/2057/5437
f 1920/2052/5438 1404/2129/5439 1439/2128/5440 1953/2053/5441
f 1403/2055/5442 1957/2124/5443 1404/2129/5444 1920/2052/5445
f 2036/2130/5446 1408/2131/5447 1426/2132/5448 889/2133/5449
f 1426/2132/5450 1408/2131/5451 786/2134/5452 890/2135/5453
f 1441/2136/5454 1428/2137/5455 1407/2138/5456 1979/2139/5457
f 1407/2138/5458 1428/2137/5459 2036/2130/5460 889/2133/5461
f 1418/2140/5462 1409/2141/5463 1970/2142/5464 1958/2143/5465
f 1406/2144/5466 1435/2145/5467 1409/2141/5468 1418/2140/5469
f 1452/2146/5470 1432/2147/5471 1410/2125/5472 1402/2127/5473
f 1432/2147/5474 1411/2148/5475 1400/2126/5476 1410/2125/5477
f 1400/2126/5478 1411/2148/5479 1987/2149/5480 891/2109/5481
f 1960/2150/5482 1959/2151/5483 1961/2152/5484 1989/2153/5485
f 1453/2154/5486 1448/2155/5487 1957/2124/5488 1955/2123/5489
f 1443/2156/5490 785/2157/5491 1963/2158/5492 1412/2159/5493
f 1962/2160/5494 1443/2156/5495 1412/2159/5496 1965/2161/5497
f 1964/2162/5498 1413/2163/5499 1446/2164/5500 892/2165/5501
f 781/2166/5502 1444/2167/5503 1413/2163/5504 1964/2162/5505
f 1445/2168/5506 1962/2160/5507 1965/2161/5508 1414/2169/5509
f 788/2170/5510 1445/2168/5511 1414/2169/5512 1967/2171/5513
f 1966/2172/5514 1415/2173/5515 1451/2174/5516 893/2175/5517
f 892/2165/5518 1446/2164/5519 1415/2173/5520 1966/2172/5521
f 1450/2176/5522 788/2170/5523 1967/2171/5524 1416/2177/5525
f 890/2135/5526 1450/2176/5527 1416/2177/5528 782/2178/5529
f 1968/2179/5530 1417/2180/5531 786/2134/5532 894/2181/5533
f 893/2175/5534 1451/2174/5535 1417/2180/5536 1968/2179/5537
f 1969/2182/5538 1418/2140/5539 1958/2143/5540 895/2183/5541
f 1972/2184/5542 1406/2144/5543 1418/2140/5544 1969/2182/5545
f 1409/2141/5546 1435/2145/5547 1971/2185/5548 1419/2186/5549
f 1970/2142/5550 1409/2141/5551 1419/2186/5552 1993/2187/5553
f 783/2188/5554 790/2189/5555 1406/2144/5556 1972/2184/5557
f 1435/2145/5558 1990/2190/5559 1973/2191/5560 1971/2185/5561
f 1975/2192/5562 1420/2193/5563 790/2189/5564 783/2188/5565
f 1974/2194/5566 1436/2195/5567 1421/2196/5568 1977/2197/5569
f 1421/2196/5570 1436/2195/5571 1420/2193/5572 1975/2192/5573
f 1437/2198/5574 1422/2199/5575 1976/2200/5576 1423/2201/5577
f 1976/2200/5578 1422/2199/5579 1449/2202/5580 896/2203/5581
f 1990/2190/5582 1437/2198/5583 1423/2201/5584 1973/2191/5585
f 1447/2204/5586 1974/2194/5587 1977/2197/5588 1424/2205/5589
f 785/2157/5590 1447/2204/5591 1424/2205/5592 1963/2158/5593
f 1978/2206/5594 1425/2207/5595 1444/2167/5596 781/2166/5597
f 896/2203/5598 1449/2202/5599 1425/2207/5600 1978/2206/5601
f 889/2133/5602 1426/2132/5603 1980/2208/5604 897/2209/5605
f 1980/2208/5606 1426/2132/5607 890/2135/5608 782/2178/5609
f 1979/2139/5610 1407/2138/5611 1427/2210/5612 1982/2211/5613
f 1427/2210/5614 1407/2138/5615 889/2133/5616 897/2209/5617
f 2036/2130/5618 1428/2137/5619 1981/2212/5620 899/2213/5621
f 1981/2212/5622 1428/2137/5623 1441/2136/5624 898/2214/5625
f 786/2134/5626 1408/2131/5627 1429/2215/5628 894/2181/5629
f 1429/2215/5630 1408/2131/5631 2036/2130/5632 899/2213/5633
f 789/2216/5634 1979/2139/5635 1982/2211/5636 784/2217/5637
f 898/2214/5638 1441/2136/5639 1995/2218/5640 1983/2219/5641
f 891/2109/5642 1430/2220/5643 1984/2221/5644 887/2110/5645
f 1984/2221/5646 1430/2220/5647 789/2216/5648 784/2217/5649
f 1995/2218/5650 1442/2222/5651 1431/2223/5652 1983/2219/5653
f 1431/2223/5654 1442/2222/5655 1987/2149/5656 1985/2224/5657
f 1452/2146/5658 1994/2225/5659 1986/2226/5660 780/2227/5661
f 1988/2228/5662 1432/2147/5663 1452/2146/5664 780/2227/5665
f 1987/2149/5666 1411/2148/5667 1433/2229/5668 1985/2224/5669
f 1433/2229/5670 1411/2148/5671 1432/2147/5672 1988/2228/5673
f 1440/2230/5674 1960/2150/5675 1989/2153/5676 1434/2231/5677
f 1994/2225/5678 1440/2230/5679 1434/2231/5680 1986/2226/5681
f 790/2189/5682 1990/2190/5683 1435/2145/5684 1406/2144/5685
f 1449/2202/5686 1422/2199/5687 1436/2195/5688 1974/2194/5689
f 1436/2195/5690 1422/2199/5691 1437/2198/5692 1420/2193/5693
f 1420/2193/5694 1437/2198/5695 1990/2190/5696 790/2189/5697
f 1961/2152/5698 1959/2151/5699 1991/2232/5700
f 895/2183/5701 1958/2143/5702 1438/2233/5703 1992/2234/5704
f 1454/2235/5705 1970/2142/5706 1993/2187/5707 787/2236/5708
f 1957/2124/5709 1960/2150/5710 1440/2230/5711 1404/2129/5712
f 1404/2129/5713 1440/2230/5714 1994/2225/5715 1439/2128/5716
f 1995/2218/5717 1441/2136/5718 1979/2139/5719 789/2216/5720
f 1987/2149/5721 1442/2222/5722 1430/2220/5723 891/2109/5724
f 1430/2220/5725 1442/2222/5726 1995/2218/5727 789/2216/5728
f 1958/2143/5729 1970/2142/5730 1454/2235/5731 1438/2233/5732
f 1448/2155/5733 1959/2151/5734 1960/2150/5735 1957/2124/5736
f 1413/2163/5737 1444/2167/5738 785/2157/5739 1443/2156/5740
f 1446/2164/5741 1413/2163/5742 1443/2156/5743 1962/2160/5744
f 1451/2174/5745 1415/2173/5746 1445/2168/5747 788/2170/5748
f 1415/2173/5749 1446/2164/5750 1962/2160/5751 1445/2168/5752
f 1425/2207/5753 1449/2202/5754 1974/2194/5755 1447/2204/5756
f 1444/2167/5757 1425/2207/5758 1447/2204/5759 785/2157/5760
f 786/2134/5761 1417/2180/5762 1450/2176/5763 890/2135/5764
f 1417/2180/5765 1451/2174/5766 788/2170/5767 1450/2176/5768
f 1439/2128/5769 1994/2225/5770 1452/2146/5771 1402/2127/5772
f 1991/2232/5773 1959/2151/5774 1448/2155/5775 1453/2154/5776
f 1438/2233/5777 1454/2235/5778 787/2236/5779 1992/2234/5780
f 1998/2237/5781 2009/2238/5782 798/2239/5783 1456/2240/5784
f 1472/2241/5785 1471/2242/5786 1457/2243/5787 1487/2244/5788
f 1457/2243/5789 1471/2242/5790 2009/2238/5791 1998/2237/5792
f 1486/2245/5793 1456/2240/5794 1455/2246/5795 1531/2247/5796
f 1470/2248/5797 1480/2249/5798 2008/2250/5799 1522/2251/5800
f 1485/2252/5801 1998/2237/5802 1456/2240/5803 1486/2245/5804
f 1487/2244/5805 1457/2243/5806 1484/2253/5807 1522/2251/5808
f 1484/2253/5809 1457/2243/5810 1998/2237/5811 1485/2252/5812
f 1997/2254/5813 1999/2255/5814 1478/2256/5815 1468/2257/5816
f 1468/2257/5817 1478/2256/5818 797/2258/5819 792/2259/5820
f 2000/2260/5821 2002/2261/5822 1482/2262/5823 2001/2263/5824
f 1456/2240/5825 798/2239/5826 1458/2264/5827 1455/2246/5828
f 791/2265/5829 1472/2241/5830 1487/2244/5831 1522/2251/5832
f 1531/2247/5833 2000/2260/5834 2001/2263/5835 1483/2266/5836
f 1455/2246/5837 1459/2267/5838 2000/2260/5839 1531/2247/5840
f 2004/2268/5841 1996/2269/5842 2003/2270/5843 2005/2271/5844
f 2012/2272/5845 2004/2268/5846 2005/2271/5847
f 1470/2248/5848 1522/2251/5849 900/2273/5850
f 1458/2264/5851 1460/2274/5852 1459/2267/5853 1455/2246/5854
f 1459/2267/5855 1460/2274/5856 2002/2261/5857 2000/2260/5858
f 2003/2270/5859 1996/2269/5860 796/2275/5861
f 1476/2276/5862 1461/2277/5863 2010/2278/5864 793/2279/5865
f 1461/2277/5866 1475/2280/5867 800/2281/5868 2010/2278/5869
f 799/2282/5870 1474/2283/5871 2006/2284/5872 2007/2285/5873
f 797/2258/5874 1463/2286/5875 2011/2287/5876 792/2259/5877
f 2011/2287/5878 1463/2286/5879 834/2288/5880 835/2289/5881
f 1464/2290/5882 1477/2291/5883 795/2292/5884 794/2293/5885
f 834/2288/5886 1477/2291/5887 1464/2290/5888 835/2289/5889
f 1474/2283/5890 1465/2294/5891 2012/2272/5892 2006/2284/5893
f 2012/2272/5894 1465/2294/5895 1481/2295/5896 2004/2268/5897
f 1475/2280/5898 1466/2296/5899 2013/2297/5900 800/2281/5901
f 1467/2298/5902 1473/2299/5903 799/2282/5904 2007/2285/5905
f 1466/2296/5906 1473/2299/5907 1467/2298/5908 2013/2297/5909
f 795/2292/5910 1462/2300/5911 2014/2301/5912 794/2293/5913
f 2014/2301/5914 1462/2300/5915 832/2302/5916 833/2303/5917
f 832/2302/5918 1476/2276/5919 793/2279/5920 833/2303/5921
f 1469/2304/5922 1479/2305/5923 1999/2255/5924 1997/2254/5925
f 1480/2249/5926 1479/2305/5927 1469/2304/5928 2008/2250/5929
f 1489/2306/5930 1506/2307/5931 1526/2308/5932 809/2309/5933
f 1526/2308/5934 1506/2307/5935 1488/2310/5936 2029/2311/5937
f 1490/2312/5938 1507/2313/5939 1527/2314/5940 808/2315/5941
f 1507/2313/5942 1489/2306/5943 809/2309/5944 1527/2314/5945
f 2015/2316/5946 1508/2317/5947 1529/2318/5948 807/2319/5949
f 1508/2317/5950 1490/2312/5951 808/2315/5952 1529/2318/5953
f 1535/2320/5954 2016/2321/5955 1491/2322/5956 1499/2323/5957
f 1499/2323/5958 1491/2322/5959 2023/2324/5960 1525/2325/5961
f 1492/2326/5962 1510/2327/5963 1534/2328/5964 2030/2329/5965
f 1534/2328/5966 1510/2327/5967 2016/2321/5968 1535/2320/5969
f 1493/2330/5970 1511/2331/5971 1523/2332/5972 810/2333/5973
f 1511/2331/5974 1492/2326/5975 2030/2329/5976 1523/2332/5977
f 1488/2310/5978 1512/2334/5979 1528/2335/5980 2029/2311/5981
f 1512/2334/5982 1493/2330/5983 810/2333/5984 1528/2335/5985
f 1501/2336/5986 2017/2337/5987 1494/2338/5988 1502/2339/5989
f 1502/2339/5990 1494/2338/5991 2015/2316/5992 807/2319/5993
f 1533/2340/5994 1495/2341/5995 2017/2337/5996 1501/2336/5997
f 1498/2342/5998 1496/2343/5999 1495/2341/6000 1533/2340/6001
f 2028/2344/6002 1496/2343/6003 1498/2342/6004 2020/2345/6005
f 1503/2346/6006 804/2347/6007 901/2348/6008 1532/2349/6009
f 804/2347/6010 1497/2350/6011 1530/2351/6012 901/2348/6013
f 1530/2351/6014 1497/2350/6015 2026/2352/6016 2020/2345/6017
f 2023/2324/6018 806/2353/6019 2019/2354/6020 1525/2325/6021
f 2019/2354/6022 1509/2355/6023 1499/2323/6024 1525/2325/6025
f 1509/2355/6026 1500/2356/6027 1535/2320/6028 1499/2323/6029
f 2027/2357/6030 2021/2358/6031 1504/2359/6032 1505/2360/6033
f 2022/2361/6034 1503/2346/6035 1532/2349/6036 2018/2362/6037
f 2020/2345/6038 2026/2352/6039 2028/2344/6040
f 1505/2360/6041 1504/2359/6042 2018/2362/6043 902/2363/6044
f 1522/2251/6045 1515/2364/6046 900/2273/6047
f 1504/2359/6048 2021/2358/6049 2022/2361/6050 2018/2362/6051
f 810/2333/6052 2025/2365/6053 1516/2366/6054 1528/2335/6055
f 1528/2335/6056 1516/2366/6057 805/2367/6058 2029/2311/6059
f 2030/2329/6060 2024/2368/6061 1517/2369/6062 1523/2332/6063
f 1523/2332/6064 1517/2369/6065 2025/2365/6066 810/2333/6067
f 805/2367/6068 1518/2370/6069 1526/2308/6070 2029/2311/6071
f 1526/2308/6072 1518/2370/6073 801/2371/6074 809/2309/6075
f 809/2309/6076 801/2371/6077 1519/2372/6078 1527/2314/6079
f 1527/2314/6080 1519/2372/6081 802/2373/6082 808/2315/6083
f 1529/2318/6084 1520/2374/6085 803/2375/6086 807/2319/6087
f 808/2315/6088 802/2373/6089 1520/2374/6090 1529/2318/6091
f 1513/2376/6092 1521/2377/6093 1501/2336/6094 1502/2339/6095
f 803/2375/6096 1513/2376/6097 1502/2339/6098 807/2319/6099
f 1521/2377/6100 1514/2378/6101 1533/2340/6102 1501/2336/6103
f 1514/2378/6104 1515/2364/6105 1498/2342/6106 1533/2340/6107
f 1498/2342/6108 1515/2364/6109 1522/2251/6110 2020/2345/6111
f 1500/2356/6112 1524/2379/6113 1534/2328/6114 1535/2320/6115
f 1534/2328/6116 1524/2379/6117 2024/2368/6118 2030/2329/6119
f 1522/2251/6120 1484/2253/6121 1530/2351/6122 2020/2345/6123
f 1530/2351/6124 1484/2253/6125 1485/2252/6126 901/2348/6127
f 901/2348/6128 1485/2252/6129 1486/2245/6130 1532/2349/6131
f 2018/2362/6132 1531/2247/6133 1483/2266/6134 902/2363/6135
f 1532/2349/6136 1486/2245/6137 1531/2247/6138 2018/2362/6139
